Mode: chained; duration: 120.0s; speed: 150
Phase 1: forward 17 cm for 2.10s, then right 90 degrees for 2.68s
Circle mode: after 25.6s on P1110/P1111, or both within 1.0s, turn right about 42.5 degrees; auto-trace inside; sustained P1001 (0.1s) enters exit mode: drive 5 cm and turn right 50 degrees
Operator beside car, chassis secured, power ready to cut? (yes/no) Phase 1 starting: forward 17 cm
Phase 1 complete: turning right 90 degrees
Phase 2 starting: auto-tracing
   5.4s P0010 -> L150 R150: centred or right drift; forward-only policy
   5.4s P0010 -> L150 R150: centred or right drift; forward-only policy
   5.4s P0010 -> L150 R150: centred or right drift; forward-only policy
   5.4s P0010 -> L150 R150: centred or right drift; forward-only policy
   5.4s P0010 -> L150 R150: centred or right drift; forward-only policy
   5.4s P0010 -> L150 R150: centred or right drift; forward-only policy
   5.5s P0110 -> L150 R150: centred or right drift; forward-only policy
   5.5s P0110 -> L150 R150: centred or right drift; forward-only policy
   5.5s P0110 -> L150 R150: centred or right drift; forward-only policy
   5.5s P0110 -> L150 R150: centred or right drift; forward-only policy
   5.5s P0110 -> L150 R150: centred or right drift; forward-only policy
   5.5s P0110 -> L150 R150: centred or right drift; forward-only policy
   5.5s P0110 -> L150 R150: centred or right drift; forward-only policy
   5.5s P0010 -> L150 R150: centred or right drift; forward-only policy
   5.5s P0010 -> L150 R150: centred or right drift; forward-only policy
   5.5s P0010 -> L150 R150: centred or right drift; forward-only policy
   5.6s P0010 -> L150 R150: centred or right drift; forward-only policy
   5.6s P0010 -> L150 R150: centred or right drift; forward-only policy
   5.6s P0010 -> L150 R150: centred or right drift; forward-only policy
   5.6s P0010 -> L150 R150: centred or right drift; forward-only policy
   5.6s P0010 -> L150 R150: centred or right drift; forward-only policy
   5.6s P0010 -> L150 R150: centred or right drift; forward-only policy
   5.6s P0010 -> L150 R150: centred or right drift; forward-only policy
   5.6s P0010 -> L150 R150: centred or right drift; forward-only policy
   5.6s P0010 -> L150 R150: centred or right drift; forward-only policy
   5.6s P0010 -> L150 R150: centred or right drift; forward-only policy
   5.7s P0010 -> L150 R150: centred or right drift; forward-only policy
   5.7s P0010 -> L150 R150: centred or right drift; forward-only policy
   5.7s P0010 -> L150 R150: centred or right drift; forward-only policy
   5.7s P0010 -> L150 R150: centred or right drift; forward-only policy
   5.7s P0010 -> L150 R150: centred or right drift; forward-only policy
   5.7s P0010 -> L150 R150: centred or right drift; forward-only policy
   5.7s P0010 -> L150 R150: centred or right drift; forward-only policy
   5.7s P0010 -> L150 R150: centred or right drift; forward-only policy
   5.7s P0010 -> L150 R150: centred or right drift; forward-only policy
   5.7s P0010 -> L150 R150: centred or right drift; forward-only policy
   5.8s P0010 -> L150 R150: centred or right drift; forward-only policy
   5.8s P0010 -> L150 R150: centred or right drift; forward-only policy
   5.8s P0010 -> L150 R150: centred or right drift; forward-only policy
   5.8s P0010 -> L150 R150: centred or right drift; forward-only policy
   5.8s P0010 -> L150 R150: centred or right drift; forward-only policy
   5.8s P0010 -> L150 R150: centred or right drift; forward-only policy
   5.8s P0010 -> L150 R150: centred or right drift; forward-only policy
   5.8s P0010 -> L150 R150: centred or right drift; forward-only policy
   5.8s P0010 -> L150 R150: centred or right drift; forward-only policy
   5.8s P0010 -> L150 R150: centred or right drift; forward-only policy
   5.9s P0010 -> L150 R150: centred or right drift; forward-only policy
   5.9s P0010 -> L150 R150: centred or right drift; forward-only policy
   5.9s P0010 -> L150 R150: centred or right drift; forward-only policy
   5.9s P0010 -> L150 R150: centred or right drift; forward-only policy
   5.9s P0010 -> L150 R150: centred or right drift; forward-only policy
   5.9s P0010 -> L150 R150: centred or right drift; forward-only policy
   5.9s P0010 -> L150 R150: centred or right drift; forward-only policy
   5.9s P0010 -> L150 R150: centred or right drift; forward-only policy
   5.9s P0010 -> L150 R150: centred or right drift; forward-only policy
   5.9s P0010 -> L150 R150: centred or right drift; forward-only policy
   6.0s P0010 -> L150 R150: centred or right drift; forward-only policy
   6.0s P0010 -> L150 R150: centred or right drift; forward-only policy
   6.0s P0010 -> L150 R150: centred or right drift; forward-only policy
   6.0s P0010 -> L150 R150: centred or right drift; forward-only policy
   6.0s P0010 -> L150 R150: centred or right drift; forward-only policy
   6.0s P0010 -> L150 R150: centred or right drift; forward-only policy
   6.0s P0010 -> L150 R150: centred or right drift; forward-only policy
   6.0s P0010 -> L150 R150: centred or right drift; forward-only policy
   6.0s P0010 -> L150 R150: centred or right drift; forward-only policy
   6.1s P0010 -> L150 R150: centred or right drift; forward-only policy
   6.1s P0010 -> L150 R150: centred or right drift; forward-only policy
   6.1s P0010 -> L150 R150: centred or right drift; forward-only policy
   6.1s P0010 -> L150 R150: centred or right drift; forward-only policy
   6.1s P0000 -> L150 R150: blind band or line lost; forward-only policy
   6.1s P0000 -> L150 R150: blind band or line lost; forward-only policy
   6.1s P0000 -> L150 R150: blind band or line lost; forward-only policy
   6.1s P0000 -> L150 R150: blind band or line lost; forward-only policy
   6.1s P0000 -> L150 R150: blind band or line lost; forward-only policy
   6.1s P0000 -> L150 R150: blind band or line lost; forward-only policy
   6.2s P0000 -> L150 R150: blind band or line lost; forward-only policy
   6.2s P0000 -> L150 R150: blind band or line lost; forward-only policy
   6.2s P0000 -> L150 R150: blind band or line lost; forward-only policy
   6.2s P0000 -> L150 R150: blind band or line lost; forward-only policy
   6.2s P0000 -> L150 R150: blind band or line lost; forward-only policy
   6.2s P0000 -> L150 R150: blind band or line lost; forward-only policy
   6.2s P0000 -> L150 R150: blind band or line lost; forward-only policy
   6.2s P0000 -> L150 R150: blind band or line lost; forward-only policy
   6.2s P0000 -> L150 R150: blind band or line lost; forward-only policy
   6.2s P0000 -> L150 R150: blind band or line lost; forward-only policy
   6.3s P0000 -> L150 R150: blind band or line lost; forward-only policy
   6.3s P0000 -> L150 R150: blind band or line lost; forward-only policy
   6.3s P0000 -> L150 R150: blind band or line lost; forward-only policy
   6.3s P0000 -> L150 R150: blind band or line lost; forward-only policy
   6.3s P0000 -> L150 R150: blind band or line lost; forward-only policy
   6.3s P0000 -> L150 R150: blind band or line lost; forward-only policy
   6.3s P0000 -> L150 R150: blind band or line lost; forward-only policy
   6.3s P0000 -> L150 R150: blind band or line lost; forward-only policy
   6.3s P0000 -> L150 R150: blind band or line lost; forward-only policy
   6.3s P0000 -> L150 R150: blind band or line lost; forward-only policy
   6.4s P0000 -> L150 R150: blind band or line lost; forward-only policy
   6.4s P0000 -> L150 R150: blind band or line lost; forward-only policy
   6.4s P0000 -> L150 R150: blind band or line lost; forward-only policy
   6.4s P0000 -> L150 R150: blind band or line lost; forward-only policy
   6.4s P0000 -> L150 R150: blind band or line lost; forward-only policy
   6.4s P0000 -> L150 R150: blind band or line lost; forward-only policy
   6.4s P0000 -> L150 R150: blind band or line lost; forward-only policy
   6.4s P0000 -> L150 R150: blind band or line lost; forward-only policy
   6.4s P0000 -> L150 R150: blind band or line lost; forward-only policy
   6.4s P0000 -> L150 R150: blind band or line lost; forward-only policy
   6.5s P0000 -> L150 R150: blind band or line lost; forward-only policy
   6.5s P0000 -> L150 R150: blind band or line lost; forward-only policy
   6.5s P0000 -> L150 R150: blind band or line lost; forward-only policy
   6.5s P0000 -> L150 R150: blind band or line lost; forward-only policy
   6.5s P0000 -> L150 R150: blind band or line lost; forward-only policy
   6.5s P0000 -> L150 R150: blind band or line lost; forward-only policy
   6.5s P0001 -> L150 R150: centred or right drift; forward-only policy
   6.5s P0001 -> L150 R150: centred or right drift; forward-only policy
   6.5s P0001 -> L150 R150: centred or right drift; forward-only policy
   6.5s P0001 -> L150 R150: centred or right drift; forward-only policy
   6.6s P0001 -> L150 R150: centred or right drift; forward-only policy
   6.6s P0001 -> L150 R150: centred or right drift; forward-only policy
   6.6s P0001 -> L150 R150: centred or right drift; forward-only policy
   6.6s P0001 -> L150 R150: centred or right drift; forward-only policy
   6.6s P0001 -> L150 R150: centred or right drift; forward-only policy
   6.6s P0001 -> L150 R150: centred or right drift; forward-only policy
   6.6s P0001 -> L150 R150: centred or right drift; forward-only policy
   6.6s P0001 -> L150 R150: centred or right drift; forward-only policy
   6.6s P0001 -> L150 R150: centred or right drift; forward-only policy
   6.6s P0001 -> L150 R150: centred or right drift; forward-only policy
   6.7s P0001 -> L150 R150: centred or right drift; forward-only policy
   6.7s P0001 -> L150 R150: centred or right drift; forward-only policy
   6.7s P0001 -> L150 R150: centred or right drift; forward-only policy
   6.7s P0001 -> L150 R150: centred or right drift; forward-only policy
   6.7s P0001 -> L150 R150: centred or right drift; forward-only policy
   6.7s P0001 -> L150 R150: centred or right drift; forward-only policy
   6.7s P0001 -> L150 R150: centred or right drift; forward-only policy
   6.7s P0001 -> L150 R150: centred or right drift; forward-only policy
   6.7s P0001 -> L150 R150: centred or right drift; forward-only policy
   6.7s P0001 -> L150 R150: centred or right drift; forward-only policy
   6.8s P0001 -> L150 R150: centred or right drift; forward-only policy
   6.8s P0001 -> L150 R150: centred or right drift; forward-only policy
   6.8s P0001 -> L150 R150: centred or right drift; forward-only policy
   6.8s P0001 -> L150 R150: centred or right drift; forward-only policy
   6.8s P0001 -> L150 R150: centred or right drift; forward-only policy
   6.8s P0001 -> L150 R150: centred or right drift; forward-only policy
   6.8s P0001 -> L150 R150: centred or right drift; forward-only policy
   6.8s P0001 -> L150 R150: centred or right drift; forward-only policy
   6.8s P0001 -> L150 R150: centred or right drift; forward-only policy
   6.8s P0001 -> L150 R150: centred or right drift; forward-only policy
   6.9s P0001 -> L150 R150: centred or right drift; forward-only policy
   6.9s P0001 -> L150 R150: centred or right drift; forward-only policy
   6.9s P0001 -> L150 R150: centred or right drift; forward-only policy
   6.9s P0001 -> L150 R150: centred or right drift; forward-only policy
   6.9s P0001 -> L150 R150: centred or right drift; forward-only policy
   6.9s P0001 -> L150 R150: centred or right drift; forward-only policy
   6.9s P0001 -> L150 R150: centred or right drift; forward-only policy
   6.9s P0001 -> L150 R150: centred or right drift; forward-only policy
   6.9s P0001 -> L150 R150: centred or right drift; forward-only policy
   6.9s P0001 -> L150 R150: centred or right drift; forward-only policy
   7.0s P0001 -> L150 R150: centred or right drift; forward-only policy
   7.0s P0001 -> L150 R150: centred or right drift; forward-only policy
   7.0s P0001 -> L150 R150: centred or right drift; forward-only policy
   7.0s P0001 -> L150 R150: centred or right drift; forward-only policy
   7.0s P0001 -> L150 R150: centred or right drift; forward-only policy
   7.0s P0001 -> L150 R150: centred or right drift; forward-only policy
   7.0s P0001 -> L150 R150: centred or right drift; forward-only policy
   7.0s P0001 -> L150 R150: centred or right drift; forward-only policy
   7.0s P0001 -> L150 R150: centred or right drift; forward-only policy
   7.0s P0000 -> L150 R150: blind band or line lost; forward-only policy
   7.1s P0000 -> L150 R150: blind band or line lost; forward-only policy
   7.1s P0000 -> L150 R150: blind band or line lost; forward-only policy
   7.1s P0000 -> L150 R150: blind band or line lost; forward-only policy
   7.1s P0000 -> L150 R150: blind band or line lost; forward-only policy
   7.1s P0000 -> L150 R150: blind band or line lost; forward-only policy
   7.1s P0000 -> L150 R150: blind band or line lost; forward-only policy
   7.1s P0000 -> L150 R150: blind band or line lost; forward-only policy
   7.1s P0000 -> L150 R150: blind band or line lost; forward-only policy
   7.1s P0000 -> L150 R150: blind band or line lost; forward-only policy
   7.1s P0000 -> L150 R150: blind band or line lost; forward-only policy
   7.2s P0000 -> L150 R150: blind band or line lost; forward-only policy
   7.2s P0000 -> L150 R150: blind band or line lost; forward-only policy
   7.2s P0010 -> L150 R150: centred or right drift; forward-only policy
   7.2s P0010 -> L150 R150: centred or right drift; forward-only policy
   7.2s P0010 -> L150 R150: centred or right drift; forward-only policy
   7.2s P0010 -> L150 R150: centred or right drift; forward-only policy
   7.2s P0010 -> L150 R150: centred or right drift; forward-only policy
   7.2s P0010 -> L150 R150: centred or right drift; forward-only policy
   7.2s P0010 -> L150 R150: centred or right drift; forward-only policy
   7.2s P0010 -> L150 R150: centred or right drift; forward-only policy
   7.3s P0010 -> L150 R150: centred or right drift; forward-only policy
   7.3s P0010 -> L150 R150: centred or right drift; forward-only policy
   7.3s P0110 -> L150 R150: centred or right drift; forward-only policy
   7.3s P0110 -> L150 R150: centred or right drift; forward-only policy
   7.3s P0110 -> L150 R150: centred or right drift; forward-only policy
   7.3s P0110 -> L150 R150: centred or right drift; forward-only policy
   7.3s P0110 -> L150 R150: centred or right drift; forward-only policy
   7.3s P0110 -> L150 R150: centred or right drift; forward-only policy
   7.3s P0110 -> L150 R150: centred or right drift; forward-only policy
   7.3s P0110 -> L150 R150: centred or right drift; forward-only policy
   7.4s P0110 -> L150 R150: centred or right drift; forward-only policy
   7.4s P0110 -> L150 R150: centred or right drift; forward-only policy
   7.4s P0110 -> L150 R150: centred or right drift; forward-only policy
   7.4s P0110 -> L150 R150: centred or right drift; forward-only policy
   7.4s P0110 -> L150 R150: centred or right drift; forward-only policy
   7.4s P0110 -> L150 R150: centred or right drift; forward-only policy
   7.4s P0110 -> L150 R150: centred or right drift; forward-only policy
   7.4s P0110 -> L150 R150: centred or right drift; forward-only policy
   7.4s P0110 -> L150 R150: centred or right drift; forward-only policy
   7.4s P0110 -> L150 R150: centred or right drift; forward-only policy
   7.5s P0110 -> L150 R150: centred or right drift; forward-only policy
   7.5s P0110 -> L150 R150: centred or right drift; forward-only policy
   7.5s P0110 -> L150 R150: centred or right drift; forward-only policy
   7.5s P0110 -> L150 R150: centred or right drift; forward-only policy
   7.5s P0110 -> L150 R150: centred or right drift; forward-only policy
   7.5s P0110 -> L150 R150: centred or right drift; forward-only policy
   7.5s P0110 -> L150 R150: centred or right drift; forward-only policy
   7.5s P0110 -> L150 R150: centred or right drift; forward-only policy
   7.5s P0110 -> L150 R150: centred or right drift; forward-only policy
   7.5s P0110 -> L150 R150: centred or right drift; forward-only policy
   7.6s P0110 -> L150 R150: centred or right drift; forward-only policy
   7.6s P0110 -> L150 R150: centred or right drift; forward-only policy
   7.6s P0100 -> L0 R150: drifting left, slight; left correction
   7.6s P0100 -> L0 R150: drifting left, slight; left correction
   7.6s P0100 -> L0 R150: drifting left, slight; left correction
   7.6s P0100 -> L0 R150: drifting left, slight; left correction
   7.6s P0100 -> L0 R150: drifting left, slight; left correction
   7.6s P0100 -> L0 R150: drifting left, slight; left correction
   7.6s P0100 -> L0 R150: drifting left, slight; left correction
   7.6s P1100 -> L0 R150: left pair, needs >2.8cm of black; stronger left curve correction
   7.7s P1000 -> L-150 R150: far left, outer sensor only; hard left; left correction
   7.7s P1000 -> L-150 R150: far left, outer sensor only; hard left; left correction
   7.7s P1000 -> L-150 R150: far left, outer sensor only; hard left; left correction
   7.7s P1000 -> L-150 R150: far left, outer sensor only; hard left; left correction
   7.7s P1000 -> L-150 R150: far left, outer sensor only; hard left; left correction
   7.7s P1000 -> L-150 R150: far left, outer sensor only; hard left; left correction
   7.7s P1000 -> L-150 R150: far left, outer sensor only; hard left; left correction
   7.7s P1000 -> L-150 R150: far left, outer sensor only; hard left; left correction
   7.7s P1000 -> L-150 R150: far left, outer sensor only; hard left; left correction
   7.8s P1000 -> L-150 R150: far left, outer sensor only; hard left; left correction
   7.8s P1000 -> L-150 R150: far left, outer sensor only; hard left; left correction
   7.8s P1000 -> L-150 R150: far left, outer sensor only; hard left; left correction
   7.8s P1000 -> L-150 R150: far left, outer sensor only; hard left; left correction
   7.8s P1100 -> L0 R150: left pair, needs >2.8cm of black; stronger left curve correction
   7.8s P1100 -> L0 R150: left pair, needs >2.8cm of black; stronger left curve correction
   7.8s P1100 -> L0 R150: left pair, needs >2.8cm of black; stronger left curve correction
   7.8s P1100 -> L0 R150: left pair, needs >2.8cm of black; stronger left curve correction
   7.8s P1100 -> L0 R150: left pair, needs >2.8cm of black; stronger left curve correction
   7.8s P1100 -> L0 R150: left pair, needs >2.8cm of black; stronger left curve correction
   7.9s P1100 -> L0 R150: left pair, needs >2.8cm of black; stronger left curve correction
   7.9s P1000 -> L-150 R150: far left, outer sensor only; hard left; left correction
   7.9s P1000 -> L-150 R150: far left, outer sensor only; hard left; left correction
   7.9s P1000 -> L-150 R150: far left, outer sensor only; hard left; left correction
   7.9s P1000 -> L-150 R150: far left, outer sensor only; hard left; left correction
   7.9s P1000 -> L-150 R150: far left, outer sensor only; hard left; left correction
   7.9s P1000 -> L-150 R150: far left, outer sensor only; hard left; left correction
   7.9s P1000 -> L-150 R150: far left, outer sensor only; hard left; left correction
   7.9s P1000 -> L-150 R150: far left, outer sensor only; hard left; left correction
   7.9s P1000 -> L-150 R150: far left, outer sensor only; hard left; left correction
   8.0s P1000 -> L-150 R150: far left, outer sensor only; hard left; left correction
   8.0s P1000 -> L-150 R150: far left, outer sensor only; hard left; left correction
   8.0s P1000 -> L-150 R150: far left, outer sensor only; hard left; left correction
   8.0s P1000 -> L-150 R150: far left, outer sensor only; hard left; left correction
   8.0s P1000 -> L-150 R150: far left, outer sensor only; hard left; left correction
   8.0s P1000 -> L-150 R150: far left, outer sensor only; hard left; left correction
   8.0s P1100 -> L0 R150: left pair, needs >2.8cm of black; stronger left curve correction
   8.0s P1100 -> L0 R150: left pair, needs >2.8cm of black; stronger left curve correction
   8.0s P1100 -> L0 R150: left pair, needs >2.8cm of black; stronger left curve correction
   8.0s P1100 -> L0 R150: left pair, needs >2.8cm of black; stronger left curve correction
   8.1s P1100 -> L0 R150: left pair, needs >2.8cm of black; stronger left curve correction
   8.1s P1100 -> L0 R150: left pair, needs >2.8cm of black; stronger left curve correction
   8.1s P1100 -> L0 R150: left pair, needs >2.8cm of black; stronger left curve correction
   8.1s P1000 -> L-150 R150: far left, outer sensor only; hard left; left correction
   8.1s P1000 -> L-150 R150: far left, outer sensor only; hard left; left correction
   8.1s P1000 -> L-150 R150: far left, outer sensor only; hard left; left correction
   8.1s P1000 -> L-150 R150: far left, outer sensor only; hard left; left correction
   8.1s P1000 -> L-150 R150: far left, outer sensor only; hard left; left correction
   8.1s P1000 -> L-150 R150: far left, outer sensor only; hard left; left correction
   8.1s P1000 -> L-150 R150: far left, outer sensor only; hard left; left correction
   8.2s P1000 -> L-150 R150: far left, outer sensor only; hard left; left correction
   8.2s P1000 -> L-150 R150: far left, outer sensor only; hard left; left correction
   8.2s P1000 -> L-150 R150: far left, outer sensor only; hard left; left correction
   8.2s P1000 -> L-150 R150: far left, outer sensor only; hard left; left correction
   8.2s P1000 -> L-150 R150: far left, outer sensor only; hard left; left correction
   8.2s P1000 -> L-150 R150: far left, outer sensor only; hard left; left correction
   8.2s P1000 -> L-150 R150: far left, outer sensor only; hard left; left correction
   8.2s P1000 -> L-150 R150: far left, outer sensor only; hard left; left correction
   8.2s P1000 -> L-150 R150: far left, outer sensor only; hard left; left correction
   8.2s P1000 -> L-150 R150: far left, outer sensor only; hard left; left correction
   8.3s P1000 -> L-150 R150: far left, outer sensor only; hard left; left correction
   8.3s P1000 -> L-150 R150: far left, outer sensor only; hard left; left correction
   8.3s P1000 -> L-150 R150: far left, outer sensor only; hard left; left correction
   8.3s P1000 -> L-150 R150: far left, outer sensor only; hard left; left correction
   8.3s P1000 -> L-150 R150: far left, outer sensor only; hard left; left correction
   8.3s P1000 -> L-150 R150: far left, outer sensor only; hard left; left correction
   8.3s P1000 -> L-150 R150: far left, outer sensor only; hard left; left correction
   8.3s P1000 -> L-150 R150: far left, outer sensor only; hard left; left correction
   8.3s P1000 -> L-150 R150: far left, outer sensor only; hard left; left correction
   8.3s P1000 -> L-150 R150: far left, outer sensor only; hard left; left correction
   8.4s P1000 -> L-150 R150: far left, outer sensor only; hard left; left correction
   8.4s P1000 -> L-150 R150: far left, outer sensor only; hard left; left correction
   8.4s P1000 -> L-150 R150: far left, outer sensor only; hard left; left correction
   8.4s P1000 -> L-150 R150: far left, outer sensor only; hard left; left correction
   8.4s P1000 -> L-150 R150: far left, outer sensor only; hard left; left correction
   8.4s P1000 -> L-150 R150: far left, outer sensor only; hard left; left correction
   8.4s P1000 -> L-150 R150: far left, outer sensor only; hard left; left correction
   8.4s P1000 -> L-150 R150: far left, outer sensor only; hard left; left correction
   8.4s P1000 -> L-150 R150: far left, outer sensor only; hard left; left correction
   8.4s P1000 -> L-150 R150: far left, outer sensor only; hard left; left correction
   8.5s P1000 -> L-150 R150: far left, outer sensor only; hard left; left correction
   8.5s P1000 -> L-150 R150: far left, outer sensor only; hard left; left correction
   8.5s P1000 -> L-150 R150: far left, outer sensor only; hard left; left correction
   8.5s P1000 -> L-150 R150: far left, outer sensor only; hard left; left correction
   8.5s P1000 -> L-150 R150: far left, outer sensor only; hard left; left correction
   8.5s P1000 -> L-150 R150: far left, outer sensor only; hard left; left correction
   8.5s P1000 -> L-150 R150: far left, outer sensor only; hard left; left correction
   8.5s P1000 -> L-150 R150: far left, outer sensor only; hard left; left correction
   8.5s P1000 -> L-150 R150: far left, outer sensor only; hard left; left correction
   8.5s P1000 -> L-150 R150: far left, outer sensor only; hard left; left correction
   8.6s P1000 -> L-150 R150: far left, outer sensor only; hard left; left correction
   8.6s P1000 -> L-150 R150: far left, outer sensor only; hard left; left correction
   8.6s P1000 -> L-150 R150: far left, outer sensor only; hard left; left correction
   8.6s P1000 -> L-150 R150: far left, outer sensor only; hard left; left correction
   8.6s P1000 -> L-150 R150: far left, outer sensor only; hard left; left correction
   8.6s P1000 -> L-150 R150: far left, outer sensor only; hard left; left correction
   8.6s P1000 -> L-150 R150: far left, outer sensor only; hard left; left correction
   8.6s P1000 -> L-150 R150: far left, outer sensor only; hard left; left correction
   8.6s P1000 -> L-150 R150: far left, outer sensor only; hard left; left correction
   8.6s P1000 -> L-150 R150: far left, outer sensor only; hard left; left correction
   8.7s P1000 -> L-150 R150: far left, outer sensor only; hard left; left correction
   8.7s P1000 -> L-150 R150: far left, outer sensor only; hard left; left correction
   8.7s P1100 -> L0 R150: left pair, needs >2.8cm of black; stronger left curve correction
   8.7s P1100 -> L0 R150: left pair, needs >2.8cm of black; stronger left curve correction
   8.7s P1100 -> L0 R150: left pair, needs >2.8cm of black; stronger left curve correction
   8.7s P1100 -> L0 R150: left pair, needs >2.8cm of black; stronger left curve correction
   8.7s P1100 -> L0 R150: left pair, needs >2.8cm of black; stronger left curve correction
   8.7s P1100 -> L0 R150: left pair, needs >2.8cm of black; stronger left curve correction
   8.7s P1100 -> L0 R150: left pair, needs >2.8cm of black; stronger left curve correction
   8.7s P1100 -> L0 R150: left pair, needs >2.8cm of black; stronger left curve correction
   8.8s P1100 -> L0 R150: left pair, needs >2.8cm of black; stronger left curve correction
   8.8s P1100 -> L0 R150: left pair, needs >2.8cm of black; stronger left curve correction
   8.8s P1100 -> L0 R150: left pair, needs >2.8cm of black; stronger left curve correction
   8.8s P1100 -> L0 R150: left pair, needs >2.8cm of black; stronger left curve correction
   8.8s P1000 -> L-150 R150: far left, outer sensor only; hard left; left correction
   8.8s P1000 -> L-150 R150: far left, outer sensor only; hard left; left correction
   8.8s P1000 -> L-150 R150: far left, outer sensor only; hard left; left correction
   8.8s P1000 -> L-150 R150: far left, outer sensor only; hard left; left correction
   8.8s P1000 -> L-150 R150: far left, outer sensor only; hard left; left correction
   8.8s P1000 -> L-150 R150: far left, outer sensor only; hard left; left correction
   8.9s P1000 -> L-150 R150: far left, outer sensor only; hard left; left correction
   8.9s P1000 -> L-150 R150: far left, outer sensor only; hard left; left correction
   8.9s P1000 -> L-150 R150: far left, outer sensor only; hard left; left correction
   8.9s P1000 -> L-150 R150: far left, outer sensor only; hard left; left correction
   8.9s P1000 -> L-150 R150: far left, outer sensor only; hard left; left correction
   8.9s P1000 -> L-150 R150: far left, outer sensor only; hard left; left correction
   8.9s P1000 -> L-150 R150: far left, outer sensor only; hard left; left correction
   8.9s P1000 -> L-150 R150: far left, outer sensor only; hard left; left correction
   8.9s P1000 -> L-150 R150: far left, outer sensor only; hard left; left correction
   8.9s P1000 -> L-150 R150: far left, outer sensor only; hard left; left correction
   9.0s P1000 -> L-150 R150: far left, outer sensor only; hard left; left correction
   9.0s P1000 -> L-150 R150: far left, outer sensor only; hard left; left correction
   9.0s P1100 -> L0 R150: left pair, needs >2.8cm of black; stronger left curve correction
   9.0s P1100 -> L0 R150: left pair, needs >2.8cm of black; stronger left curve correction
   9.0s P1100 -> L0 R150: left pair, needs >2.8cm of black; stronger left curve correction
   9.0s P1100 -> L0 R150: left pair, needs >2.8cm of black; stronger left curve correction
   9.0s P1100 -> L0 R150: left pair, needs >2.8cm of black; stronger left curve correction
   9.0s P1100 -> L0 R150: left pair, needs >2.8cm of black; stronger left curve correction
   9.0s P1100 -> L0 R150: left pair, needs >2.8cm of black; stronger left curve correction
   9.0s P1100 -> L0 R150: left pair, needs >2.8cm of black; stronger left curve correction
   9.1s P1100 -> L0 R150: left pair, needs >2.8cm of black; stronger left curve correction
   9.1s P1100 -> L0 R150: left pair, needs >2.8cm of black; stronger left curve correction
   9.1s P1000 -> L-150 R150: far left, outer sensor only; hard left; left correction
   9.1s P1000 -> L-150 R150: far left, outer sensor only; hard left; left correction
   9.1s P1000 -> L-150 R150: far left, outer sensor only; hard left; left correction
   9.1s P1000 -> L-150 R150: far left, outer sensor only; hard left; left correction
   9.1s P1000 -> L-150 R150: far left, outer sensor only; hard left; left correction
   9.1s P1000 -> L-150 R150: far left, outer sensor only; hard left; left correction
   9.1s P1000 -> L-150 R150: far left, outer sensor only; hard left; left correction
   9.1s P1000 -> L-150 R150: far left, outer sensor only; hard left; left correction
   9.2s P1000 -> L-150 R150: far left, outer sensor only; hard left; left correction
   9.2s P1000 -> L-150 R150: far left, outer sensor only; hard left; left correction
   9.2s P1000 -> L-150 R150: far left, outer sensor only; hard left; left correction
   9.2s P1000 -> L-150 R150: far left, outer sensor only; hard left; left correction
   9.2s P1000 -> L-150 R150: far left, outer sensor only; hard left; left correction
   9.2s P1000 -> L-150 R150: far left, outer sensor only; hard left; left correction
   9.2s P1000 -> L-150 R150: far left, outer sensor only; hard left; left correction
   9.2s P1000 -> L-150 R150: far left, outer sensor only; hard left; left correction
   9.2s P1000 -> L-150 R150: far left, outer sensor only; hard left; left correction
   9.2s P1100 -> L0 R150: left pair, needs >2.8cm of black; stronger left curve correction
   9.3s P1100 -> L0 R150: left pair, needs >2.8cm of black; stronger left curve correction
   9.3s P1100 -> L0 R150: left pair, needs >2.8cm of black; stronger left curve correction
   9.3s P1100 -> L0 R150: left pair, needs >2.8cm of black; stronger left curve correction
   9.3s P1100 -> L0 R150: left pair, needs >2.8cm of black; stronger left curve correction
   9.3s P1100 -> L0 R150: left pair, needs >2.8cm of black; stronger left curve correction
   9.3s P1100 -> L0 R150: left pair, needs >2.8cm of black; stronger left curve correction
   9.3s P1100 -> L0 R150: left pair, needs >2.8cm of black; stronger left curve correction
   9.3s P1100 -> L0 R150: left pair, needs >2.8cm of black; stronger left curve correction
   9.3s P1000 -> L-150 R150: far left, outer sensor only; hard left; left correction
   9.3s P1000 -> L-150 R150: far left, outer sensor only; hard left; left correction
   9.4s P1000 -> L-150 R150: far left, outer sensor only; hard left; left correction
   9.4s P1000 -> L-150 R150: far left, outer sensor only; hard left; left correction
   9.4s P1000 -> L-150 R150: far left, outer sensor only; hard left; left correction
   9.4s P1000 -> L-150 R150: far left, outer sensor only; hard left; left correction
   9.4s P1000 -> L-150 R150: far left, outer sensor only; hard left; left correction
   9.4s P1000 -> L-150 R150: far left, outer sensor only; hard left; left correction
   9.4s P1000 -> L-150 R150: far left, outer sensor only; hard left; left correction
   9.4s P1000 -> L-150 R150: far left, outer sensor only; hard left; left correction
   9.4s P1000 -> L-150 R150: far left, outer sensor only; hard left; left correction
   9.4s P1000 -> L-150 R150: far left, outer sensor only; hard left; left correction
   9.5s P1000 -> L-150 R150: far left, outer sensor only; hard left; left correction
   9.5s P1000 -> L-150 R150: far left, outer sensor only; hard left; left correction
   9.5s P1100 -> L0 R150: left pair, needs >2.8cm of black; stronger left curve correction
   9.5s P1100 -> L0 R150: left pair, needs >2.8cm of black; stronger left curve correction
   9.5s P1100 -> L0 R150: left pair, needs >2.8cm of black; stronger left curve correction
   9.5s P1100 -> L0 R150: left pair, needs >2.8cm of black; stronger left curve correction
   9.5s P1100 -> L0 R150: left pair, needs >2.8cm of black; stronger left curve correction
   9.5s P1100 -> L0 R150: left pair, needs >2.8cm of black; stronger left curve correction
   9.5s P1100 -> L0 R150: left pair, needs >2.8cm of black; stronger left curve correction
   9.6s P1100 -> L0 R150: left pair, needs >2.8cm of black; stronger left curve correction
   9.6s P1100 -> L0 R150: left pair, needs >2.8cm of black; stronger left curve correction
   9.6s P1100 -> L0 R150: left pair, needs >2.8cm of black; stronger left curve correction
   9.6s P1100 -> L0 R150: left pair, needs >2.8cm of black; stronger left curve correction
   9.6s P0000 -> L150 R150: blind band or line lost; forward-only policy
   9.6s P0000 -> L150 R150: blind band or line lost; forward-only policy
   9.6s P0000 -> L150 R150: blind band or line lost; forward-only policy
   9.6s P0000 -> L150 R150: blind band or line lost; forward-only policy
   9.6s P0000 -> L150 R150: blind band or line lost; forward-only policy
   9.6s P0000 -> L150 R150: blind band or line lost; forward-only policy
   9.7s P0000 -> L150 R150: blind band or line lost; forward-only policy
   9.7s P0000 -> L150 R150: blind band or line lost; forward-only policy
   9.7s P0000 -> L150 R150: blind band or line lost; forward-only policy
   9.7s P0000 -> L150 R150: blind band or line lost; forward-only policy
   9.7s P0000 -> L150 R150: blind band or line lost; forward-only policy
   9.7s P0000 -> L150 R150: blind band or line lost; forward-only policy
   9.7s P0000 -> L150 R150: blind band or line lost; forward-only policy
   9.7s P0000 -> L150 R150: blind band or line lost; forward-only policy
   9.7s P0000 -> L150 R150: blind band or line lost; forward-only policy
   9.7s P0000 -> L150 R150: blind band or line lost; forward-only policy
   9.8s P0000 -> L150 R150: blind band or line lost; forward-only policy
   9.8s P0000 -> L150 R150: blind band or line lost; forward-only policy
   9.8s P0000 -> L150 R150: blind band or line lost; forward-only policy
   9.8s P0000 -> L150 R150: blind band or line lost; forward-only policy
   9.8s P0000 -> L150 R150: blind band or line lost; forward-only policy
   9.8s P0000 -> L150 R150: blind band or line lost; forward-only policy
   9.8s P0000 -> L150 R150: blind band or line lost; forward-only policy
   9.8s P0000 -> L150 R150: blind band or line lost; forward-only policy
   9.8s P0000 -> L150 R150: blind band or line lost; forward-only policy
   9.8s P1000 -> L-150 R150: far left, outer sensor only; hard left; left correction
   9.9s P1000 -> L-150 R150: far left, outer sensor only; hard left; left correction
   9.9s P1000 -> L-150 R150: far left, outer sensor only; hard left; left correction
   9.9s P1000 -> L-150 R150: far left, outer sensor only; hard left; left correction
   9.9s P1000 -> L-150 R150: far left, outer sensor only; hard left; left correction
   9.9s P1000 -> L-150 R150: far left, outer sensor only; hard left; left correction
   9.9s P1000 -> L-150 R150: far left, outer sensor only; hard left; left correction
   9.9s P1000 -> L-150 R150: far left, outer sensor only; hard left; left correction
   9.9s P1000 -> L-150 R150: far left, outer sensor only; hard left; left correction
   9.9s P1000 -> L-150 R150: far left, outer sensor only; hard left; left correction
   9.9s P1000 -> L-150 R150: far left, outer sensor only; hard left; left correction
  10.0s P1000 -> L-150 R150: far left, outer sensor only; hard left; left correction
  10.0s P1000 -> L-150 R150: far left, outer sensor only; hard left; left correction
  10.0s P1000 -> L-150 R150: far left, outer sensor only; hard left; left correction
  10.0s P1000 -> L-150 R150: far left, outer sensor only; hard left; left correction
  10.0s P1000 -> L-150 R150: far left, outer sensor only; hard left; left correction
  10.0s P1000 -> L-150 R150: far left, outer sensor only; hard left; left correction
  10.0s P1000 -> L-150 R150: far left, outer sensor only; hard left; left correction
  10.0s P1000 -> L-150 R150: far left, outer sensor only; hard left; left correction
  10.0s P1000 -> L-150 R150: far left, outer sensor only; hard left; left correction
  10.0s P1000 -> L-150 R150: far left, outer sensor only; hard left; left correction
  10.1s P1000 -> L-150 R150: far left, outer sensor only; hard left; left correction
  10.1s P1000 -> L-150 R150: far left, outer sensor only; hard left; left correction
  10.1s P1000 -> L-150 R150: far left, outer sensor only; hard left; left correction
  10.1s P0000 -> L150 R150: blind band or line lost; forward-only policy
  10.1s P0000 -> L150 R150: blind band or line lost; forward-only policy
  10.1s P0000 -> L150 R150: blind band or line lost; forward-only policy
  10.1s P0000 -> L150 R150: blind band or line lost; forward-only policy
  10.1s P0000 -> L150 R150: blind band or line lost; forward-only policy
  10.1s P0000 -> L150 R150: blind band or line lost; forward-only policy
  10.1s P0000 -> L150 R150: blind band or line lost; forward-only policy
  10.2s P0000 -> L150 R150: blind band or line lost; forward-only policy
  10.2s P0000 -> L150 R150: blind band or line lost; forward-only policy
  10.2s P0000 -> L150 R150: blind band or line lost; forward-only policy
  10.2s P0000 -> L150 R150: blind band or line lost; forward-only policy
  10.2s P0000 -> L150 R150: blind band or line lost; forward-only policy
  10.2s P0000 -> L150 R150: blind band or line lost; forward-only policy
  10.2s P0000 -> L150 R150: blind band or line lost; forward-only policy
  10.2s P0000 -> L150 R150: blind band or line lost; forward-only policy
  10.2s P0000 -> L150 R150: blind band or line lost; forward-only policy
  10.2s P0000 -> L150 R150: blind band or line lost; forward-only policy
  10.3s P0000 -> L150 R150: blind band or line lost; forward-only policy
  10.3s P0000 -> L150 R150: blind band or line lost; forward-only policy
  10.3s P0000 -> L150 R150: blind band or line lost; forward-only policy
  10.3s P0000 -> L150 R150: blind band or line lost; forward-only policy
  10.3s P0000 -> L150 R150: blind band or line lost; forward-only policy
  10.3s P0000 -> L150 R150: blind band or line lost; forward-only policy
  10.3s P0000 -> L150 R150: blind band or line lost; forward-only policy
  10.3s P0000 -> L150 R150: blind band or line lost; forward-only policy
  10.3s P0000 -> L150 R150: blind band or line lost; forward-only policy
  10.3s P0000 -> L150 R150: blind band or line lost; forward-only policy
  10.4s P0000 -> L150 R150: blind band or line lost; forward-only policy
  10.4s P0000 -> L150 R150: blind band or line lost; forward-only policy
  10.4s P0000 -> L150 R150: blind band or line lost; forward-only policy
  10.4s P0000 -> L150 R150: blind band or line lost; forward-only policy
  10.4s P0000 -> L150 R150: blind band or line lost; forward-only policy
  10.4s P0000 -> L150 R150: blind band or line lost; forward-only policy
  10.4s P0000 -> L150 R150: blind band or line lost; forward-only policy
  10.4s P1000 -> L-150 R150: far left, outer sensor only; hard left; left correction
  10.4s P1000 -> L-150 R150: far left, outer sensor only; hard left; left correction
  10.4s P1000 -> L-150 R150: far left, outer sensor only; hard left; left correction
  10.5s P1000 -> L-150 R150: far left, outer sensor only; hard left; left correction
  10.5s P1000 -> L-150 R150: far left, outer sensor only; hard left; left correction
  10.5s P1000 -> L-150 R150: far left, outer sensor only; hard left; left correction
  10.5s P1000 -> L-150 R150: far left, outer sensor only; hard left; left correction
  10.5s P1000 -> L-150 R150: far left, outer sensor only; hard left; left correction
  10.5s P1000 -> L-150 R150: far left, outer sensor only; hard left; left correction
  10.5s P1000 -> L-150 R150: far left, outer sensor only; hard left; left correction
  10.5s P1000 -> L-150 R150: far left, outer sensor only; hard left; left correction
  10.5s P1000 -> L-150 R150: far left, outer sensor only; hard left; left correction
  10.5s P1000 -> L-150 R150: far left, outer sensor only; hard left; left correction
  10.6s P1000 -> L-150 R150: far left, outer sensor only; hard left; left correction
  10.6s P1000 -> L-150 R150: far left, outer sensor only; hard left; left correction
  10.6s P1000 -> L-150 R150: far left, outer sensor only; hard left; left correction
  10.6s P1000 -> L-150 R150: far left, outer sensor only; hard left; left correction
  10.6s P1000 -> L-150 R150: far left, outer sensor only; hard left; left correction
  10.6s P1000 -> L-150 R150: far left, outer sensor only; hard left; left correction
  10.6s P1000 -> L-150 R150: far left, outer sensor only; hard left; left correction
  10.6s P0000 -> L150 R150: blind band or line lost; forward-only policy
  10.6s P0000 -> L150 R150: blind band or line lost; forward-only policy
  10.6s P0000 -> L150 R150: blind band or line lost; forward-only policy
  10.7s P0000 -> L150 R150: blind band or line lost; forward-only policy
  10.7s P0000 -> L150 R150: blind band or line lost; forward-only policy
  10.7s P0000 -> L150 R150: blind band or line lost; forward-only policy
  10.7s P0000 -> L150 R150: blind band or line lost; forward-only policy
  10.7s P0000 -> L150 R150: blind band or line lost; forward-only policy
  10.7s P0000 -> L150 R150: blind band or line lost; forward-only policy
  10.7s P0000 -> L150 R150: blind band or line lost; forward-only policy
  10.7s P0000 -> L150 R150: blind band or line lost; forward-only policy
  10.7s P0000 -> L150 R150: blind band or line lost; forward-only policy
  10.7s P0000 -> L150 R150: blind band or line lost; forward-only policy
  10.8s P0000 -> L150 R150: blind band or line lost; forward-only policy
  10.8s P0000 -> L150 R150: blind band or line lost; forward-only policy
  10.8s P0000 -> L150 R150: blind band or line lost; forward-only policy
  10.8s P0000 -> L150 R150: blind band or line lost; forward-only policy
  10.8s P0000 -> L150 R150: blind band or line lost; forward-only policy
  10.8s P0000 -> L150 R150: blind band or line lost; forward-only policy
  10.8s P0000 -> L150 R150: blind band or line lost; forward-only policy
  10.8s P0000 -> L150 R150: blind band or line lost; forward-only policy
  10.8s P0000 -> L150 R150: blind band or line lost; forward-only policy
  10.8s P0000 -> L150 R150: blind band or line lost; forward-only policy
  10.9s P0000 -> L150 R150: blind band or line lost; forward-only policy
  10.9s P0000 -> L150 R150: blind band or line lost; forward-only policy
  10.9s P0000 -> L150 R150: blind band or line lost; forward-only policy
  10.9s P0000 -> L150 R150: blind band or line lost; forward-only policy
  10.9s P0000 -> L150 R150: blind band or line lost; forward-only policy
  10.9s P0000 -> L150 R150: blind band or line lost; forward-only policy
  10.9s P0000 -> L150 R150: blind band or line lost; forward-only policy
  10.9s P0000 -> L150 R150: blind band or line lost; forward-only policy
  10.9s P0000 -> L150 R150: blind band or line lost; forward-only policy
  10.9s P0000 -> L150 R150: blind band or line lost; forward-only policy
  11.0s P0000 -> L150 R150: blind band or line lost; forward-only policy
  11.0s P0000 -> L150 R150: blind band or line lost; forward-only policy
  11.0s P0000 -> L150 R150: blind band or line lost; forward-only policy
  11.0s P0000 -> L150 R150: blind band or line lost; forward-only policy
  11.0s P0000 -> L150 R150: blind band or line lost; forward-only policy
  11.0s P0000 -> L150 R150: blind band or line lost; forward-only policy
  11.0s P0000 -> L150 R150: blind band or line lost; forward-only policy
  11.0s P0000 -> L150 R150: blind band or line lost; forward-only policy
  11.0s P0000 -> L150 R150: blind band or line lost; forward-only policy
  11.0s P0000 -> L150 R150: blind band or line lost; forward-only policy
  11.1s P0000 -> L150 R150: blind band or line lost; forward-only policy
  11.1s P0000 -> L150 R150: blind band or line lost; forward-only policy
  11.1s P1000 -> L-150 R150: far left, outer sensor only; hard left; left correction
  11.1s P1000 -> L-150 R150: far left, outer sensor only; hard left; left correction
  11.1s P1000 -> L-150 R150: far left, outer sensor only; hard left; left correction
  11.1s P1000 -> L-150 R150: far left, outer sensor only; hard left; left correction
  11.1s P1000 -> L-150 R150: far left, outer sensor only; hard left; left correction
  11.1s P1000 -> L-150 R150: far left, outer sensor only; hard left; left correction
  11.1s P1000 -> L-150 R150: far left, outer sensor only; hard left; left correction
  11.1s P1000 -> L-150 R150: far left, outer sensor only; hard left; left correction
  11.2s P1000 -> L-150 R150: far left, outer sensor only; hard left; left correction
  11.2s P1000 -> L-150 R150: far left, outer sensor only; hard left; left correction
  11.2s P1000 -> L-150 R150: far left, outer sensor only; hard left; left correction
  11.2s P1000 -> L-150 R150: far left, outer sensor only; hard left; left correction
  11.2s P1000 -> L-150 R150: far left, outer sensor only; hard left; left correction
  11.2s P1000 -> L-150 R150: far left, outer sensor only; hard left; left correction
  11.2s P1000 -> L-150 R150: far left, outer sensor only; hard left; left correction
  11.2s P1000 -> L-150 R150: far left, outer sensor only; hard left; left correction
  11.2s P1000 -> L-150 R150: far left, outer sensor only; hard left; left correction
  11.3s P1000 -> L-150 R150: far left, outer sensor only; hard left; left correction
  11.3s P1000 -> L-150 R150: far left, outer sensor only; hard left; left correction
  11.3s P1000 -> L-150 R150: far left, outer sensor only; hard left; left correction
  11.3s P1000 -> L-150 R150: far left, outer sensor only; hard left; left correction
  11.3s P0000 -> L150 R150: blind band or line lost; forward-only policy
  11.3s P0000 -> L150 R150: blind band or line lost; forward-only policy
  11.3s P0000 -> L150 R150: blind band or line lost; forward-only policy
  11.3s P0000 -> L150 R150: blind band or line lost; forward-only policy
  11.3s P0000 -> L150 R150: blind band or line lost; forward-only policy
  11.3s P0000 -> L150 R150: blind band or line lost; forward-only policy
  11.4s P0000 -> L150 R150: blind band or line lost; forward-only policy
  11.4s P0000 -> L150 R150: blind band or line lost; forward-only policy
  11.4s P0000 -> L150 R150: blind band or line lost; forward-only policy
  11.4s P0000 -> L150 R150: blind band or line lost; forward-only policy
  11.4s P0000 -> L150 R150: blind band or line lost; forward-only policy
  11.4s P0000 -> L150 R150: blind band or line lost; forward-only policy
  11.4s P0000 -> L150 R150: blind band or line lost; forward-only policy
  11.4s P0000 -> L150 R150: blind band or line lost; forward-only policy
  11.4s P0000 -> L150 R150: blind band or line lost; forward-only policy
  11.4s P0000 -> L150 R150: blind band or line lost; forward-only policy
  11.5s P0000 -> L150 R150: blind band or line lost; forward-only policy
  11.5s P0000 -> L150 R150: blind band or line lost; forward-only policy
  11.5s P0000 -> L150 R150: blind band or line lost; forward-only policy
  11.5s P0000 -> L150 R150: blind band or line lost; forward-only policy
  11.5s P0000 -> L150 R150: blind band or line lost; forward-only policy
  11.5s P0000 -> L150 R150: blind band or line lost; forward-only policy
  11.5s P0000 -> L150 R150: blind band or line lost; forward-only policy
  11.5s P0000 -> L150 R150: blind band or line lost; forward-only policy
  11.5s P0000 -> L150 R150: blind band or line lost; forward-only policy
  11.5s P0000 -> L150 R150: blind band or line lost; forward-only policy
  11.6s P0000 -> L150 R150: blind band or line lost; forward-only policy
  11.6s P0000 -> L150 R150: blind band or line lost; forward-only policy
  11.6s P0000 -> L150 R150: blind band or line lost; forward-only policy
  11.6s P0000 -> L150 R150: blind band or line lost; forward-only policy
  11.6s P0000 -> L150 R150: blind band or line lost; forward-only policy
  11.6s P0000 -> L150 R150: blind band or line lost; forward-only policy
  11.6s P0000 -> L150 R150: blind band or line lost; forward-only policy
  11.6s P0000 -> L150 R150: blind band or line lost; forward-only policy
  11.6s P0000 -> L150 R150: blind band or line lost; forward-only policy
  11.6s P0000 -> L150 R150: blind band or line lost; forward-only policy
  11.7s P0000 -> L150 R150: blind band or line lost; forward-only policy
  11.7s P0000 -> L150 R150: blind band or line lost; forward-only policy
  11.7s P0000 -> L150 R150: blind band or line lost; forward-only policy
  11.7s P0000 -> L150 R150: blind band or line lost; forward-only policy
  11.7s P0000 -> L150 R150: blind band or line lost; forward-only policy
  11.7s P0000 -> L150 R150: blind band or line lost; forward-only policy
  11.7s P0000 -> L150 R150: blind band or line lost; forward-only policy
  11.7s P0000 -> L150 R150: blind band or line lost; forward-only policy
  11.7s P0000 -> L150 R150: blind band or line lost; forward-only policy
  11.7s P0000 -> L150 R150: blind band or line lost; forward-only policy
  11.8s P0000 -> L150 R150: blind band or line lost; forward-only policy
  11.8s P0000 -> L150 R150: blind band or line lost; forward-only policy
  11.8s P0000 -> L150 R150: blind band or line lost; forward-only policy
  11.8s P0000 -> L150 R150: blind band or line lost; forward-only policy
  11.8s P0000 -> L150 R150: blind band or line lost; forward-only policy
  11.8s P0000 -> L150 R150: blind band or line lost; forward-only policy
  11.8s P0000 -> L150 R150: blind band or line lost; forward-only policy
  11.8s P0000 -> L150 R150: blind band or line lost; forward-only policy
  11.8s P0000 -> L150 R150: blind band or line lost; forward-only policy
  11.8s P0000 -> L150 R150: blind band or line lost; forward-only policy
  11.9s P0000 -> L150 R150: blind band or line lost; forward-only policy
  11.9s P0000 -> L150 R150: blind band or line lost; forward-only policy
  11.9s P0000 -> L150 R150: blind band or line lost; forward-only policy
  11.9s P0000 -> L150 R150: blind band or line lost; forward-only policy
  11.9s P0000 -> L150 R150: blind band or line lost; forward-only policy
  11.9s P0000 -> L150 R150: blind band or line lost; forward-only policy
  11.9s P0000 -> L150 R150: blind band or line lost; forward-only policy
  11.9s P0000 -> L150 R150: blind band or line lost; forward-only policy
  11.9s P0000 -> L150 R150: blind band or line lost; forward-only policy
  11.9s P0000 -> L150 R150: blind band or line lost; forward-only policy
  12.0s P0000 -> L150 R150: blind band or line lost; forward-only policy
  12.0s P0000 -> L150 R150: blind band or line lost; forward-only policy
  12.0s P0000 -> L150 R150: blind band or line lost; forward-only policy
  12.0s P0000 -> L150 R150: blind band or line lost; forward-only policy
  12.0s P0000 -> L150 R150: blind band or line lost; forward-only policy
  12.0s P0000 -> L150 R150: blind band or line lost; forward-only policy
  12.0s P0000 -> L150 R150: blind band or line lost; forward-only policy
  12.0s P0000 -> L150 R150: blind band or line lost; forward-only policy
  12.0s P0000 -> L150 R150: blind band or line lost; forward-only policy
  12.0s P0000 -> L150 R150: blind band or line lost; forward-only policy
  12.1s P0000 -> L150 R150: blind band or line lost; forward-only policy
  12.1s P0000 -> L150 R150: blind band or line lost; forward-only policy
  12.1s P0000 -> L150 R150: blind band or line lost; forward-only policy
  12.1s P0000 -> L150 R150: blind band or line lost; forward-only policy
  12.1s P0000 -> L150 R150: blind band or line lost; forward-only policy
  12.1s P1000 -> L-150 R150: far left, outer sensor only; hard left; left correction
  12.1s P1000 -> L-150 R150: far left, outer sensor only; hard left; left correction
  12.1s P1000 -> L-150 R150: far left, outer sensor only; hard left; left correction
  12.1s P1000 -> L-150 R150: far left, outer sensor only; hard left; left correction
  12.1s P1000 -> L-150 R150: far left, outer sensor only; hard left; left correction
  12.2s P1000 -> L-150 R150: far left, outer sensor only; hard left; left correction
  12.2s P1000 -> L-150 R150: far left, outer sensor only; hard left; left correction
  12.2s P1000 -> L-150 R150: far left, outer sensor only; hard left; left correction
  12.2s P1000 -> L-150 R150: far left, outer sensor only; hard left; left correction
  12.2s P1000 -> L-150 R150: far left, outer sensor only; hard left; left correction
  12.2s P1000 -> L-150 R150: far left, outer sensor only; hard left; left correction
  12.2s P1000 -> L-150 R150: far left, outer sensor only; hard left; left correction
  12.2s P1000 -> L-150 R150: far left, outer sensor only; hard left; left correction
  12.2s P1000 -> L-150 R150: far left, outer sensor only; hard left; left correction
  12.2s P1000 -> L-150 R150: far left, outer sensor only; hard left; left correction
  12.3s P1000 -> L-150 R150: far left, outer sensor only; hard left; left correction
  12.3s P1000 -> L-150 R150: far left, outer sensor only; hard left; left correction
  12.3s P1000 -> L-150 R150: far left, outer sensor only; hard left; left correction
  12.3s P1000 -> L-150 R150: far left, outer sensor only; hard left; left correction
  12.3s P1000 -> L-150 R150: far left, outer sensor only; hard left; left correction
  12.3s P1000 -> L-150 R150: far left, outer sensor only; hard left; left correction
  12.3s P0000 -> L150 R150: blind band or line lost; forward-only policy
  12.3s P0000 -> L150 R150: blind band or line lost; forward-only policy
  12.3s P0000 -> L150 R150: blind band or line lost; forward-only policy
  12.3s P0000 -> L150 R150: blind band or line lost; forward-only policy
  12.4s P0000 -> L150 R150: blind band or line lost; forward-only policy
  12.4s P0000 -> L150 R150: blind band or line lost; forward-only policy
  12.4s P0000 -> L150 R150: blind band or line lost; forward-only policy
  12.4s P0000 -> L150 R150: blind band or line lost; forward-only policy
  12.4s P0000 -> L150 R150: blind band or line lost; forward-only policy
  12.4s P0000 -> L150 R150: blind band or line lost; forward-only policy
  12.4s P0000 -> L150 R150: blind band or line lost; forward-only policy
  12.4s P0000 -> L150 R150: blind band or line lost; forward-only policy
  12.4s P0000 -> L150 R150: blind band or line lost; forward-only policy
  12.4s P0000 -> L150 R150: blind band or line lost; forward-only policy
  12.5s P0000 -> L150 R150: blind band or line lost; forward-only policy
  12.5s P0000 -> L150 R150: blind band or line lost; forward-only policy
  12.5s P0000 -> L150 R150: blind band or line lost; forward-only policy
  12.5s P0000 -> L150 R150: blind band or line lost; forward-only policy
  12.5s P0000 -> L150 R150: blind band or line lost; forward-only policy
  12.5s P0000 -> L150 R150: blind band or line lost; forward-only policy
  12.5s P0000 -> L150 R150: blind band or line lost; forward-only policy
  12.5s P0000 -> L150 R150: blind band or line lost; forward-only policy
  12.5s P0000 -> L150 R150: blind band or line lost; forward-only policy
  12.5s P0000 -> L150 R150: blind band or line lost; forward-only policy
  12.6s P0000 -> L150 R150: blind band or line lost; forward-only policy
  12.6s P0000 -> L150 R150: blind band or line lost; forward-only policy
  12.6s P0000 -> L150 R150: blind band or line lost; forward-only policy
  12.6s P0000 -> L150 R150: blind band or line lost; forward-only policy
  12.6s P0000 -> L150 R150: blind band or line lost; forward-only policy
  12.6s P0000 -> L150 R150: blind band or line lost; forward-only policy
  12.6s P0000 -> L150 R150: blind band or line lost; forward-only policy
  12.6s P1000 -> L-150 R150: far left, outer sensor only; hard left; left correction
  12.6s P1000 -> L-150 R150: far left, outer sensor only; hard left; left correction
  12.6s P1000 -> L-150 R150: far left, outer sensor only; hard left; left correction
  12.7s P1000 -> L-150 R150: far left, outer sensor only; hard left; left correction
  12.7s P1000 -> L-150 R150: far left, outer sensor only; hard left; left correction
  12.7s P1000 -> L-150 R150: far left, outer sensor only; hard left; left correction
  12.7s P1000 -> L-150 R150: far left, outer sensor only; hard left; left correction
  12.7s P1000 -> L-150 R150: far left, outer sensor only; hard left; left correction
  12.7s P1000 -> L-150 R150: far left, outer sensor only; hard left; left correction
  12.7s P1000 -> L-150 R150: far left, outer sensor only; hard left; left correction
  12.7s P1000 -> L-150 R150: far left, outer sensor only; hard left; left correction
  12.7s P1000 -> L-150 R150: far left, outer sensor only; hard left; left correction
  12.7s P1000 -> L-150 R150: far left, outer sensor only; hard left; left correction
  12.8s P1000 -> L-150 R150: far left, outer sensor only; hard left; left correction
  12.8s P1000 -> L-150 R150: far left, outer sensor only; hard left; left correction
  12.8s P1000 -> L-150 R150: far left, outer sensor only; hard left; left correction
  12.8s P1000 -> L-150 R150: far left, outer sensor only; hard left; left correction
  12.8s P1000 -> L-150 R150: far left, outer sensor only; hard left; left correction
  12.8s P1000 -> L-150 R150: far left, outer sensor only; hard left; left correction
  12.8s P1000 -> L-150 R150: far left, outer sensor only; hard left; left correction
  12.8s P1000 -> L-150 R150: far left, outer sensor only; hard left; left correction
  12.8s P1000 -> L-150 R150: far left, outer sensor only; hard left; left correction
  12.8s P1000 -> L-150 R150: far left, outer sensor only; hard left; left correction
  12.9s P1000 -> L-150 R150: far left, outer sensor only; hard left; left correction
  12.9s P1000 -> L-150 R150: far left, outer sensor only; hard left; left correction
  12.9s P1000 -> L-150 R150: far left, outer sensor only; hard left; left correction
  12.9s P1000 -> L-150 R150: far left, outer sensor only; hard left; left correction
  12.9s P1100 -> L0 R150: left pair, needs >2.8cm of black; stronger left curve correction
  12.9s P1100 -> L0 R150: left pair, needs >2.8cm of black; stronger left curve correction
  12.9s P0100 -> L0 R150: drifting left, slight; left correction
  12.9s P0100 -> L0 R150: drifting left, slight; left correction
  12.9s P0100 -> L0 R150: drifting left, slight; left correction
  13.0s P0100 -> L0 R150: drifting left, slight; left correction
  13.0s P0100 -> L0 R150: drifting left, slight; left correction
  13.0s P0100 -> L0 R150: drifting left, slight; left correction
  13.0s P0100 -> L0 R150: drifting left, slight; left correction
  13.0s P0100 -> L0 R150: drifting left, slight; left correction
  13.0s P0100 -> L0 R150: drifting left, slight; left correction
  13.0s P0100 -> L0 R150: drifting left, slight; left correction
  13.0s P0100 -> L0 R150: drifting left, slight; left correction
  13.0s P0100 -> L0 R150: drifting left, slight; left correction
  13.0s P0100 -> L0 R150: drifting left, slight; left correction
  13.1s P0100 -> L0 R150: drifting left, slight; left correction
  13.1s P0100 -> L0 R150: drifting left, slight; left correction
  13.1s P0100 -> L0 R150: drifting left, slight; left correction
  13.1s P0100 -> L0 R150: drifting left, slight; left correction
  13.1s P0100 -> L0 R150: drifting left, slight; left correction
  13.1s P0100 -> L0 R150: drifting left, slight; left correction
  13.1s P0100 -> L0 R150: drifting left, slight; left correction
  13.1s P0100 -> L0 R150: drifting left, slight; left correction
  13.1s P0100 -> L0 R150: drifting left, slight; left correction
  13.1s P0100 -> L0 R150: drifting left, slight; left correction
  13.2s P0100 -> L0 R150: drifting left, slight; left correction
  13.2s P0100 -> L0 R150: drifting left, slight; left correction
  13.2s P0100 -> L0 R150: drifting left, slight; left correction
  13.2s P0100 -> L0 R150: drifting left, slight; left correction
  13.2s P0100 -> L0 R150: drifting left, slight; left correction
  13.2s P0100 -> L0 R150: drifting left, slight; left correction
  13.2s P0100 -> L0 R150: drifting left, slight; left correction
  13.2s P0100 -> L0 R150: drifting left, slight; left correction
  13.2s P0100 -> L0 R150: drifting left, slight; left correction
  13.2s P0100 -> L0 R150: drifting left, slight; left correction
  13.3s P0100 -> L0 R150: drifting left, slight; left correction
  13.3s P0100 -> L0 R150: drifting left, slight; left correction
  13.3s P0100 -> L0 R150: drifting left, slight; left correction
  13.3s P0100 -> L0 R150: drifting left, slight; left correction
  13.3s P0100 -> L0 R150: drifting left, slight; left correction
  13.3s P0100 -> L0 R150: drifting left, slight; left correction
  13.3s P0100 -> L0 R150: drifting left, slight; left correction
  13.3s P0100 -> L0 R150: drifting left, slight; left correction
  13.3s P0100 -> L0 R150: drifting left, slight; left correction
  13.3s P0100 -> L0 R150: drifting left, slight; left correction
  13.4s P0100 -> L0 R150: drifting left, slight; left correction
  13.4s P0100 -> L0 R150: drifting left, slight; left correction
  13.4s P0100 -> L0 R150: drifting left, slight; left correction
  13.4s P0100 -> L0 R150: drifting left, slight; left correction
  13.4s P0100 -> L0 R150: drifting left, slight; left correction
  13.4s P0100 -> L0 R150: drifting left, slight; left correction
  13.4s P0100 -> L0 R150: drifting left, slight; left correction
  13.4s P0100 -> L0 R150: drifting left, slight; left correction
  13.4s P0100 -> L0 R150: drifting left, slight; left correction
  13.4s P0100 -> L0 R150: drifting left, slight; left correction
  13.5s P0100 -> L0 R150: drifting left, slight; left correction
  13.5s P0100 -> L0 R150: drifting left, slight; left correction
  13.5s P0100 -> L0 R150: drifting left, slight; left correction
  13.5s P0100 -> L0 R150: drifting left, slight; left correction
  13.5s P0100 -> L0 R150: drifting left, slight; left correction
  13.5s P0110 -> L150 R150: centred or right drift; forward-only policy
  13.5s P0110 -> L150 R150: centred or right drift; forward-only policy
  13.5s P0110 -> L150 R150: centred or right drift; forward-only policy
  13.5s P0110 -> L150 R150: centred or right drift; forward-only policy
  13.5s P0110 -> L150 R150: centred or right drift; forward-only policy
  13.6s P0110 -> L150 R150: centred or right drift; forward-only policy
  13.6s P0110 -> L150 R150: centred or right drift; forward-only policy
  13.6s P0110 -> L150 R150: centred or right drift; forward-only policy
  13.6s P0100 -> L0 R150: drifting left, slight; left correction
  13.6s P0100 -> L0 R150: drifting left, slight; left correction
  13.6s P0100 -> L0 R150: drifting left, slight; left correction
  13.6s P0100 -> L0 R150: drifting left, slight; left correction
  13.6s P0100 -> L0 R150: drifting left, slight; left correction
  13.6s P0100 -> L0 R150: drifting left, slight; left correction
  13.6s P0100 -> L0 R150: drifting left, slight; left correction
  13.7s P0100 -> L0 R150: drifting left, slight; left correction
  13.7s P0100 -> L0 R150: drifting left, slight; left correction
  13.7s P0100 -> L0 R150: drifting left, slight; left correction
  13.7s P0100 -> L0 R150: drifting left, slight; left correction
  13.7s P0100 -> L0 R150: drifting left, slight; left correction
  13.7s P0100 -> L0 R150: drifting left, slight; left correction
  13.7s P0100 -> L0 R150: drifting left, slight; left correction
  13.7s P0100 -> L0 R150: drifting left, slight; left correction
  13.7s P0100 -> L0 R150: drifting left, slight; left correction
  13.7s P0100 -> L0 R150: drifting left, slight; left correction
  13.8s P0100 -> L0 R150: drifting left, slight; left correction
  13.8s P0100 -> L0 R150: drifting left, slight; left correction
  13.8s P0100 -> L0 R150: drifting left, slight; left correction
  13.8s P0100 -> L0 R150: drifting left, slight; left correction
  13.8s P0100 -> L0 R150: drifting left, slight; left correction
  13.8s P0100 -> L0 R150: drifting left, slight; left correction
  13.8s P0100 -> L0 R150: drifting left, slight; left correction
  13.8s P0110 -> L150 R150: centred or right drift; forward-only policy
  13.8s P0110 -> L150 R150: centred or right drift; forward-only policy
  13.8s P0110 -> L150 R150: centred or right drift; forward-only policy
  13.9s P0110 -> L150 R150: centred or right drift; forward-only policy
  13.9s P0110 -> L150 R150: centred or right drift; forward-only policy
  13.9s P0110 -> L150 R150: centred or right drift; forward-only policy
  13.9s P0110 -> L150 R150: centred or right drift; forward-only policy
  13.9s P0100 -> L0 R150: drifting left, slight; left correction
  13.9s P0100 -> L0 R150: drifting left, slight; left correction
  13.9s P0100 -> L0 R150: drifting left, slight; left correction
  13.9s P1100 -> L0 R150: left pair, needs >2.8cm of black; stronger left curve correction
  13.9s P1100 -> L0 R150: left pair, needs >2.8cm of black; stronger left curve correction
  13.9s P1100 -> L0 R150: left pair, needs >2.8cm of black; stronger left curve correction
  14.0s P1100 -> L0 R150: left pair, needs >2.8cm of black; stronger left curve correction
  14.0s P1100 -> L0 R150: left pair, needs >2.8cm of black; stronger left curve correction
  14.0s P1100 -> L0 R150: left pair, needs >2.8cm of black; stronger left curve correction
  14.0s P1100 -> L0 R150: left pair, needs >2.8cm of black; stronger left curve correction
  14.0s P1100 -> L0 R150: left pair, needs >2.8cm of black; stronger left curve correction
  14.0s P1100 -> L0 R150: left pair, needs >2.8cm of black; stronger left curve correction
  14.0s P1100 -> L0 R150: left pair, needs >2.8cm of black; stronger left curve correction
  14.0s P1100 -> L0 R150: left pair, needs >2.8cm of black; stronger left curve correction
  14.0s P1100 -> L0 R150: left pair, needs >2.8cm of black; stronger left curve correction
  14.0s P1100 -> L0 R150: left pair, needs >2.8cm of black; stronger left curve correction
  14.1s P1100 -> L0 R150: left pair, needs >2.8cm of black; stronger left curve correction
  14.1s P1100 -> L0 R150: left pair, needs >2.8cm of black; stronger left curve correction
  14.1s P1100 -> L0 R150: left pair, needs >2.8cm of black; stronger left curve correction
  14.1s P1100 -> L0 R150: left pair, needs >2.8cm of black; stronger left curve correction
  14.1s P1100 -> L0 R150: left pair, needs >2.8cm of black; stronger left curve correction
  14.1s P1100 -> L0 R150: left pair, needs >2.8cm of black; stronger left curve correction
  14.1s P1100 -> L0 R150: left pair, needs >2.8cm of black; stronger left curve correction
  14.1s P1100 -> L0 R150: left pair, needs >2.8cm of black; stronger left curve correction
  14.1s P1100 -> L0 R150: left pair, needs >2.8cm of black; stronger left curve correction
  14.1s P1100 -> L0 R150: left pair, needs >2.8cm of black; stronger left curve correction
  14.2s P1100 -> L0 R150: left pair, needs >2.8cm of black; stronger left curve correction
  14.2s P1100 -> L0 R150: left pair, needs >2.8cm of black; stronger left curve correction
  14.2s P1100 -> L0 R150: left pair, needs >2.8cm of black; stronger left curve correction
  14.2s P1100 -> L0 R150: left pair, needs >2.8cm of black; stronger left curve correction
  14.2s P1100 -> L0 R150: left pair, needs >2.8cm of black; stronger left curve correction
  14.2s P1100 -> L0 R150: left pair, needs >2.8cm of black; stronger left curve correction
  14.2s P1100 -> L0 R150: left pair, needs >2.8cm of black; stronger left curve correction
  14.2s P1100 -> L0 R150: left pair, needs >2.8cm of black; stronger left curve correction
  14.2s P1100 -> L0 R150: left pair, needs >2.8cm of black; stronger left curve correction
  14.2s P1100 -> L0 R150: left pair, needs >2.8cm of black; stronger left curve correction
  14.3s P1100 -> L0 R150: left pair, needs >2.8cm of black; stronger left curve correction
  14.3s P1100 -> L0 R150: left pair, needs >2.8cm of black; stronger left curve correction
  14.3s P1100 -> L0 R150: left pair, needs >2.8cm of black; stronger left curve correction
  14.3s P1100 -> L0 R150: left pair, needs >2.8cm of black; stronger left curve correction
  14.3s P1100 -> L0 R150: left pair, needs >2.8cm of black; stronger left curve correction
  14.3s P1100 -> L0 R150: left pair, needs >2.8cm of black; stronger left curve correction
  14.3s P1100 -> L0 R150: left pair, needs >2.8cm of black; stronger left curve correction
  14.3s P1100 -> L0 R150: left pair, needs >2.8cm of black; stronger left curve correction
  14.3s P1100 -> L0 R150: left pair, needs >2.8cm of black; stronger left curve correction
  14.3s P1100 -> L0 R150: left pair, needs >2.8cm of black; stronger left curve correction
  14.4s P1100 -> L0 R150: left pair, needs >2.8cm of black; stronger left curve correction
  14.4s P1100 -> L0 R150: left pair, needs >2.8cm of black; stronger left curve correction
  14.4s P1100 -> L0 R150: left pair, needs >2.8cm of black; stronger left curve correction
  14.4s P1100 -> L0 R150: left pair, needs >2.8cm of black; stronger left curve correction
  14.4s P1100 -> L0 R150: left pair, needs >2.8cm of black; stronger left curve correction
  14.4s P1100 -> L0 R150: left pair, needs >2.8cm of black; stronger left curve correction
  14.4s P1100 -> L0 R150: left pair, needs >2.8cm of black; stronger left curve correction
  14.4s P1100 -> L0 R150: left pair, needs >2.8cm of black; stronger left curve correction
  14.4s P1100 -> L0 R150: left pair, needs >2.8cm of black; stronger left curve correction
  14.4s P1100 -> L0 R150: left pair, needs >2.8cm of black; stronger left curve correction
  14.5s P1100 -> L0 R150: left pair, needs >2.8cm of black; stronger left curve correction
  14.5s P1100 -> L0 R150: left pair, needs >2.8cm of black; stronger left curve correction
  14.5s P1100 -> L0 R150: left pair, needs >2.8cm of black; stronger left curve correction
  14.5s P1100 -> L0 R150: left pair, needs >2.8cm of black; stronger left curve correction
  14.5s P1100 -> L0 R150: left pair, needs >2.8cm of black; stronger left curve correction
  14.5s P1100 -> L0 R150: left pair, needs >2.8cm of black; stronger left curve correction
  14.5s P1100 -> L0 R150: left pair, needs >2.8cm of black; stronger left curve correction
  14.5s P1100 -> L0 R150: left pair, needs >2.8cm of black; stronger left curve correction
  14.5s P1100 -> L0 R150: left pair, needs >2.8cm of black; stronger left curve correction
  14.5s P1100 -> L0 R150: left pair, needs >2.8cm of black; stronger left curve correction
  14.6s P1100 -> L0 R150: left pair, needs >2.8cm of black; stronger left curve correction
  14.6s P1100 -> L0 R150: left pair, needs >2.8cm of black; stronger left curve correction
  14.6s P1100 -> L0 R150: left pair, needs >2.8cm of black; stronger left curve correction
  14.6s P1100 -> L0 R150: left pair, needs >2.8cm of black; stronger left curve correction
  14.6s P1100 -> L0 R150: left pair, needs >2.8cm of black; stronger left curve correction
  14.6s P1100 -> L0 R150: left pair, needs >2.8cm of black; stronger left curve correction
  14.6s P1100 -> L0 R150: left pair, needs >2.8cm of black; stronger left curve correction
  14.6s P1000 -> L-150 R150: far left, outer sensor only; hard left; left correction
  14.6s P1000 -> L-150 R150: far left, outer sensor only; hard left; left correction
  14.7s P1000 -> L-150 R150: far left, outer sensor only; hard left; left correction
  14.7s P1000 -> L-150 R150: far left, outer sensor only; hard left; left correction
  14.7s P1000 -> L-150 R150: far left, outer sensor only; hard left; left correction
  14.7s P1000 -> L-150 R150: far left, outer sensor only; hard left; left correction
  14.7s P1000 -> L-150 R150: far left, outer sensor only; hard left; left correction
  14.7s P1000 -> L-150 R150: far left, outer sensor only; hard left; left correction
  14.7s P1000 -> L-150 R150: far left, outer sensor only; hard left; left correction
  14.7s P1000 -> L-150 R150: far left, outer sensor only; hard left; left correction
  14.7s P1100 -> L0 R150: left pair, needs >2.8cm of black; stronger left curve correction
  14.7s P1100 -> L0 R150: left pair, needs >2.8cm of black; stronger left curve correction
  14.8s P1100 -> L0 R150: left pair, needs >2.8cm of black; stronger left curve correction
  14.8s P1100 -> L0 R150: left pair, needs >2.8cm of black; stronger left curve correction
  14.8s P1100 -> L0 R150: left pair, needs >2.8cm of black; stronger left curve correction
  14.8s P1100 -> L0 R150: left pair, needs >2.8cm of black; stronger left curve correction
  14.8s P1100 -> L0 R150: left pair, needs >2.8cm of black; stronger left curve correction
  14.8s P1100 -> L0 R150: left pair, needs >2.8cm of black; stronger left curve correction
  14.8s P1100 -> L0 R150: left pair, needs >2.8cm of black; stronger left curve correction
  14.8s P1100 -> L0 R150: left pair, needs >2.8cm of black; stronger left curve correction
  14.8s P1100 -> L0 R150: left pair, needs >2.8cm of black; stronger left curve correction
  14.8s P1000 -> L-150 R150: far left, outer sensor only; hard left; left correction
  14.9s P1000 -> L-150 R150: far left, outer sensor only; hard left; left correction
  14.9s P1000 -> L-150 R150: far left, outer sensor only; hard left; left correction
  14.9s P1000 -> L-150 R150: far left, outer sensor only; hard left; left correction
  14.9s P1000 -> L-150 R150: far left, outer sensor only; hard left; left correction
  14.9s P1000 -> L-150 R150: far left, outer sensor only; hard left; left correction
  14.9s P1000 -> L-150 R150: far left, outer sensor only; hard left; left correction
  14.9s P1000 -> L-150 R150: far left, outer sensor only; hard left; left correction
  14.9s P1000 -> L-150 R150: far left, outer sensor only; hard left; left correction
  14.9s P1000 -> L-150 R150: far left, outer sensor only; hard left; left correction
  14.9s P1000 -> L-150 R150: far left, outer sensor only; hard left; left correction
  15.0s P1000 -> L-150 R150: far left, outer sensor only; hard left; left correction
  15.0s P1000 -> L-150 R150: far left, outer sensor only; hard left; left correction
  15.0s P1000 -> L-150 R150: far left, outer sensor only; hard left; left correction
  15.0s P1000 -> L-150 R150: far left, outer sensor only; hard left; left correction
  15.0s P1000 -> L-150 R150: far left, outer sensor only; hard left; left correction
  15.0s P1100 -> L0 R150: left pair, needs >2.8cm of black; stronger left curve correction
  15.0s P1100 -> L0 R150: left pair, needs >2.8cm of black; stronger left curve correction
  15.0s P1100 -> L0 R150: left pair, needs >2.8cm of black; stronger left curve correction
  15.0s P1100 -> L0 R150: left pair, needs >2.8cm of black; stronger left curve correction
  15.0s P1100 -> L0 R150: left pair, needs >2.8cm of black; stronger left curve correction
  15.1s P1100 -> L0 R150: left pair, needs >2.8cm of black; stronger left curve correction
  15.1s P1100 -> L0 R150: left pair, needs >2.8cm of black; stronger left curve correction
  15.1s P1100 -> L0 R150: left pair, needs >2.8cm of black; stronger left curve correction
  15.1s P1100 -> L0 R150: left pair, needs >2.8cm of black; stronger left curve correction
  15.1s P1000 -> L-150 R150: far left, outer sensor only; hard left; left correction
  15.1s P1000 -> L-150 R150: far left, outer sensor only; hard left; left correction
  15.1s P1000 -> L-150 R150: far left, outer sensor only; hard left; left correction
  15.1s P1000 -> L-150 R150: far left, outer sensor only; hard left; left correction
  15.1s P1000 -> L-150 R150: far left, outer sensor only; hard left; left correction
  15.1s P1000 -> L-150 R150: far left, outer sensor only; hard left; left correction
  15.2s P1000 -> L-150 R150: far left, outer sensor only; hard left; left correction
  15.2s P1000 -> L-150 R150: far left, outer sensor only; hard left; left correction
  15.2s P1000 -> L-150 R150: far left, outer sensor only; hard left; left correction
  15.2s P1000 -> L-150 R150: far left, outer sensor only; hard left; left correction
  15.2s P1000 -> L-150 R150: far left, outer sensor only; hard left; left correction
  15.2s P1000 -> L-150 R150: far left, outer sensor only; hard left; left correction
  15.2s P1000 -> L-150 R150: far left, outer sensor only; hard left; left correction
  15.2s P1000 -> L-150 R150: far left, outer sensor only; hard left; left correction
  15.2s P1000 -> L-150 R150: far left, outer sensor only; hard left; left correction
  15.2s P1100 -> L0 R150: left pair, needs >2.8cm of black; stronger left curve correction
  15.3s P1100 -> L0 R150: left pair, needs >2.8cm of black; stronger left curve correction
  15.3s P1100 -> L0 R150: left pair, needs >2.8cm of black; stronger left curve correction
  15.3s P1100 -> L0 R150: left pair, needs >2.8cm of black; stronger left curve correction
  15.3s P1100 -> L0 R150: left pair, needs >2.8cm of black; stronger left curve correction
  15.3s P1100 -> L0 R150: left pair, needs >2.8cm of black; stronger left curve correction
  15.3s P1100 -> L0 R150: left pair, needs >2.8cm of black; stronger left curve correction
  15.3s P1100 -> L0 R150: left pair, needs >2.8cm of black; stronger left curve correction
  15.3s P1100 -> L0 R150: left pair, needs >2.8cm of black; stronger left curve correction
  15.3s P1100 -> L0 R150: left pair, needs >2.8cm of black; stronger left curve correction
  15.3s P1100 -> L0 R150: left pair, needs >2.8cm of black; stronger left curve correction
  15.4s P1100 -> L0 R150: left pair, needs >2.8cm of black; stronger left curve correction
  15.4s P1100 -> L0 R150: left pair, needs >2.8cm of black; stronger left curve correction
  15.4s P1100 -> L0 R150: left pair, needs >2.8cm of black; stronger left curve correction
  15.4s P1100 -> L0 R150: left pair, needs >2.8cm of black; stronger left curve correction
  15.4s P1100 -> L0 R150: left pair, needs >2.8cm of black; stronger left curve correction
  15.4s P1100 -> L0 R150: left pair, needs >2.8cm of black; stronger left curve correction
  15.4s P1100 -> L0 R150: left pair, needs >2.8cm of black; stronger left curve correction
  15.4s P1100 -> L0 R150: left pair, needs >2.8cm of black; stronger left curve correction
  15.4s P1100 -> L0 R150: left pair, needs >2.8cm of black; stronger left curve correction
  15.4s P1100 -> L0 R150: left pair, needs >2.8cm of black; stronger left curve correction
  15.5s P1100 -> L0 R150: left pair, needs >2.8cm of black; stronger left curve correction
  15.5s P0100 -> L0 R150: drifting left, slight; left correction
  15.5s P0100 -> L0 R150: drifting left, slight; left correction
  15.5s P0100 -> L0 R150: drifting left, slight; left correction
  15.5s P0100 -> L0 R150: drifting left, slight; left correction
  15.5s P0100 -> L0 R150: drifting left, slight; left correction
  15.5s P0100 -> L0 R150: drifting left, slight; left correction
  15.5s P0100 -> L0 R150: drifting left, slight; left correction
  15.5s P0100 -> L0 R150: drifting left, slight; left correction
  15.5s P0100 -> L0 R150: drifting left, slight; left correction
  15.6s P0100 -> L0 R150: drifting left, slight; left correction
  15.6s P0100 -> L0 R150: drifting left, slight; left correction
  15.6s P0100 -> L0 R150: drifting left, slight; left correction
  15.6s P0100 -> L0 R150: drifting left, slight; left correction
  15.6s P0100 -> L0 R150: drifting left, slight; left correction
  15.6s P0100 -> L0 R150: drifting left, slight; left correction
  15.6s P0100 -> L0 R150: drifting left, slight; left correction
  15.6s P0100 -> L0 R150: drifting left, slight; left correction
  15.6s P0100 -> L0 R150: drifting left, slight; left correction
  15.6s P0100 -> L0 R150: drifting left, slight; left correction
  15.7s P0100 -> L0 R150: drifting left, slight; left correction
  15.7s P0100 -> L0 R150: drifting left, slight; left correction
  15.7s P0100 -> L0 R150: drifting left, slight; left correction
  15.7s P0100 -> L0 R150: drifting left, slight; left correction
  15.7s P0100 -> L0 R150: drifting left, slight; left correction
  15.7s P0100 -> L0 R150: drifting left, slight; left correction
  15.7s P0100 -> L0 R150: drifting left, slight; left correction
  15.7s P0100 -> L0 R150: drifting left, slight; left correction
  15.7s P0100 -> L0 R150: drifting left, slight; left correction
  15.7s P0100 -> L0 R150: drifting left, slight; left correction
  15.8s P0100 -> L0 R150: drifting left, slight; left correction
  15.8s P0100 -> L0 R150: drifting left, slight; left correction
  15.8s P0100 -> L0 R150: drifting left, slight; left correction
  15.8s P0100 -> L0 R150: drifting left, slight; left correction
  15.8s P0100 -> L0 R150: drifting left, slight; left correction
  15.8s P0100 -> L0 R150: drifting left, slight; left correction
  15.8s P0100 -> L0 R150: drifting left, slight; left correction
  15.8s P0100 -> L0 R150: drifting left, slight; left correction
  15.8s P0100 -> L0 R150: drifting left, slight; left correction
  15.8s P0100 -> L0 R150: drifting left, slight; left correction
  15.9s P0100 -> L0 R150: drifting left, slight; left correction
  15.9s P0110 -> L150 R150: centred or right drift; forward-only policy
  15.9s P0110 -> L150 R150: centred or right drift; forward-only policy
  15.9s P0110 -> L150 R150: centred or right drift; forward-only policy
  15.9s P0110 -> L150 R150: centred or right drift; forward-only policy
  15.9s P0110 -> L150 R150: centred or right drift; forward-only policy
  15.9s P0110 -> L150 R150: centred or right drift; forward-only policy
  15.9s P0110 -> L150 R150: centred or right drift; forward-only policy
  15.9s P0110 -> L150 R150: centred or right drift; forward-only policy
  15.9s P0110 -> L150 R150: centred or right drift; forward-only policy
  16.0s P0110 -> L150 R150: centred or right drift; forward-only policy
  16.0s P0100 -> L0 R150: drifting left, slight; left correction
  16.0s P0100 -> L0 R150: drifting left, slight; left correction
  16.0s P0100 -> L0 R150: drifting left, slight; left correction
  16.0s P0100 -> L0 R150: drifting left, slight; left correction
  16.0s P0100 -> L0 R150: drifting left, slight; left correction
  16.0s P0100 -> L0 R150: drifting left, slight; left correction
  16.0s P0100 -> L0 R150: drifting left, slight; left correction
  16.0s P0100 -> L0 R150: drifting left, slight; left correction
  16.0s P0100 -> L0 R150: drifting left, slight; left correction
  16.1s P0100 -> L0 R150: drifting left, slight; left correction
  16.1s P0100 -> L0 R150: drifting left, slight; left correction
  16.1s P0100 -> L0 R150: drifting left, slight; left correction
  16.1s P0100 -> L0 R150: drifting left, slight; left correction
  16.1s P0100 -> L0 R150: drifting left, slight; left correction
  16.1s P0110 -> L150 R150: centred or right drift; forward-only policy
  16.1s P0110 -> L150 R150: centred or right drift; forward-only policy
  16.1s P0110 -> L150 R150: centred or right drift; forward-only policy
  16.1s P0110 -> L150 R150: centred or right drift; forward-only policy
  16.1s P0110 -> L150 R150: centred or right drift; forward-only policy
  16.2s P0110 -> L150 R150: centred or right drift; forward-only policy
  16.2s P0110 -> L150 R150: centred or right drift; forward-only policy
  16.2s P0110 -> L150 R150: centred or right drift; forward-only policy
  16.2s P0110 -> L150 R150: centred or right drift; forward-only policy
  16.2s P0110 -> L150 R150: centred or right drift; forward-only policy
  16.2s P0110 -> L150 R150: centred or right drift; forward-only policy
  16.2s P0110 -> L150 R150: centred or right drift; forward-only policy
  16.2s P0110 -> L150 R150: centred or right drift; forward-only policy
  16.2s P0110 -> L150 R150: centred or right drift; forward-only policy
  16.2s P0110 -> L150 R150: centred or right drift; forward-only policy
  16.3s P0110 -> L150 R150: centred or right drift; forward-only policy
  16.3s P0100 -> L0 R150: drifting left, slight; left correction
  16.3s P0100 -> L0 R150: drifting left, slight; left correction
  16.3s P0100 -> L0 R150: drifting left, slight; left correction
  16.3s P0100 -> L0 R150: drifting left, slight; left correction
  16.3s P0100 -> L0 R150: drifting left, slight; left correction
  16.3s P0100 -> L0 R150: drifting left, slight; left correction
  16.3s P0100 -> L0 R150: drifting left, slight; left correction
  16.3s P0110 -> L150 R150: centred or right drift; forward-only policy
  16.3s P0110 -> L150 R150: centred or right drift; forward-only policy
  16.4s P0110 -> L150 R150: centred or right drift; forward-only policy
  16.4s P0110 -> L150 R150: centred or right drift; forward-only policy
  16.4s P0110 -> L150 R150: centred or right drift; forward-only policy
  16.4s P0110 -> L150 R150: centred or right drift; forward-only policy
  16.4s P0110 -> L150 R150: centred or right drift; forward-only policy
  16.4s P0110 -> L150 R150: centred or right drift; forward-only policy
  16.4s P0110 -> L150 R150: centred or right drift; forward-only policy
  16.4s P0110 -> L150 R150: centred or right drift; forward-only policy
  16.4s P0110 -> L150 R150: centred or right drift; forward-only policy
  16.5s P0110 -> L150 R150: centred or right drift; forward-only policy
  16.5s P0110 -> L150 R150: centred or right drift; forward-only policy
  16.5s P0110 -> L150 R150: centred or right drift; forward-only policy
  16.5s P0110 -> L150 R150: centred or right drift; forward-only policy
  16.5s P0110 -> L150 R150: centred or right drift; forward-only policy
  16.5s P0110 -> L150 R150: centred or right drift; forward-only policy
  16.5s P0110 -> L150 R150: centred or right drift; forward-only policy
  16.5s P0110 -> L150 R150: centred or right drift; forward-only policy
  16.5s P0110 -> L150 R150: centred or right drift; forward-only policy
  16.5s P0110 -> L150 R150: centred or right drift; forward-only policy
  16.6s P0110 -> L150 R150: centred or right drift; forward-only policy
  16.6s P0110 -> L150 R150: centred or right drift; forward-only policy
  16.6s P0110 -> L150 R150: centred or right drift; forward-only policy
  16.6s P0110 -> L150 R150: centred or right drift; forward-only policy
  16.6s P0110 -> L150 R150: centred or right drift; forward-only policy
  16.6s P0110 -> L150 R150: centred or right drift; forward-only policy
  16.6s P0110 -> L150 R150: centred or right drift; forward-only policy
  16.6s P0110 -> L150 R150: centred or right drift; forward-only policy
  16.6s P0110 -> L150 R150: centred or right drift; forward-only policy
  16.6s P0110 -> L150 R150: centred or right drift; forward-only policy
  16.7s P0110 -> L150 R150: centred or right drift; forward-only policy
  16.7s P0110 -> L150 R150: centred or right drift; forward-only policy
  16.7s P0110 -> L150 R150: centred or right drift; forward-only policy
  16.7s P0110 -> L150 R150: centred or right drift; forward-only policy
  16.7s P0110 -> L150 R150: centred or right drift; forward-only policy
  16.7s P0110 -> L150 R150: centred or right drift; forward-only policy
  16.7s P0100 -> L0 R150: drifting left, slight; left correction
  16.7s P0100 -> L0 R150: drifting left, slight; left correction
  16.7s P0100 -> L0 R150: drifting left, slight; left correction
  16.7s P0100 -> L0 R150: drifting left, slight; left correction
  16.8s P0100 -> L0 R150: drifting left, slight; left correction
  16.8s P0100 -> L0 R150: drifting left, slight; left correction
  16.8s P0110 -> L150 R150: centred or right drift; forward-only policy
  16.8s P0110 -> L150 R150: centred or right drift; forward-only policy
  16.8s P0110 -> L150 R150: centred or right drift; forward-only policy
  16.8s P0110 -> L150 R150: centred or right drift; forward-only policy
  16.8s P0110 -> L150 R150: centred or right drift; forward-only policy
  16.8s P0110 -> L150 R150: centred or right drift; forward-only policy
  16.8s P0110 -> L150 R150: centred or right drift; forward-only policy
  16.8s P0110 -> L150 R150: centred or right drift; forward-only policy
  16.9s P0110 -> L150 R150: centred or right drift; forward-only policy
  16.9s P0110 -> L150 R150: centred or right drift; forward-only policy
  16.9s P0110 -> L150 R150: centred or right drift; forward-only policy
  16.9s P0100 -> L0 R150: drifting left, slight; left correction
  16.9s P0100 -> L0 R150: drifting left, slight; left correction
  16.9s P0100 -> L0 R150: drifting left, slight; left correction
  16.9s P0100 -> L0 R150: drifting left, slight; left correction
  16.9s P0100 -> L0 R150: drifting left, slight; left correction
  16.9s P0100 -> L0 R150: drifting left, slight; left correction
  16.9s P0100 -> L0 R150: drifting left, slight; left correction
  17.0s P0100 -> L0 R150: drifting left, slight; left correction
  17.0s P0100 -> L0 R150: drifting left, slight; left correction
  17.0s P0100 -> L0 R150: drifting left, slight; left correction
  17.0s P0110 -> L150 R150: centred or right drift; forward-only policy
  17.0s P0110 -> L150 R150: centred or right drift; forward-only policy
  17.0s P0110 -> L150 R150: centred or right drift; forward-only policy
  17.0s P0110 -> L150 R150: centred or right drift; forward-only policy
  17.0s P0110 -> L150 R150: centred or right drift; forward-only policy
  17.0s P0110 -> L150 R150: centred or right drift; forward-only policy
  17.0s P0110 -> L150 R150: centred or right drift; forward-only policy
  17.1s P0110 -> L150 R150: centred or right drift; forward-only policy
  17.1s P0110 -> L150 R150: centred or right drift; forward-only policy
  17.1s P0110 -> L150 R150: centred or right drift; forward-only policy
  17.1s P0110 -> L150 R150: centred or right drift; forward-only policy
  17.1s P0110 -> L150 R150: centred or right drift; forward-only policy
  17.1s P0110 -> L150 R150: centred or right drift; forward-only policy
  17.1s P0110 -> L150 R150: centred or right drift; forward-only policy
  17.1s P0110 -> L150 R150: centred or right drift; forward-only policy
  17.1s P0110 -> L150 R150: centred or right drift; forward-only policy
  17.1s P0110 -> L150 R150: centred or right drift; forward-only policy
  17.2s P0110 -> L150 R150: centred or right drift; forward-only policy
  17.2s P0110 -> L150 R150: centred or right drift; forward-only policy
  17.2s P0110 -> L150 R150: centred or right drift; forward-only policy
  17.2s P0110 -> L150 R150: centred or right drift; forward-only policy
  17.2s P0110 -> L150 R150: centred or right drift; forward-only policy
  17.2s P0110 -> L150 R150: centred or right drift; forward-only policy
  17.2s P0110 -> L150 R150: centred or right drift; forward-only policy
  17.2s P0110 -> L150 R150: centred or right drift; forward-only policy
  17.2s P0110 -> L150 R150: centred or right drift; forward-only policy
  17.2s P0110 -> L150 R150: centred or right drift; forward-only policy
  17.3s P0110 -> L150 R150: centred or right drift; forward-only policy
  17.3s P0110 -> L150 R150: centred or right drift; forward-only policy
  17.3s P0110 -> L150 R150: centred or right drift; forward-only policy
  17.3s P0110 -> L150 R150: centred or right drift; forward-only policy
  17.3s P0110 -> L150 R150: centred or right drift; forward-only policy
  17.3s P0110 -> L150 R150: centred or right drift; forward-only policy
  17.3s P0110 -> L150 R150: centred or right drift; forward-only policy
  17.3s P0110 -> L150 R150: centred or right drift; forward-only policy
  17.3s P0110 -> L150 R150: centred or right drift; forward-only policy
  17.3s P0110 -> L150 R150: centred or right drift; forward-only policy
  17.4s P0110 -> L150 R150: centred or right drift; forward-only policy
  17.4s P0100 -> L0 R150: drifting left, slight; left correction
  17.4s P0100 -> L0 R150: drifting left, slight; left correction
  17.4s P0100 -> L0 R150: drifting left, slight; left correction
  17.4s P0100 -> L0 R150: drifting left, slight; left correction
  17.4s P0100 -> L0 R150: drifting left, slight; left correction
  17.4s P0100 -> L0 R150: drifting left, slight; left correction
  17.4s P0100 -> L0 R150: drifting left, slight; left correction
  17.4s P0110 -> L150 R150: centred or right drift; forward-only policy
  17.4s P0110 -> L150 R150: centred or right drift; forward-only policy
  17.5s P0110 -> L150 R150: centred or right drift; forward-only policy
  17.5s P0110 -> L150 R150: centred or right drift; forward-only policy
  17.5s P0110 -> L150 R150: centred or right drift; forward-only policy
  17.5s P0110 -> L150 R150: centred or right drift; forward-only policy
  17.5s P0110 -> L150 R150: centred or right drift; forward-only policy
  17.5s P0110 -> L150 R150: centred or right drift; forward-only policy
  17.5s P0110 -> L150 R150: centred or right drift; forward-only policy
  17.5s P0110 -> L150 R150: centred or right drift; forward-only policy
  17.5s P0110 -> L150 R150: centred or right drift; forward-only policy
  17.5s P0110 -> L150 R150: centred or right drift; forward-only policy
  17.6s P0110 -> L150 R150: centred or right drift; forward-only policy
  17.6s P0110 -> L150 R150: centred or right drift; forward-only policy
  17.6s P0110 -> L150 R150: centred or right drift; forward-only policy
  17.6s P0110 -> L150 R150: centred or right drift; forward-only policy
  17.6s P0110 -> L150 R150: centred or right drift; forward-only policy
  17.6s P0110 -> L150 R150: centred or right drift; forward-only policy
  17.6s P0110 -> L150 R150: centred or right drift; forward-only policy
  17.6s P0110 -> L150 R150: centred or right drift; forward-only policy
  17.6s P0110 -> L150 R150: centred or right drift; forward-only policy
  17.6s P0110 -> L150 R150: centred or right drift; forward-only policy
  17.7s P0110 -> L150 R150: centred or right drift; forward-only policy
  17.7s P0110 -> L150 R150: centred or right drift; forward-only policy
  17.7s P0110 -> L150 R150: centred or right drift; forward-only policy
  17.7s P0110 -> L150 R150: centred or right drift; forward-only policy
  17.7s P0110 -> L150 R150: centred or right drift; forward-only policy
  17.7s P0110 -> L150 R150: centred or right drift; forward-only policy
  17.7s P0110 -> L150 R150: centred or right drift; forward-only policy
  17.7s P0110 -> L150 R150: centred or right drift; forward-only policy
  17.7s P0110 -> L150 R150: centred or right drift; forward-only policy
  17.7s P0110 -> L150 R150: centred or right drift; forward-only policy
  17.8s P0110 -> L150 R150: centred or right drift; forward-only policy
  17.8s P0110 -> L150 R150: centred or right drift; forward-only policy
  17.8s P0110 -> L150 R150: centred or right drift; forward-only policy
  17.8s P0110 -> L150 R150: centred or right drift; forward-only policy
  17.8s P0110 -> L150 R150: centred or right drift; forward-only policy
  17.8s P0110 -> L150 R150: centred or right drift; forward-only policy
  17.8s P0110 -> L150 R150: centred or right drift; forward-only policy
  17.8s P0110 -> L150 R150: centred or right drift; forward-only policy
  17.8s P0110 -> L150 R150: centred or right drift; forward-only policy
  17.8s P0110 -> L150 R150: centred or right drift; forward-only policy
  17.9s P0110 -> L150 R150: centred or right drift; forward-only policy
  17.9s P0110 -> L150 R150: centred or right drift; forward-only policy
  17.9s P0110 -> L150 R150: centred or right drift; forward-only policy
  17.9s P0110 -> L150 R150: centred or right drift; forward-only policy
  17.9s P0110 -> L150 R150: centred or right drift; forward-only policy
  17.9s P0110 -> L150 R150: centred or right drift; forward-only policy
  17.9s P0110 -> L150 R150: centred or right drift; forward-only policy
  17.9s P0110 -> L150 R150: centred or right drift; forward-only policy
  17.9s P0110 -> L150 R150: centred or right drift; forward-only policy
  17.9s P0110 -> L150 R150: centred or right drift; forward-only policy
  18.0s P0110 -> L150 R150: centred or right drift; forward-only policy
  18.0s P0110 -> L150 R150: centred or right drift; forward-only policy
  18.0s P0100 -> L0 R150: drifting left, slight; left correction
  18.0s P0100 -> L0 R150: drifting left, slight; left correction
  18.0s P0100 -> L0 R150: drifting left, slight; left correction
  18.0s P0100 -> L0 R150: drifting left, slight; left correction
  18.0s P0100 -> L0 R150: drifting left, slight; left correction
  18.0s P0100 -> L0 R150: drifting left, slight; left correction
  18.0s P0110 -> L150 R150: centred or right drift; forward-only policy
  18.0s P0110 -> L150 R150: centred or right drift; forward-only policy
  18.1s P0110 -> L150 R150: centred or right drift; forward-only policy
  18.1s P0110 -> L150 R150: centred or right drift; forward-only policy
  18.1s P0110 -> L150 R150: centred or right drift; forward-only policy
  18.1s P0110 -> L150 R150: centred or right drift; forward-only policy
  18.1s P0110 -> L150 R150: centred or right drift; forward-only policy
  18.1s P0110 -> L150 R150: centred or right drift; forward-only policy
  18.1s P0110 -> L150 R150: centred or right drift; forward-only policy
  18.1s P0110 -> L150 R150: centred or right drift; forward-only policy
  18.1s P0110 -> L150 R150: centred or right drift; forward-only policy
  18.2s P0110 -> L150 R150: centred or right drift; forward-only policy
  18.2s P0110 -> L150 R150: centred or right drift; forward-only policy
  18.2s P0110 -> L150 R150: centred or right drift; forward-only policy
  18.2s P0110 -> L150 R150: centred or right drift; forward-only policy
  18.2s P0110 -> L150 R150: centred or right drift; forward-only policy
  18.2s P0110 -> L150 R150: centred or right drift; forward-only policy
  18.2s P0110 -> L150 R150: centred or right drift; forward-only policy
  18.2s P0110 -> L150 R150: centred or right drift; forward-only policy
  18.2s P0110 -> L150 R150: centred or right drift; forward-only policy
  18.2s P0110 -> L150 R150: centred or right drift; forward-only policy
  18.3s P0110 -> L150 R150: centred or right drift; forward-only policy
  18.3s P0110 -> L150 R150: centred or right drift; forward-only policy
  18.3s P0110 -> L150 R150: centred or right drift; forward-only policy
  18.3s P0110 -> L150 R150: centred or right drift; forward-only policy
  18.3s P0110 -> L150 R150: centred or right drift; forward-only policy
  18.3s P0110 -> L150 R150: centred or right drift; forward-only policy
  18.3s P0110 -> L150 R150: centred or right drift; forward-only policy
  18.3s P0110 -> L150 R150: centred or right drift; forward-only policy
  18.3s P0110 -> L150 R150: centred or right drift; forward-only policy
  18.3s P0110 -> L150 R150: centred or right drift; forward-only policy
  18.4s P0110 -> L150 R150: centred or right drift; forward-only policy
  18.4s P0110 -> L150 R150: centred or right drift; forward-only policy
  18.4s P0110 -> L150 R150: centred or right drift; forward-only policy
  18.4s P0110 -> L150 R150: centred or right drift; forward-only policy
  18.4s P0110 -> L150 R150: centred or right drift; forward-only policy
  18.4s P0110 -> L150 R150: centred or right drift; forward-only policy
  18.4s P0110 -> L150 R150: centred or right drift; forward-only policy
  18.4s P0110 -> L150 R150: centred or right drift; forward-only policy
  18.4s P0110 -> L150 R150: centred or right drift; forward-only policy
  18.4s P0110 -> L150 R150: centred or right drift; forward-only policy
  18.5s P0110 -> L150 R150: centred or right drift; forward-only policy
  18.5s P0110 -> L150 R150: centred or right drift; forward-only policy
  18.5s P0110 -> L150 R150: centred or right drift; forward-only policy
  18.5s P0110 -> L150 R150: centred or right drift; forward-only policy
  18.5s P0110 -> L150 R150: centred or right drift; forward-only policy
  18.5s P0110 -> L150 R150: centred or right drift; forward-only policy
  18.5s P0110 -> L150 R150: centred or right drift; forward-only policy
  18.5s P0110 -> L150 R150: centred or right drift; forward-only policy
  18.5s P0110 -> L150 R150: centred or right drift; forward-only policy
  18.5s P0110 -> L150 R150: centred or right drift; forward-only policy
  18.6s P0110 -> L150 R150: centred or right drift; forward-only policy
  18.6s P0110 -> L150 R150: centred or right drift; forward-only policy
  18.6s P0110 -> L150 R150: centred or right drift; forward-only policy
  18.6s P0110 -> L150 R150: centred or right drift; forward-only policy
  18.6s P0110 -> L150 R150: centred or right drift; forward-only policy
  18.6s P0110 -> L150 R150: centred or right drift; forward-only policy
  18.6s P0110 -> L150 R150: centred or right drift; forward-only policy
  18.6s P0110 -> L150 R150: centred or right drift; forward-only policy
  18.6s P0110 -> L150 R150: centred or right drift; forward-only policy
  18.6s P0110 -> L150 R150: centred or right drift; forward-only policy
  18.7s P0110 -> L150 R150: centred or right drift; forward-only policy
  18.7s P0110 -> L150 R150: centred or right drift; forward-only policy
  18.7s P0110 -> L150 R150: centred or right drift; forward-only policy
  18.7s P0110 -> L150 R150: centred or right drift; forward-only policy
  18.7s P0110 -> L150 R150: centred or right drift; forward-only policy
  18.7s P0110 -> L150 R150: centred or right drift; forward-only policy
  18.7s P0110 -> L150 R150: centred or right drift; forward-only policy
  18.7s P0110 -> L150 R150: centred or right drift; forward-only policy
  18.7s P0110 -> L150 R150: centred or right drift; forward-only policy
  18.7s P0110 -> L150 R150: centred or right drift; forward-only policy
  18.8s P0110 -> L150 R150: centred or right drift; forward-only policy
  18.8s P0110 -> L150 R150: centred or right drift; forward-only policy
  18.8s P0110 -> L150 R150: centred or right drift; forward-only policy
  18.8s P0110 -> L150 R150: centred or right drift; forward-only policy
  18.8s P0110 -> L150 R150: centred or right drift; forward-only policy
  18.8s P0110 -> L150 R150: centred or right drift; forward-only policy
  18.8s P0110 -> L150 R150: centred or right drift; forward-only policy
  18.8s P0110 -> L150 R150: centred or right drift; forward-only policy
  18.8s P0110 -> L150 R150: centred or right drift; forward-only policy
  18.8s P0110 -> L150 R150: centred or right drift; forward-only policy
  18.9s P0110 -> L150 R150: centred or right drift; forward-only policy
  18.9s P0110 -> L150 R150: centred or right drift; forward-only policy
  18.9s P0110 -> L150 R150: centred or right drift; forward-only policy
  18.9s P0110 -> L150 R150: centred or right drift; forward-only policy
  18.9s P0110 -> L150 R150: centred or right drift; forward-only policy
  18.9s P0110 -> L150 R150: centred or right drift; forward-only policy
  18.9s P0110 -> L150 R150: centred or right drift; forward-only policy
  18.9s P0110 -> L150 R150: centred or right drift; forward-only policy
  18.9s P0110 -> L150 R150: centred or right drift; forward-only policy
  18.9s P0110 -> L150 R150: centred or right drift; forward-only policy
  19.0s P0110 -> L150 R150: centred or right drift; forward-only policy
  19.0s P0110 -> L150 R150: centred or right drift; forward-only policy
  19.0s P0110 -> L150 R150: centred or right drift; forward-only policy
  19.0s P0110 -> L150 R150: centred or right drift; forward-only policy
  19.0s P0110 -> L150 R150: centred or right drift; forward-only policy
  19.0s P0110 -> L150 R150: centred or right drift; forward-only policy
  19.0s P0110 -> L150 R150: centred or right drift; forward-only policy
  19.0s P0110 -> L150 R150: centred or right drift; forward-only policy
  19.0s P0110 -> L150 R150: centred or right drift; forward-only policy
  19.0s P0110 -> L150 R150: centred or right drift; forward-only policy
  19.1s P0110 -> L150 R150: centred or right drift; forward-only policy
  19.1s P0110 -> L150 R150: centred or right drift; forward-only policy
  19.1s P0110 -> L150 R150: centred or right drift; forward-only policy
  19.1s P0110 -> L150 R150: centred or right drift; forward-only policy
  19.1s P0110 -> L150 R150: centred or right drift; forward-only policy
  19.1s P0110 -> L150 R150: centred or right drift; forward-only policy
  19.1s P0110 -> L150 R150: centred or right drift; forward-only policy
  19.1s P0110 -> L150 R150: centred or right drift; forward-only policy
  19.1s P0110 -> L150 R150: centred or right drift; forward-only policy
  19.1s P0110 -> L150 R150: centred or right drift; forward-only policy
  19.2s P0110 -> L150 R150: centred or right drift; forward-only policy
  19.2s P0110 -> L150 R150: centred or right drift; forward-only policy
  19.2s P0110 -> L150 R150: centred or right drift; forward-only policy
  19.2s P0110 -> L150 R150: centred or right drift; forward-only policy
  19.2s P0110 -> L150 R150: centred or right drift; forward-only policy
  19.2s P0110 -> L150 R150: centred or right drift; forward-only policy
  19.2s P0110 -> L150 R150: centred or right drift; forward-only policy
  19.2s P0110 -> L150 R150: centred or right drift; forward-only policy
  19.2s P0110 -> L150 R150: centred or right drift; forward-only policy
  19.2s P0110 -> L150 R150: centred or right drift; forward-only policy
  19.3s P0110 -> L150 R150: centred or right drift; forward-only policy
  19.3s P0110 -> L150 R150: centred or right drift; forward-only policy
  19.3s P0110 -> L150 R150: centred or right drift; forward-only policy
  19.3s P0110 -> L150 R150: centred or right drift; forward-only policy
  19.3s P0110 -> L150 R150: centred or right drift; forward-only policy
  19.3s P0110 -> L150 R150: centred or right drift; forward-only policy
  19.3s P0110 -> L150 R150: centred or right drift; forward-only policy
  19.3s P0110 -> L150 R150: centred or right drift; forward-only policy
  19.3s P0110 -> L150 R150: centred or right drift; forward-only policy
  19.3s P0110 -> L150 R150: centred or right drift; forward-only policy
  19.4s P0110 -> L150 R150: centred or right drift; forward-only policy
  19.4s P0110 -> L150 R150: centred or right drift; forward-only policy
  19.4s P0110 -> L150 R150: centred or right drift; forward-only policy
  19.4s P0110 -> L150 R150: centred or right drift; forward-only policy
  19.4s P0110 -> L150 R150: centred or right drift; forward-only policy
  19.4s P0110 -> L150 R150: centred or right drift; forward-only policy
  19.4s P0110 -> L150 R150: centred or right drift; forward-only policy
  19.4s P0110 -> L150 R150: centred or right drift; forward-only policy
  19.4s P0110 -> L150 R150: centred or right drift; forward-only policy
  19.4s P0110 -> L150 R150: centred or right drift; forward-only policy
  19.5s P0110 -> L150 R150: centred or right drift; forward-only policy
  19.5s P0110 -> L150 R150: centred or right drift; forward-only policy
  19.5s P0110 -> L150 R150: centred or right drift; forward-only policy
  19.5s P0110 -> L150 R150: centred or right drift; forward-only policy
  19.5s P0110 -> L150 R150: centred or right drift; forward-only policy
  19.5s P0110 -> L150 R150: centred or right drift; forward-only policy
  19.5s P0110 -> L150 R150: centred or right drift; forward-only policy
  19.5s P0110 -> L150 R150: centred or right drift; forward-only policy
  19.5s P0110 -> L150 R150: centred or right drift; forward-only policy
  19.5s P0110 -> L150 R150: centred or right drift; forward-only policy
  19.6s P0110 -> L150 R150: centred or right drift; forward-only policy
  19.6s P0110 -> L150 R150: centred or right drift; forward-only policy
  19.6s P0110 -> L150 R150: centred or right drift; forward-only policy
  19.6s P0110 -> L150 R150: centred or right drift; forward-only policy
  19.6s P0110 -> L150 R150: centred or right drift; forward-only policy
  19.6s P0110 -> L150 R150: centred or right drift; forward-only policy
  19.6s P0110 -> L150 R150: centred or right drift; forward-only policy
  19.6s P0110 -> L150 R150: centred or right drift; forward-only policy
  19.6s P0110 -> L150 R150: centred or right drift; forward-only policy
  19.6s P0110 -> L150 R150: centred or right drift; forward-only policy
  19.7s P0110 -> L150 R150: centred or right drift; forward-only policy
  19.7s P0110 -> L150 R150: centred or right drift; forward-only policy
  19.7s P0110 -> L150 R150: centred or right drift; forward-only policy
  19.7s P0110 -> L150 R150: centred or right drift; forward-only policy
  19.7s P0110 -> L150 R150: centred or right drift; forward-only policy
  19.7s P0110 -> L150 R150: centred or right drift; forward-only policy
  19.7s P0110 -> L150 R150: centred or right drift; forward-only policy
  19.7s P0110 -> L150 R150: centred or right drift; forward-only policy
  19.7s P0110 -> L150 R150: centred or right drift; forward-only policy
  19.7s P0110 -> L150 R150: centred or right drift; forward-only policy
  19.8s P0110 -> L150 R150: centred or right drift; forward-only policy
  19.8s P0110 -> L150 R150: centred or right drift; forward-only policy
  19.8s P0110 -> L150 R150: centred or right drift; forward-only policy
  19.8s P0110 -> L150 R150: centred or right drift; forward-only policy
  19.8s P0110 -> L150 R150: centred or right drift; forward-only policy
  19.8s P0110 -> L150 R150: centred or right drift; forward-only policy
  19.8s P0110 -> L150 R150: centred or right drift; forward-only policy
  19.8s P0110 -> L150 R150: centred or right drift; forward-only policy
  19.8s P0110 -> L150 R150: centred or right drift; forward-only policy
  19.9s P0110 -> L150 R150: centred or right drift; forward-only policy
  19.9s P0110 -> L150 R150: centred or right drift; forward-only policy
  19.9s P0110 -> L150 R150: centred or right drift; forward-only policy
  19.9s P0110 -> L150 R150: centred or right drift; forward-only policy
  19.9s P0110 -> L150 R150: centred or right drift; forward-only policy
  19.9s P0110 -> L150 R150: centred or right drift; forward-only policy
  19.9s P0110 -> L150 R150: centred or right drift; forward-only policy
  19.9s P0110 -> L150 R150: centred or right drift; forward-only policy
  19.9s P0110 -> L150 R150: centred or right drift; forward-only policy
  19.9s P0110 -> L150 R150: centred or right drift; forward-only policy
  20.0s P0110 -> L150 R150: centred or right drift; forward-only policy
  20.0s P0110 -> L150 R150: centred or right drift; forward-only policy
  20.0s P0110 -> L150 R150: centred or right drift; forward-only policy
  20.0s P0110 -> L150 R150: centred or right drift; forward-only policy
  20.0s P0110 -> L150 R150: centred or right drift; forward-only policy
  20.0s P0110 -> L150 R150: centred or right drift; forward-only policy
  20.0s P0110 -> L150 R150: centred or right drift; forward-only policy
  20.0s P0110 -> L150 R150: centred or right drift; forward-only policy
  20.0s P0110 -> L150 R150: centred or right drift; forward-only policy
  20.0s P0110 -> L150 R150: centred or right drift; forward-only policy
  20.1s P0110 -> L150 R150: centred or right drift; forward-only policy
  20.1s P0110 -> L150 R150: centred or right drift; forward-only policy
  20.1s P0110 -> L150 R150: centred or right drift; forward-only policy
  20.1s P0110 -> L150 R150: centred or right drift; forward-only policy
  20.1s P0110 -> L150 R150: centred or right drift; forward-only policy
  20.1s P0110 -> L150 R150: centred or right drift; forward-only policy
  20.1s P0110 -> L150 R150: centred or right drift; forward-only policy
  20.1s P0110 -> L150 R150: centred or right drift; forward-only policy
  20.1s P0110 -> L150 R150: centred or right drift; forward-only policy
  20.1s P0110 -> L150 R150: centred or right drift; forward-only policy
  20.2s P0110 -> L150 R150: centred or right drift; forward-only policy
  20.2s P0110 -> L150 R150: centred or right drift; forward-only policy
  20.2s P0110 -> L150 R150: centred or right drift; forward-only policy
  20.2s P0110 -> L150 R150: centred or right drift; forward-only policy
  20.2s P0110 -> L150 R150: centred or right drift; forward-only policy
  20.2s P0110 -> L150 R150: centred or right drift; forward-only policy
  20.2s P0110 -> L150 R150: centred or right drift; forward-only policy
  20.2s P0110 -> L150 R150: centred or right drift; forward-only policy
  20.2s P0110 -> L150 R150: centred or right drift; forward-only policy
  20.2s P0110 -> L150 R150: centred or right drift; forward-only policy
  20.3s P0110 -> L150 R150: centred or right drift; forward-only policy
  20.3s P0110 -> L150 R150: centred or right drift; forward-only policy
  20.3s P0110 -> L150 R150: centred or right drift; forward-only policy
  20.3s P0110 -> L150 R150: centred or right drift; forward-only policy
  20.3s P0110 -> L150 R150: centred or right drift; forward-only policy
  20.3s P0110 -> L150 R150: centred or right drift; forward-only policy
  20.3s P0110 -> L150 R150: centred or right drift; forward-only policy
  20.3s P0110 -> L150 R150: centred or right drift; forward-only policy
  20.3s P0110 -> L150 R150: centred or right drift; forward-only policy
  20.3s P0110 -> L150 R150: centred or right drift; forward-only policy
  20.4s P0110 -> L150 R150: centred or right drift; forward-only policy
  20.4s P0110 -> L150 R150: centred or right drift; forward-only policy
  20.4s P0110 -> L150 R150: centred or right drift; forward-only policy
  20.4s P0110 -> L150 R150: centred or right drift; forward-only policy
  20.4s P0110 -> L150 R150: centred or right drift; forward-only policy
  20.4s P0110 -> L150 R150: centred or right drift; forward-only policy
  20.4s P0110 -> L150 R150: centred or right drift; forward-only policy
  20.4s P0110 -> L150 R150: centred or right drift; forward-only policy
  20.4s P0110 -> L150 R150: centred or right drift; forward-only policy
  20.4s P0110 -> L150 R150: centred or right drift; forward-only policy
  20.5s P0110 -> L150 R150: centred or right drift; forward-only policy
  20.5s P0110 -> L150 R150: centred or right drift; forward-only policy
  20.5s P0110 -> L150 R150: centred or right drift; forward-only policy
  20.5s P0110 -> L150 R150: centred or right drift; forward-only policy
  20.5s P0110 -> L150 R150: centred or right drift; forward-only policy
  20.5s P0110 -> L150 R150: centred or right drift; forward-only policy
  20.5s P0110 -> L150 R150: centred or right drift; forward-only policy
  20.5s P0110 -> L150 R150: centred or right drift; forward-only policy
  20.5s P0110 -> L150 R150: centred or right drift; forward-only policy
  20.5s P0110 -> L150 R150: centred or right drift; forward-only policy
  20.6s P0110 -> L150 R150: centred or right drift; forward-only policy
  20.6s P0110 -> L150 R150: centred or right drift; forward-only policy
  20.6s P0110 -> L150 R150: centred or right drift; forward-only policy
  20.6s P0110 -> L150 R150: centred or right drift; forward-only policy
  20.6s P0110 -> L150 R150: centred or right drift; forward-only policy
  20.6s P0110 -> L150 R150: centred or right drift; forward-only policy
  20.6s P0110 -> L150 R150: centred or right drift; forward-only policy
  20.6s P0110 -> L150 R150: centred or right drift; forward-only policy
  20.6s P0110 -> L150 R150: centred or right drift; forward-only policy
  20.6s P0110 -> L150 R150: centred or right drift; forward-only policy
  20.7s P0110 -> L150 R150: centred or right drift; forward-only policy
  20.7s P0110 -> L150 R150: centred or right drift; forward-only policy
  20.7s P0110 -> L150 R150: centred or right drift; forward-only policy
  20.7s P0110 -> L150 R150: centred or right drift; forward-only policy
  20.7s P0110 -> L150 R150: centred or right drift; forward-only policy
  20.7s P0110 -> L150 R150: centred or right drift; forward-only policy
  20.7s P0110 -> L150 R150: centred or right drift; forward-only policy
  20.7s P0110 -> L150 R150: centred or right drift; forward-only policy
  20.7s P0110 -> L150 R150: centred or right drift; forward-only policy
  20.7s P0110 -> L150 R150: centred or right drift; forward-only policy
  20.8s P0110 -> L150 R150: centred or right drift; forward-only policy
  20.8s P0110 -> L150 R150: centred or right drift; forward-only policy
  20.8s P0110 -> L150 R150: centred or right drift; forward-only policy
  20.8s P0110 -> L150 R150: centred or right drift; forward-only policy
  20.8s P0110 -> L150 R150: centred or right drift; forward-only policy
  20.8s P0110 -> L150 R150: centred or right drift; forward-only policy
  20.8s P0110 -> L150 R150: centred or right drift; forward-only policy
  20.8s P0110 -> L150 R150: centred or right drift; forward-only policy
  20.8s P0110 -> L150 R150: centred or right drift; forward-only policy
  20.8s P0110 -> L150 R150: centred or right drift; forward-only policy
  20.9s P0110 -> L150 R150: centred or right drift; forward-only policy
  20.9s P0110 -> L150 R150: centred or right drift; forward-only policy
  20.9s P0110 -> L150 R150: centred or right drift; forward-only policy
  20.9s P0110 -> L150 R150: centred or right drift; forward-only policy
  20.9s P0110 -> L150 R150: centred or right drift; forward-only policy
  20.9s P0110 -> L150 R150: centred or right drift; forward-only policy
  20.9s P0110 -> L150 R150: centred or right drift; forward-only policy
  20.9s P0110 -> L150 R150: centred or right drift; forward-only policy
  20.9s P0110 -> L150 R150: centred or right drift; forward-only policy
  20.9s P0110 -> L150 R150: centred or right drift; forward-only policy
  21.0s P0110 -> L150 R150: centred or right drift; forward-only policy
  21.0s P0110 -> L150 R150: centred or right drift; forward-only policy
  21.0s P0110 -> L150 R150: centred or right drift; forward-only policy
  21.0s P0110 -> L150 R150: centred or right drift; forward-only policy
  21.0s P0110 -> L150 R150: centred or right drift; forward-only policy
  21.0s P0110 -> L150 R150: centred or right drift; forward-only policy
  21.0s P0110 -> L150 R150: centred or right drift; forward-only policy
  21.0s P0110 -> L150 R150: centred or right drift; forward-only policy
  21.0s P0110 -> L150 R150: centred or right drift; forward-only policy
  21.0s P0110 -> L150 R150: centred or right drift; forward-only policy
  21.1s P0110 -> L150 R150: centred or right drift; forward-only policy
  21.1s P0110 -> L150 R150: centred or right drift; forward-only policy
  21.1s P0110 -> L150 R150: centred or right drift; forward-only policy
  21.1s P0110 -> L150 R150: centred or right drift; forward-only policy
  21.1s P0110 -> L150 R150: centred or right drift; forward-only policy
  21.1s P0110 -> L150 R150: centred or right drift; forward-only policy
  21.1s P0110 -> L150 R150: centred or right drift; forward-only policy
  21.1s P0110 -> L150 R150: centred or right drift; forward-only policy
  21.1s P0110 -> L150 R150: centred or right drift; forward-only policy
  21.1s P0110 -> L150 R150: centred or right drift; forward-only policy
  21.2s P0110 -> L150 R150: centred or right drift; forward-only policy
  21.2s P0110 -> L150 R150: centred or right drift; forward-only policy
  21.2s P0110 -> L150 R150: centred or right drift; forward-only policy
  21.2s P0110 -> L150 R150: centred or right drift; forward-only policy
  21.2s P0110 -> L150 R150: centred or right drift; forward-only policy
  21.2s P0110 -> L150 R150: centred or right drift; forward-only policy
  21.2s P0110 -> L150 R150: centred or right drift; forward-only policy
  21.2s P0110 -> L150 R150: centred or right drift; forward-only policy
  21.2s P0110 -> L150 R150: centred or right drift; forward-only policy
  21.2s P0110 -> L150 R150: centred or right drift; forward-only policy
  21.3s P0110 -> L150 R150: centred or right drift; forward-only policy
  21.3s P0110 -> L150 R150: centred or right drift; forward-only policy
  21.3s P0110 -> L150 R150: centred or right drift; forward-only policy
  21.3s P0110 -> L150 R150: centred or right drift; forward-only policy
  21.3s P0110 -> L150 R150: centred or right drift; forward-only policy
  21.3s P0110 -> L150 R150: centred or right drift; forward-only policy
  21.3s P0110 -> L150 R150: centred or right drift; forward-only policy
  21.3s P0110 -> L150 R150: centred or right drift; forward-only policy
  21.3s P0110 -> L150 R150: centred or right drift; forward-only policy
  21.3s P0110 -> L150 R150: centred or right drift; forward-only policy
  21.4s P0110 -> L150 R150: centred or right drift; forward-only policy
  21.4s P0110 -> L150 R150: centred or right drift; forward-only policy
  21.4s P0110 -> L150 R150: centred or right drift; forward-only policy
  21.4s P0110 -> L150 R150: centred or right drift; forward-only policy
  21.4s P0110 -> L150 R150: centred or right drift; forward-only policy
  21.4s P0110 -> L150 R150: centred or right drift; forward-only policy
  21.4s P0110 -> L150 R150: centred or right drift; forward-only policy
  21.4s P0110 -> L150 R150: centred or right drift; forward-only policy
  21.4s P0110 -> L150 R150: centred or right drift; forward-only policy
  21.4s P0110 -> L150 R150: centred or right drift; forward-only policy
  21.5s P0110 -> L150 R150: centred or right drift; forward-only policy
  21.5s P0110 -> L150 R150: centred or right drift; forward-only policy
  21.5s P0110 -> L150 R150: centred or right drift; forward-only policy
  21.5s P0110 -> L150 R150: centred or right drift; forward-only policy
  21.5s P0110 -> L150 R150: centred or right drift; forward-only policy
  21.5s P0110 -> L150 R150: centred or right drift; forward-only policy
  21.5s P0110 -> L150 R150: centred or right drift; forward-only policy
  21.5s P0110 -> L150 R150: centred or right drift; forward-only policy
  21.5s P0110 -> L150 R150: centred or right drift; forward-only policy
  21.6s P0110 -> L150 R150: centred or right drift; forward-only policy
  21.6s P0110 -> L150 R150: centred or right drift; forward-only policy
  21.6s P0110 -> L150 R150: centred or right drift; forward-only policy
  21.6s P0110 -> L150 R150: centred or right drift; forward-only policy
  21.6s P0110 -> L150 R150: centred or right drift; forward-only policy
  21.6s P0110 -> L150 R150: centred or right drift; forward-only policy
  21.6s P0110 -> L150 R150: centred or right drift; forward-only policy
  21.6s P0110 -> L150 R150: centred or right drift; forward-only policy
  21.6s P0110 -> L150 R150: centred or right drift; forward-only policy
  21.6s P0110 -> L150 R150: centred or right drift; forward-only policy
  21.7s P0110 -> L150 R150: centred or right drift; forward-only policy
  21.7s P0110 -> L150 R150: centred or right drift; forward-only policy
  21.7s P0110 -> L150 R150: centred or right drift; forward-only policy
  21.7s P0110 -> L150 R150: centred or right drift; forward-only policy
  21.7s P0110 -> L150 R150: centred or right drift; forward-only policy
  21.7s P0110 -> L150 R150: centred or right drift; forward-only policy
  21.7s P0110 -> L150 R150: centred or right drift; forward-only policy
  21.7s P0110 -> L150 R150: centred or right drift; forward-only policy
  21.7s P0110 -> L150 R150: centred or right drift; forward-only policy
  21.7s P0110 -> L150 R150: centred or right drift; forward-only policy
  21.8s P0110 -> L150 R150: centred or right drift; forward-only policy
  21.8s P0110 -> L150 R150: centred or right drift; forward-only policy
  21.8s P0110 -> L150 R150: centred or right drift; forward-only policy
  21.8s P0110 -> L150 R150: centred or right drift; forward-only policy
  21.8s P0110 -> L150 R150: centred or right drift; forward-only policy
  21.8s P0110 -> L150 R150: centred or right drift; forward-only policy
  21.8s P0110 -> L150 R150: centred or right drift; forward-only policy
  21.8s P0110 -> L150 R150: centred or right drift; forward-only policy
  21.8s P0110 -> L150 R150: centred or right drift; forward-only policy
  21.8s P0110 -> L150 R150: centred or right drift; forward-only policy
  21.9s P0110 -> L150 R150: centred or right drift; forward-only policy
  21.9s P0110 -> L150 R150: centred or right drift; forward-only policy
  21.9s P0110 -> L150 R150: centred or right drift; forward-only policy
  21.9s P0110 -> L150 R150: centred or right drift; forward-only policy
  21.9s P0110 -> L150 R150: centred or right drift; forward-only policy
  21.9s P0110 -> L150 R150: centred or right drift; forward-only policy
  21.9s P0110 -> L150 R150: centred or right drift; forward-only policy
  21.9s P0110 -> L150 R150: centred or right drift; forward-only policy
  21.9s P0110 -> L150 R150: centred or right drift; forward-only policy
  21.9s P0110 -> L150 R150: centred or right drift; forward-only policy
  22.0s P0110 -> L150 R150: centred or right drift; forward-only policy
  22.0s P0110 -> L150 R150: centred or right drift; forward-only policy
  22.0s P0110 -> L150 R150: centred or right drift; forward-only policy
  22.0s P0110 -> L150 R150: centred or right drift; forward-only policy
  22.0s P0110 -> L150 R150: centred or right drift; forward-only policy
  22.0s P0100 -> L0 R150: drifting left, slight; left correction
  22.0s P0100 -> L0 R150: drifting left, slight; left correction
  22.0s P0100 -> L0 R150: drifting left, slight; left correction
  22.0s P0100 -> L0 R150: drifting left, slight; left correction
  22.0s P0100 -> L0 R150: drifting left, slight; left correction
  22.1s P0100 -> L0 R150: drifting left, slight; left correction
  22.1s P0100 -> L0 R150: drifting left, slight; left correction
  22.1s P0100 -> L0 R150: drifting left, slight; left correction
  22.1s P0100 -> L0 R150: drifting left, slight; left correction
  22.1s P0100 -> L0 R150: drifting left, slight; left correction
  22.1s P0100 -> L0 R150: drifting left, slight; left correction
  22.1s P1100 -> L0 R150: left pair, needs >2.8cm of black; stronger left curve correction
  22.1s P1100 -> L0 R150: left pair, needs >2.8cm of black; stronger left curve correction
  22.1s P1100 -> L0 R150: left pair, needs >2.8cm of black; stronger left curve correction
  22.1s P1100 -> L0 R150: left pair, needs >2.8cm of black; stronger left curve correction
  22.2s P1100 -> L0 R150: left pair, needs >2.8cm of black; stronger left curve correction
  22.2s P1100 -> L0 R150: left pair, needs >2.8cm of black; stronger left curve correction
  22.2s P1100 -> L0 R150: left pair, needs >2.8cm of black; stronger left curve correction
  22.2s P1100 -> L0 R150: left pair, needs >2.8cm of black; stronger left curve correction
  22.2s P1100 -> L0 R150: left pair, needs >2.8cm of black; stronger left curve correction
  22.2s P1100 -> L0 R150: left pair, needs >2.8cm of black; stronger left curve correction
  22.2s P1100 -> L0 R150: left pair, needs >2.8cm of black; stronger left curve correction
  22.2s P1100 -> L0 R150: left pair, needs >2.8cm of black; stronger left curve correction
  22.2s P1100 -> L0 R150: left pair, needs >2.8cm of black; stronger left curve correction
  22.2s P1100 -> L0 R150: left pair, needs >2.8cm of black; stronger left curve correction
  22.3s P1100 -> L0 R150: left pair, needs >2.8cm of black; stronger left curve correction
  22.3s P1100 -> L0 R150: left pair, needs >2.8cm of black; stronger left curve correction
  22.3s P1100 -> L0 R150: left pair, needs >2.8cm of black; stronger left curve correction
  22.3s P1100 -> L0 R150: left pair, needs >2.8cm of black; stronger left curve correction
  22.3s P1100 -> L0 R150: left pair, needs >2.8cm of black; stronger left curve correction
  22.3s P1100 -> L0 R150: left pair, needs >2.8cm of black; stronger left curve correction
  22.3s P1100 -> L0 R150: left pair, needs >2.8cm of black; stronger left curve correction
  22.3s P1100 -> L0 R150: left pair, needs >2.8cm of black; stronger left curve correction
  22.3s P1100 -> L0 R150: left pair, needs >2.8cm of black; stronger left curve correction
  22.3s P1100 -> L0 R150: left pair, needs >2.8cm of black; stronger left curve correction
  22.4s P1100 -> L0 R150: left pair, needs >2.8cm of black; stronger left curve correction
  22.4s P1100 -> L0 R150: left pair, needs >2.8cm of black; stronger left curve correction
  22.4s P1100 -> L0 R150: left pair, needs >2.8cm of black; stronger left curve correction
  22.4s P1100 -> L0 R150: left pair, needs >2.8cm of black; stronger left curve correction
  22.4s P1100 -> L0 R150: left pair, needs >2.8cm of black; stronger left curve correction
  22.4s P1100 -> L0 R150: left pair, needs >2.8cm of black; stronger left curve correction
  22.4s P1100 -> L0 R150: left pair, needs >2.8cm of black; stronger left curve correction
  22.4s P1100 -> L0 R150: left pair, needs >2.8cm of black; stronger left curve correction
  22.4s P1100 -> L0 R150: left pair, needs >2.8cm of black; stronger left curve correction
  22.4s P1100 -> L0 R150: left pair, needs >2.8cm of black; stronger left curve correction
  22.5s P1100 -> L0 R150: left pair, needs >2.8cm of black; stronger left curve correction
  22.5s P1100 -> L0 R150: left pair, needs >2.8cm of black; stronger left curve correction
  22.5s P1100 -> L0 R150: left pair, needs >2.8cm of black; stronger left curve correction
  22.5s P1000 -> L-150 R150: far left, outer sensor only; hard left; left correction
  22.5s P1000 -> L-150 R150: far left, outer sensor only; hard left; left correction
  22.5s P1000 -> L-150 R150: far left, outer sensor only; hard left; left correction
  22.5s P1000 -> L-150 R150: far left, outer sensor only; hard left; left correction
  22.5s P1000 -> L-150 R150: far left, outer sensor only; hard left; left correction
  22.5s P1000 -> L-150 R150: far left, outer sensor only; hard left; left correction
  22.5s P1000 -> L-150 R150: far left, outer sensor only; hard left; left correction
  22.6s P1000 -> L-150 R150: far left, outer sensor only; hard left; left correction
  22.6s P1000 -> L-150 R150: far left, outer sensor only; hard left; left correction
  22.6s P1000 -> L-150 R150: far left, outer sensor only; hard left; left correction
  22.6s P1000 -> L-150 R150: far left, outer sensor only; hard left; left correction
  22.6s P1000 -> L-150 R150: far left, outer sensor only; hard left; left correction
  22.6s P1000 -> L-150 R150: far left, outer sensor only; hard left; left correction
  22.6s P1000 -> L-150 R150: far left, outer sensor only; hard left; left correction
  22.6s P1000 -> L-150 R150: far left, outer sensor only; hard left; left correction
  22.6s P1000 -> L-150 R150: far left, outer sensor only; hard left; left correction
  22.6s P1000 -> L-150 R150: far left, outer sensor only; hard left; left correction
  22.7s P1000 -> L-150 R150: far left, outer sensor only; hard left; left correction
  22.7s P1000 -> L-150 R150: far left, outer sensor only; hard left; left correction
  22.7s P1000 -> L-150 R150: far left, outer sensor only; hard left; left correction
  22.7s P1000 -> L-150 R150: far left, outer sensor only; hard left; left correction
  22.7s P1000 -> L-150 R150: far left, outer sensor only; hard left; left correction
  22.7s P1000 -> L-150 R150: far left, outer sensor only; hard left; left correction
  22.7s P1000 -> L-150 R150: far left, outer sensor only; hard left; left correction
  22.7s P1000 -> L-150 R150: far left, outer sensor only; hard left; left correction
  22.7s P1000 -> L-150 R150: far left, outer sensor only; hard left; left correction
  22.7s P1000 -> L-150 R150: far left, outer sensor only; hard left; left correction
  22.8s P1000 -> L-150 R150: far left, outer sensor only; hard left; left correction
  22.8s P1000 -> L-150 R150: far left, outer sensor only; hard left; left correction
  22.8s P1000 -> L-150 R150: far left, outer sensor only; hard left; left correction
  22.8s P1000 -> L-150 R150: far left, outer sensor only; hard left; left correction
  22.8s P1000 -> L-150 R150: far left, outer sensor only; hard left; left correction
  22.8s P1000 -> L-150 R150: far left, outer sensor only; hard left; left correction
  22.8s P1000 -> L-150 R150: far left, outer sensor only; hard left; left correction
  22.8s P1000 -> L-150 R150: far left, outer sensor only; hard left; left correction
  22.8s P1000 -> L-150 R150: far left, outer sensor only; hard left; left correction
  22.8s P1000 -> L-150 R150: far left, outer sensor only; hard left; left correction
  22.9s P1000 -> L-150 R150: far left, outer sensor only; hard left; left correction
  22.9s P1000 -> L-150 R150: far left, outer sensor only; hard left; left correction
  22.9s P1000 -> L-150 R150: far left, outer sensor only; hard left; left correction
  22.9s P1000 -> L-150 R150: far left, outer sensor only; hard left; left correction
  22.9s P1100 -> L0 R150: left pair, needs >2.8cm of black; stronger left curve correction
  22.9s P1100 -> L0 R150: left pair, needs >2.8cm of black; stronger left curve correction
  22.9s P1100 -> L0 R150: left pair, needs >2.8cm of black; stronger left curve correction
  22.9s P1100 -> L0 R150: left pair, needs >2.8cm of black; stronger left curve correction
  22.9s P1000 -> L-150 R150: far left, outer sensor only; hard left; left correction
  22.9s P1000 -> L-150 R150: far left, outer sensor only; hard left; left correction
  23.0s P1000 -> L-150 R150: far left, outer sensor only; hard left; left correction
  23.0s P1000 -> L-150 R150: far left, outer sensor only; hard left; left correction
  23.0s P1000 -> L-150 R150: far left, outer sensor only; hard left; left correction
  23.0s P1000 -> L-150 R150: far left, outer sensor only; hard left; left correction
  23.0s P1000 -> L-150 R150: far left, outer sensor only; hard left; left correction
  23.0s P1000 -> L-150 R150: far left, outer sensor only; hard left; left correction
  23.0s P1000 -> L-150 R150: far left, outer sensor only; hard left; left correction
  23.0s P1000 -> L-150 R150: far left, outer sensor only; hard left; left correction
  23.0s P1100 -> L0 R150: left pair, needs >2.8cm of black; stronger left curve correction
  23.0s P1100 -> L0 R150: left pair, needs >2.8cm of black; stronger left curve correction
  23.1s P1100 -> L0 R150: left pair, needs >2.8cm of black; stronger left curve correction
  23.1s P1100 -> L0 R150: left pair, needs >2.8cm of black; stronger left curve correction
  23.1s P1100 -> L0 R150: left pair, needs >2.8cm of black; stronger left curve correction
  23.1s P1100 -> L0 R150: left pair, needs >2.8cm of black; stronger left curve correction
  23.1s P1100 -> L0 R150: left pair, needs >2.8cm of black; stronger left curve correction
  23.1s P1100 -> L0 R150: left pair, needs >2.8cm of black; stronger left curve correction
  23.1s P1000 -> L-150 R150: far left, outer sensor only; hard left; left correction
  23.1s P1000 -> L-150 R150: far left, outer sensor only; hard left; left correction
  23.1s P1000 -> L-150 R150: far left, outer sensor only; hard left; left correction
  23.1s P1000 -> L-150 R150: far left, outer sensor only; hard left; left correction
  23.2s P1000 -> L-150 R150: far left, outer sensor only; hard left; left correction
  23.2s P1000 -> L-150 R150: far left, outer sensor only; hard left; left correction
  23.2s P1000 -> L-150 R150: far left, outer sensor only; hard left; left correction
  23.2s P1000 -> L-150 R150: far left, outer sensor only; hard left; left correction
  23.2s P1000 -> L-150 R150: far left, outer sensor only; hard left; left correction
  23.2s P1000 -> L-150 R150: far left, outer sensor only; hard left; left correction
  23.2s P1000 -> L-150 R150: far left, outer sensor only; hard left; left correction
  23.2s P1000 -> L-150 R150: far left, outer sensor only; hard left; left correction
  23.2s P1000 -> L-150 R150: far left, outer sensor only; hard left; left correction
  23.3s P1000 -> L-150 R150: far left, outer sensor only; hard left; left correction
  23.3s P1100 -> L0 R150: left pair, needs >2.8cm of black; stronger left curve correction
  23.3s P1100 -> L0 R150: left pair, needs >2.8cm of black; stronger left curve correction
  23.3s P1100 -> L0 R150: left pair, needs >2.8cm of black; stronger left curve correction
  23.3s P1100 -> L0 R150: left pair, needs >2.8cm of black; stronger left curve correction
  23.3s P1100 -> L0 R150: left pair, needs >2.8cm of black; stronger left curve correction
  23.3s P1100 -> L0 R150: left pair, needs >2.8cm of black; stronger left curve correction
  23.3s P1100 -> L0 R150: left pair, needs >2.8cm of black; stronger left curve correction
  23.3s P1100 -> L0 R150: left pair, needs >2.8cm of black; stronger left curve correction
  23.3s P1100 -> L0 R150: left pair, needs >2.8cm of black; stronger left curve correction
  23.4s P1100 -> L0 R150: left pair, needs >2.8cm of black; stronger left curve correction
  23.4s P1100 -> L0 R150: left pair, needs >2.8cm of black; stronger left curve correction
  23.4s P1000 -> L-150 R150: far left, outer sensor only; hard left; left correction
  23.4s P1000 -> L-150 R150: far left, outer sensor only; hard left; left correction
  23.4s P1000 -> L-150 R150: far left, outer sensor only; hard left; left correction
  23.4s P1000 -> L-150 R150: far left, outer sensor only; hard left; left correction
  23.4s P1000 -> L-150 R150: far left, outer sensor only; hard left; left correction
  23.4s P1000 -> L-150 R150: far left, outer sensor only; hard left; left correction
  23.4s P1000 -> L-150 R150: far left, outer sensor only; hard left; left correction
  23.4s P1000 -> L-150 R150: far left, outer sensor only; hard left; left correction
  23.5s P1000 -> L-150 R150: far left, outer sensor only; hard left; left correction
  23.5s P1000 -> L-150 R150: far left, outer sensor only; hard left; left correction
  23.5s P1000 -> L-150 R150: far left, outer sensor only; hard left; left correction
  23.5s P1000 -> L-150 R150: far left, outer sensor only; hard left; left correction
  23.5s P1000 -> L-150 R150: far left, outer sensor only; hard left; left correction
  23.5s P1000 -> L-150 R150: far left, outer sensor only; hard left; left correction
  23.5s P1000 -> L-150 R150: far left, outer sensor only; hard left; left correction
  23.5s P1000 -> L-150 R150: far left, outer sensor only; hard left; left correction
  23.5s P1000 -> L-150 R150: far left, outer sensor only; hard left; left correction
  23.5s P1000 -> L-150 R150: far left, outer sensor only; hard left; left correction
  23.6s P1000 -> L-150 R150: far left, outer sensor only; hard left; left correction
  23.6s P1000 -> L-150 R150: far left, outer sensor only; hard left; left correction
  23.6s P1000 -> L-150 R150: far left, outer sensor only; hard left; left correction
  23.6s P1000 -> L-150 R150: far left, outer sensor only; hard left; left correction
  23.6s P1000 -> L-150 R150: far left, outer sensor only; hard left; left correction
  23.6s P1000 -> L-150 R150: far left, outer sensor only; hard left; left correction
  23.6s P1000 -> L-150 R150: far left, outer sensor only; hard left; left correction
  23.6s P1000 -> L-150 R150: far left, outer sensor only; hard left; left correction
  23.6s P1000 -> L-150 R150: far left, outer sensor only; hard left; left correction
  23.6s P1000 -> L-150 R150: far left, outer sensor only; hard left; left correction
  23.7s P1000 -> L-150 R150: far left, outer sensor only; hard left; left correction
  23.7s P1100 -> L0 R150: left pair, needs >2.8cm of black; stronger left curve correction
  23.7s P1100 -> L0 R150: left pair, needs >2.8cm of black; stronger left curve correction
  23.7s P1100 -> L0 R150: left pair, needs >2.8cm of black; stronger left curve correction
  23.7s P1100 -> L0 R150: left pair, needs >2.8cm of black; stronger left curve correction
  23.7s P1100 -> L0 R150: left pair, needs >2.8cm of black; stronger left curve correction
  23.7s P1100 -> L0 R150: left pair, needs >2.8cm of black; stronger left curve correction
  23.7s P1100 -> L0 R150: left pair, needs >2.8cm of black; stronger left curve correction
  23.7s P1100 -> L0 R150: left pair, needs >2.8cm of black; stronger left curve correction
  23.7s P1100 -> L0 R150: left pair, needs >2.8cm of black; stronger left curve correction
  23.8s P1100 -> L0 R150: left pair, needs >2.8cm of black; stronger left curve correction
  23.8s P1100 -> L0 R150: left pair, needs >2.8cm of black; stronger left curve correction
  23.8s P1100 -> L0 R150: left pair, needs >2.8cm of black; stronger left curve correction
  23.8s P1100 -> L0 R150: left pair, needs >2.8cm of black; stronger left curve correction
  23.8s P1100 -> L0 R150: left pair, needs >2.8cm of black; stronger left curve correction
  23.8s P1100 -> L0 R150: left pair, needs >2.8cm of black; stronger left curve correction
  23.8s P1100 -> L0 R150: left pair, needs >2.8cm of black; stronger left curve correction
  23.8s P1100 -> L0 R150: left pair, needs >2.8cm of black; stronger left curve correction
  23.8s P1100 -> L0 R150: left pair, needs >2.8cm of black; stronger left curve correction
  23.8s P1100 -> L0 R150: left pair, needs >2.8cm of black; stronger left curve correction
  23.9s P1100 -> L0 R150: left pair, needs >2.8cm of black; stronger left curve correction
  23.9s P1100 -> L0 R150: left pair, needs >2.8cm of black; stronger left curve correction
  23.9s P1100 -> L0 R150: left pair, needs >2.8cm of black; stronger left curve correction
  23.9s P1100 -> L0 R150: left pair, needs >2.8cm of black; stronger left curve correction
  23.9s P1100 -> L0 R150: left pair, needs >2.8cm of black; stronger left curve correction
  23.9s P1100 -> L0 R150: left pair, needs >2.8cm of black; stronger left curve correction
  23.9s P1100 -> L0 R150: left pair, needs >2.8cm of black; stronger left curve correction
  23.9s P1100 -> L0 R150: left pair, needs >2.8cm of black; stronger left curve correction
  23.9s P1100 -> L0 R150: left pair, needs >2.8cm of black; stronger left curve correction
  23.9s P1100 -> L0 R150: left pair, needs >2.8cm of black; stronger left curve correction
  24.0s P1100 -> L0 R150: left pair, needs >2.8cm of black; stronger left curve correction
  24.0s P1100 -> L0 R150: left pair, needs >2.8cm of black; stronger left curve correction
  24.0s P1100 -> L0 R150: left pair, needs >2.8cm of black; stronger left curve correction
  24.0s P1100 -> L0 R150: left pair, needs >2.8cm of black; stronger left curve correction
  24.0s P1100 -> L0 R150: left pair, needs >2.8cm of black; stronger left curve correction
  24.0s P1100 -> L0 R150: left pair, needs >2.8cm of black; stronger left curve correction
  24.0s P1100 -> L0 R150: left pair, needs >2.8cm of black; stronger left curve correction
  24.0s P1100 -> L0 R150: left pair, needs >2.8cm of black; stronger left curve correction
  24.0s P1100 -> L0 R150: left pair, needs >2.8cm of black; stronger left curve correction
  24.0s P1100 -> L0 R150: left pair, needs >2.8cm of black; stronger left curve correction
  24.1s P1100 -> L0 R150: left pair, needs >2.8cm of black; stronger left curve correction
  24.1s P1100 -> L0 R150: left pair, needs >2.8cm of black; stronger left curve correction
  24.1s P1100 -> L0 R150: left pair, needs >2.8cm of black; stronger left curve correction
  24.1s P1100 -> L0 R150: left pair, needs >2.8cm of black; stronger left curve correction
  24.1s P1100 -> L0 R150: left pair, needs >2.8cm of black; stronger left curve correction
  24.1s P1100 -> L0 R150: left pair, needs >2.8cm of black; stronger left curve correction
  24.1s P1100 -> L0 R150: left pair, needs >2.8cm of black; stronger left curve correction
  24.1s P1100 -> L0 R150: left pair, needs >2.8cm of black; stronger left curve correction
  24.1s P1100 -> L0 R150: left pair, needs >2.8cm of black; stronger left curve correction
  24.1s P1100 -> L0 R150: left pair, needs >2.8cm of black; stronger left curve correction
  24.2s P1100 -> L0 R150: left pair, needs >2.8cm of black; stronger left curve correction
  24.2s P1100 -> L0 R150: left pair, needs >2.8cm of black; stronger left curve correction
  24.2s P1100 -> L0 R150: left pair, needs >2.8cm of black; stronger left curve correction
  24.2s P1100 -> L0 R150: left pair, needs >2.8cm of black; stronger left curve correction
  24.2s P1100 -> L0 R150: left pair, needs >2.8cm of black; stronger left curve correction
  24.2s P1100 -> L0 R150: left pair, needs >2.8cm of black; stronger left curve correction
  24.2s P1100 -> L0 R150: left pair, needs >2.8cm of black; stronger left curve correction
  24.2s P1100 -> L0 R150: left pair, needs >2.8cm of black; stronger left curve correction
  24.2s P1100 -> L0 R150: left pair, needs >2.8cm of black; stronger left curve correction
  24.2s P1100 -> L0 R150: left pair, needs >2.8cm of black; stronger left curve correction
  24.3s P1100 -> L0 R150: left pair, needs >2.8cm of black; stronger left curve correction
  24.3s P1100 -> L0 R150: left pair, needs >2.8cm of black; stronger left curve correction
  24.3s P1100 -> L0 R150: left pair, needs >2.8cm of black; stronger left curve correction
  24.3s P1100 -> L0 R150: left pair, needs >2.8cm of black; stronger left curve correction
  24.3s P1100 -> L0 R150: left pair, needs >2.8cm of black; stronger left curve correction
  24.3s P1100 -> L0 R150: left pair, needs >2.8cm of black; stronger left curve correction
  24.3s P1100 -> L0 R150: left pair, needs >2.8cm of black; stronger left curve correction
  24.3s P1100 -> L0 R150: left pair, needs >2.8cm of black; stronger left curve correction
  24.3s P1100 -> L0 R150: left pair, needs >2.8cm of black; stronger left curve correction
  24.3s P1100 -> L0 R150: left pair, needs >2.8cm of black; stronger left curve correction
  24.4s P0100 -> L0 R150: drifting left, slight; left correction
  24.4s P0100 -> L0 R150: drifting left, slight; left correction
  24.4s P0100 -> L0 R150: drifting left, slight; left correction
  24.4s P0100 -> L0 R150: drifting left, slight; left correction
  24.4s P0100 -> L0 R150: drifting left, slight; left correction
  24.4s P0100 -> L0 R150: drifting left, slight; left correction
  24.4s P0100 -> L0 R150: drifting left, slight; left correction
  24.4s P0100 -> L0 R150: drifting left, slight; left correction
  24.4s P0100 -> L0 R150: drifting left, slight; left correction
  24.4s P0100 -> L0 R150: drifting left, slight; left correction
  24.5s P0100 -> L0 R150: drifting left, slight; left correction
  24.5s P0100 -> L0 R150: drifting left, slight; left correction
  24.5s P0100 -> L0 R150: drifting left, slight; left correction
  24.5s P0100 -> L0 R150: drifting left, slight; left correction
  24.5s P0100 -> L0 R150: drifting left, slight; left correction
  24.5s P0100 -> L0 R150: drifting left, slight; left correction
  24.5s P0100 -> L0 R150: drifting left, slight; left correction
  24.5s P0100 -> L0 R150: drifting left, slight; left correction
  24.5s P0100 -> L0 R150: drifting left, slight; left correction
  24.5s P0100 -> L0 R150: drifting left, slight; left correction
  24.6s P0100 -> L0 R150: drifting left, slight; left correction
  24.6s P0100 -> L0 R150: drifting left, slight; left correction
  24.6s P0100 -> L0 R150: drifting left, slight; left correction
  24.6s P0110 -> L150 R150: centred or right drift; forward-only policy
  24.6s P0110 -> L150 R150: centred or right drift; forward-only policy
  24.6s P0110 -> L150 R150: centred or right drift; forward-only policy
  24.6s P0110 -> L150 R150: centred or right drift; forward-only policy
  24.6s P0110 -> L150 R150: centred or right drift; forward-only policy
  24.6s P0110 -> L150 R150: centred or right drift; forward-only policy
  24.6s P0110 -> L150 R150: centred or right drift; forward-only policy
  24.7s P0110 -> L150 R150: centred or right drift; forward-only policy
  24.7s P0110 -> L150 R150: centred or right drift; forward-only policy
  24.7s P0110 -> L150 R150: centred or right drift; forward-only policy
  24.7s P0110 -> L150 R150: centred or right drift; forward-only policy
  24.7s P0110 -> L150 R150: centred or right drift; forward-only policy
  24.7s P1110 -> L0 R150: branch or curve on the left; stronger left curve correction
  24.7s P1110 -> L0 R150: branch or curve on the left; stronger left curve correction
  24.7s P1110 -> L0 R150: branch or curve on the left; stronger left curve correction
  24.7s P1110 -> L0 R150: branch or curve on the left; stronger left curve correction
  24.7s P1110 -> L0 R150: branch or curve on the left; stronger left curve correction
  24.8s P1110 -> L0 R150: branch or curve on the left; stronger left curve correction
  24.8s P1110 -> L0 R150: branch or curve on the left; stronger left curve correction
  24.8s P1110 -> L0 R150: branch or curve on the left; stronger left curve correction
  24.8s P1110 -> L0 R150: branch or curve on the left; stronger left curve correction
  24.8s P1110 -> L0 R150: branch or curve on the left; stronger left curve correction
  24.8s P1110 -> L0 R150: branch or curve on the left; stronger left curve correction
  24.8s P1110 -> L0 R150: branch or curve on the left; stronger left curve correction
  24.8s P1110 -> L0 R150: branch or curve on the left; stronger left curve correction
  24.8s P1110 -> L0 R150: branch or curve on the left; stronger left curve correction
  24.8s P1110 -> L0 R150: branch or curve on the left; stronger left curve correction
  24.9s P1110 -> L0 R150: branch or curve on the left; stronger left curve correction
  24.9s P1110 -> L0 R150: branch or curve on the left; stronger left curve correction
  24.9s P1110 -> L0 R150: branch or curve on the left; stronger left curve correction
  24.9s P1110 -> L0 R150: branch or curve on the left; stronger left curve correction
  24.9s P1110 -> L0 R150: branch or curve on the left; stronger left curve correction
  24.9s P1110 -> L0 R150: branch or curve on the left; stronger left curve correction
  24.9s P1110 -> L0 R150: branch or curve on the left; stronger left curve correction
  24.9s P1110 -> L0 R150: branch or curve on the left; stronger left curve correction
  24.9s P1110 -> L0 R150: branch or curve on the left; stronger left curve correction
  25.0s P1110 -> L0 R150: branch or curve on the left; stronger left curve correction
  25.0s P1110 -> L0 R150: branch or curve on the left; stronger left curve correction
  25.0s P1110 -> L0 R150: branch or curve on the left; stronger left curve correction
  25.0s P1110 -> L0 R150: branch or curve on the left; stronger left curve correction
  25.0s P1110 -> L0 R150: branch or curve on the left; stronger left curve correction
  25.0s P1110 -> L0 R150: branch or curve on the left; stronger left curve correction
  25.0s P1110 -> L0 R150: branch or curve on the left; stronger left curve correction
  25.0s P1110 -> L0 R150: branch or curve on the left; stronger left curve correction
  25.0s P1110 -> L0 R150: branch or curve on the left; stronger left curve correction
  25.0s P1110 -> L0 R150: branch or curve on the left; stronger left curve correction
  25.1s P1110 -> L0 R150: branch or curve on the left; stronger left curve correction
25.1s: circle entry trigger confirmed; turning right into roundabout
  26.5s P0000 -> L150 R150: blind band or line lost; forward-only policy
  26.6s P0000 -> L150 R150: blind band or line lost; forward-only policy
  26.6s P0000 -> L150 R150: blind band or line lost; forward-only policy
  26.6s P0000 -> L150 R150: blind band or line lost; forward-only policy
  26.6s P0000 -> L150 R150: blind band or line lost; forward-only policy
  26.6s P0000 -> L150 R150: blind band or line lost; forward-only policy
  26.6s P0000 -> L150 R150: blind band or line lost; forward-only policy
  26.6s P0000 -> L150 R150: blind band or line lost; forward-only policy
  26.6s P0000 -> L150 R150: blind band or line lost; forward-only policy
  26.6s P0000 -> L150 R150: blind band or line lost; forward-only policy
  26.6s P0000 -> L150 R150: blind band or line lost; forward-only policy
  26.7s P0000 -> L150 R150: blind band or line lost; forward-only policy
  26.7s P0000 -> L150 R150: blind band or line lost; forward-only policy
  26.7s P0000 -> L150 R150: blind band or line lost; forward-only policy
  26.7s P0000 -> L150 R150: blind band or line lost; forward-only policy
  26.7s P0000 -> L150 R150: blind band or line lost; forward-only policy
  26.7s P0000 -> L150 R150: blind band or line lost; forward-only policy
  26.7s P0000 -> L150 R150: blind band or line lost; forward-only policy
  26.7s P0000 -> L150 R150: blind band or line lost; forward-only policy
  26.7s P0000 -> L150 R150: blind band or line lost; forward-only policy
  26.7s P0000 -> L150 R150: blind band or line lost; forward-only policy
  26.8s P0000 -> L150 R150: blind band or line lost; forward-only policy
  26.8s P0000 -> L150 R150: blind band or line lost; forward-only policy
  26.8s P0000 -> L150 R150: blind band or line lost; forward-only policy
  26.8s P0000 -> L150 R150: blind band or line lost; forward-only policy
  26.8s P0000 -> L150 R150: blind band or line lost; forward-only policy
  26.8s P0000 -> L150 R150: blind band or line lost; forward-only policy
  26.8s P0000 -> L150 R150: blind band or line lost; forward-only policy
  26.8s P0000 -> L150 R150: blind band or line lost; forward-only policy
  26.8s P0000 -> L150 R150: blind band or line lost; forward-only policy
  26.9s P0000 -> L150 R150: blind band or line lost; forward-only policy
  26.9s P0000 -> L150 R150: blind band or line lost; forward-only policy
  26.9s P0000 -> L150 R150: blind band or line lost; forward-only policy
  26.9s P0000 -> L150 R150: blind band or line lost; forward-only policy
  26.9s P0000 -> L150 R150: blind band or line lost; forward-only policy
  26.9s P0000 -> L150 R150: blind band or line lost; forward-only policy
  26.9s P0000 -> L150 R150: blind band or line lost; forward-only policy
  26.9s P0000 -> L150 R150: blind band or line lost; forward-only policy
  26.9s P0000 -> L150 R150: blind band or line lost; forward-only policy
  26.9s P0000 -> L150 R150: blind band or line lost; forward-only policy
  27.0s P0000 -> L150 R150: blind band or line lost; forward-only policy
  27.0s P0000 -> L150 R150: blind band or line lost; forward-only policy
  27.0s P0000 -> L150 R150: blind band or line lost; forward-only policy
  27.0s P0000 -> L150 R150: blind band or line lost; forward-only policy
  27.0s P0000 -> L150 R150: blind band or line lost; forward-only policy
  27.0s P0000 -> L150 R150: blind band or line lost; forward-only policy
  27.0s P0000 -> L150 R150: blind band or line lost; forward-only policy
  27.0s P0000 -> L150 R150: blind band or line lost; forward-only policy
  27.0s P0000 -> L150 R150: blind band or line lost; forward-only policy
  27.0s P0000 -> L150 R150: blind band or line lost; forward-only policy
  27.1s P0000 -> L150 R150: blind band or line lost; forward-only policy
  27.1s P0000 -> L150 R150: blind band or line lost; forward-only policy
  27.1s P0000 -> L150 R150: blind band or line lost; forward-only policy
  27.1s P0000 -> L150 R150: blind band or line lost; forward-only policy
  27.1s P0000 -> L150 R150: blind band or line lost; forward-only policy
  27.1s P0000 -> L150 R150: blind band or line lost; forward-only policy
  27.1s P0000 -> L150 R150: blind band or line lost; forward-only policy
  27.1s P0000 -> L150 R150: blind band or line lost; forward-only policy
  27.1s P0000 -> L150 R150: blind band or line lost; forward-only policy
  27.1s P0000 -> L150 R150: blind band or line lost; forward-only policy
  27.2s P0000 -> L150 R150: blind band or line lost; forward-only policy
  27.2s P0000 -> L150 R150: blind band or line lost; forward-only policy
  27.2s P0000 -> L150 R150: blind band or line lost; forward-only policy
  27.2s P0000 -> L150 R150: blind band or line lost; forward-only policy
  27.2s P0000 -> L150 R150: blind band or line lost; forward-only policy
  27.2s P0000 -> L150 R150: blind band or line lost; forward-only policy
  27.2s P0000 -> L150 R150: blind band or line lost; forward-only policy
  27.2s P0000 -> L150 R150: blind band or line lost; forward-only policy
  27.2s P0000 -> L150 R150: blind band or line lost; forward-only policy
  27.2s P0000 -> L150 R150: blind band or line lost; forward-only policy
  27.3s P0000 -> L150 R150: blind band or line lost; forward-only policy
  27.3s P0000 -> L150 R150: blind band or line lost; forward-only policy
  27.3s P0000 -> L150 R150: blind band or line lost; forward-only policy
  27.3s P0000 -> L150 R150: blind band or line lost; forward-only policy
  27.3s P0000 -> L150 R150: blind band or line lost; forward-only policy
  27.3s P0000 -> L150 R150: blind band or line lost; forward-only policy
  27.3s P0000 -> L150 R150: blind band or line lost; forward-only policy
  27.3s P0000 -> L150 R150: blind band or line lost; forward-only policy
  27.3s P0000 -> L150 R150: blind band or line lost; forward-only policy
  27.3s P0000 -> L150 R150: blind band or line lost; forward-only policy
  27.4s P0000 -> L150 R150: blind band or line lost; forward-only policy
  27.4s P0000 -> L150 R150: blind band or line lost; forward-only policy
  27.4s P0000 -> L150 R150: blind band or line lost; forward-only policy
  27.4s P0000 -> L150 R150: blind band or line lost; forward-only policy
  27.4s P0000 -> L150 R150: blind band or line lost; forward-only policy
  27.4s P0000 -> L150 R150: blind band or line lost; forward-only policy
  27.4s P0000 -> L150 R150: blind band or line lost; forward-only policy
  27.4s P0000 -> L150 R150: blind band or line lost; forward-only policy
  27.4s P0000 -> L150 R150: blind band or line lost; forward-only policy
  27.4s P0000 -> L150 R150: blind band or line lost; forward-only policy
  27.5s P0000 -> L150 R150: blind band or line lost; forward-only policy
  27.5s P0000 -> L150 R150: blind band or line lost; forward-only policy
  27.5s P0000 -> L150 R150: blind band or line lost; forward-only policy
  27.5s P0000 -> L150 R150: blind band or line lost; forward-only policy
  27.5s P0000 -> L150 R150: blind band or line lost; forward-only policy
  27.5s P0000 -> L150 R150: blind band or line lost; forward-only policy
  27.5s P0000 -> L150 R150: blind band or line lost; forward-only policy
  27.5s P0000 -> L150 R150: blind band or line lost; forward-only policy
  27.5s P0000 -> L150 R150: blind band or line lost; forward-only policy
  27.5s P0000 -> L150 R150: blind band or line lost; forward-only policy
  27.6s P0000 confirmed for 1.0s; entering SEARCH MODE 1
  27.6s SEARCH MODE 1: sweeping left 5 degrees
  27.8s SEARCH MODE 1: line reacquired at P1000
  27.8s P1000 -> L-150 R150: far left, outer sensor only; hard left; left correction
  27.8s P1000 -> L-150 R150: far left, outer sensor only; hard left; left correction
  27.8s P1000 -> L-150 R150: far left, outer sensor only; hard left; left correction
  27.8s P1000 -> L-150 R150: far left, outer sensor only; hard left; left correction
  27.8s P1000 -> L-150 R150: far left, outer sensor only; hard left; left correction
  27.8s P1000 -> L-150 R150: far left, outer sensor only; hard left; left correction
  27.8s P1000 -> L-150 R150: far left, outer sensor only; hard left; left correction
  27.8s P1000 -> L-150 R150: far left, outer sensor only; hard left; left correction
  27.9s P1000 -> L-150 R150: far left, outer sensor only; hard left; left correction
  27.9s P1000 -> L-150 R150: far left, outer sensor only; hard left; left correction
  27.9s P1000 -> L-150 R150: far left, outer sensor only; hard left; left correction
  27.9s P1000 -> L-150 R150: far left, outer sensor only; hard left; left correction
  27.9s P1000 -> L-150 R150: far left, outer sensor only; hard left; left correction
  27.9s P1000 -> L-150 R150: far left, outer sensor only; hard left; left correction
  27.9s P1000 -> L-150 R150: far left, outer sensor only; hard left; left correction
  27.9s P1000 -> L-150 R150: far left, outer sensor only; hard left; left correction
  27.9s P1000 -> L-150 R150: far left, outer sensor only; hard left; left correction
  27.9s P1000 -> L-150 R150: far left, outer sensor only; hard left; left correction
  28.0s P1000 -> L-150 R150: far left, outer sensor only; hard left; left correction
  28.0s P1000 -> L-150 R150: far left, outer sensor only; hard left; left correction
  28.0s P1000 -> L-150 R150: far left, outer sensor only; hard left; left correction
  28.0s P1000 -> L-150 R150: far left, outer sensor only; hard left; left correction
  28.0s P1000 -> L-150 R150: far left, outer sensor only; hard left; left correction
  28.0s P1000 -> L-150 R150: far left, outer sensor only; hard left; left correction
  28.0s P1000 -> L-150 R150: far left, outer sensor only; hard left; left correction
  28.0s P1000 -> L-150 R150: far left, outer sensor only; hard left; left correction
  28.0s P1000 -> L-150 R150: far left, outer sensor only; hard left; left correction
  28.1s P1000 -> L-150 R150: far left, outer sensor only; hard left; left correction
  28.1s P1000 -> L-150 R150: far left, outer sensor only; hard left; left correction
  28.1s P1000 -> L-150 R150: far left, outer sensor only; hard left; left correction
  28.1s P1000 -> L-150 R150: far left, outer sensor only; hard left; left correction
  28.1s P1000 -> L-150 R150: far left, outer sensor only; hard left; left correction
  28.1s P1000 -> L-150 R150: far left, outer sensor only; hard left; left correction
  28.1s P1000 -> L-150 R150: far left, outer sensor only; hard left; left correction
  28.1s P1000 -> L-150 R150: far left, outer sensor only; hard left; left correction
  28.1s P1000 -> L-150 R150: far left, outer sensor only; hard left; left correction
  28.1s P1000 -> L-150 R150: far left, outer sensor only; hard left; left correction
  28.2s P1000 -> L-150 R150: far left, outer sensor only; hard left; left correction
  28.2s P1000 -> L-150 R150: far left, outer sensor only; hard left; left correction
  28.2s P1000 -> L-150 R150: far left, outer sensor only; hard left; left correction
  28.2s P1000 -> L-150 R150: far left, outer sensor only; hard left; left correction
  28.2s P1000 -> L-150 R150: far left, outer sensor only; hard left; left correction
  28.2s P1000 -> L-150 R150: far left, outer sensor only; hard left; left correction
  28.2s P1000 -> L-150 R150: far left, outer sensor only; hard left; left correction
  28.2s P1000 -> L-150 R150: far left, outer sensor only; hard left; left correction
  28.2s P1000 -> L-150 R150: far left, outer sensor only; hard left; left correction
  28.2s P1000 -> L-150 R150: far left, outer sensor only; hard left; left correction
  28.3s P1000 -> L-150 R150: far left, outer sensor only; hard left; left correction
  28.3s P1000 -> L-150 R150: far left, outer sensor only; hard left; left correction
  28.3s P1000 -> L-150 R150: far left, outer sensor only; hard left; left correction
  28.3s P1000 -> L-150 R150: far left, outer sensor only; hard left; left correction
  28.3s P1000 -> L-150 R150: far left, outer sensor only; hard left; left correction
  28.3s P1000 -> L-150 R150: far left, outer sensor only; hard left; left correction
  28.3s P1000 -> L-150 R150: far left, outer sensor only; hard left; left correction
  28.3s P1000 -> L-150 R150: far left, outer sensor only; hard left; left correction
  28.3s P1000 -> L-150 R150: far left, outer sensor only; hard left; left correction
  28.3s P1000 -> L-150 R150: far left, outer sensor only; hard left; left correction
  28.4s P1000 -> L-150 R150: far left, outer sensor only; hard left; left correction
  28.4s P1000 -> L-150 R150: far left, outer sensor only; hard left; left correction
  28.4s P1000 -> L-150 R150: far left, outer sensor only; hard left; left correction
  28.4s P1000 -> L-150 R150: far left, outer sensor only; hard left; left correction
  28.4s P1000 -> L-150 R150: far left, outer sensor only; hard left; left correction
  28.4s P1000 -> L-150 R150: far left, outer sensor only; hard left; left correction
  28.4s P1000 -> L-150 R150: far left, outer sensor only; hard left; left correction
  28.4s P1000 -> L-150 R150: far left, outer sensor only; hard left; left correction
  28.4s P0000 -> L150 R150: blind band or line lost; forward-only policy
  28.4s P0000 -> L150 R150: blind band or line lost; forward-only policy
  28.5s P0000 -> L150 R150: blind band or line lost; forward-only policy
  28.5s P0000 -> L150 R150: blind band or line lost; forward-only policy
  28.5s P0100 -> L0 R150: drifting left, slight; left correction
  28.5s P0100 -> L0 R150: drifting left, slight; left correction
  28.5s P0100 -> L0 R150: drifting left, slight; left correction
  28.5s P0100 -> L0 R150: drifting left, slight; left correction
  28.5s P0100 -> L0 R150: drifting left, slight; left correction
  28.5s P0100 -> L0 R150: drifting left, slight; left correction
  28.5s P0100 -> L0 R150: drifting left, slight; left correction
  28.5s P0100 -> L0 R150: drifting left, slight; left correction
  28.6s P0100 -> L0 R150: drifting left, slight; left correction
  28.6s P0100 -> L0 R150: drifting left, slight; left correction
  28.6s P0100 -> L0 R150: drifting left, slight; left correction
  28.6s P0100 -> L0 R150: drifting left, slight; left correction
  28.6s P0100 -> L0 R150: drifting left, slight; left correction
  28.6s P0100 -> L0 R150: drifting left, slight; left correction
  28.6s P0100 -> L0 R150: drifting left, slight; left correction
  28.6s P0100 -> L0 R150: drifting left, slight; left correction
  28.6s P0110 -> L150 R150: centred or right drift; forward-only policy
  28.6s P0110 -> L150 R150: centred or right drift; forward-only policy
  28.7s P0110 -> L150 R150: centred or right drift; forward-only policy
  28.7s P0110 -> L150 R150: centred or right drift; forward-only policy
  28.7s P0110 -> L150 R150: centred or right drift; forward-only policy
  28.7s P0110 -> L150 R150: centred or right drift; forward-only policy
  28.7s P0110 -> L150 R150: centred or right drift; forward-only policy
  28.7s P0110 -> L150 R150: centred or right drift; forward-only policy
  28.7s P0110 -> L150 R150: centred or right drift; forward-only policy
  28.7s P0110 -> L150 R150: centred or right drift; forward-only policy
  28.7s P0110 -> L150 R150: centred or right drift; forward-only policy
  28.7s P0110 -> L150 R150: centred or right drift; forward-only policy
  28.8s P0110 -> L150 R150: centred or right drift; forward-only policy
  28.8s P0110 -> L150 R150: centred or right drift; forward-only policy
  28.8s P0110 -> L150 R150: centred or right drift; forward-only policy
  28.8s P0110 -> L150 R150: centred or right drift; forward-only policy
  28.8s P0110 -> L150 R150: centred or right drift; forward-only policy
  28.8s P0110 -> L150 R150: centred or right drift; forward-only policy
  28.8s P0110 -> L150 R150: centred or right drift; forward-only policy
  28.8s P0110 -> L150 R150: centred or right drift; forward-only policy
  28.8s P0110 -> L150 R150: centred or right drift; forward-only policy
  28.8s P0110 -> L150 R150: centred or right drift; forward-only policy
  28.9s P0110 -> L150 R150: centred or right drift; forward-only policy
  28.9s P0110 -> L150 R150: centred or right drift; forward-only policy
  28.9s P0110 -> L150 R150: centred or right drift; forward-only policy
  28.9s P0110 -> L150 R150: centred or right drift; forward-only policy
  28.9s P0110 -> L150 R150: centred or right drift; forward-only policy
  28.9s P0110 -> L150 R150: centred or right drift; forward-only policy
  28.9s P0110 -> L150 R150: centred or right drift; forward-only policy
  28.9s P0110 -> L150 R150: centred or right drift; forward-only policy
  28.9s P0110 -> L150 R150: centred or right drift; forward-only policy
  28.9s P0110 -> L150 R150: centred or right drift; forward-only policy
  29.0s P0110 -> L150 R150: centred or right drift; forward-only policy
  29.0s P0110 -> L150 R150: centred or right drift; forward-only policy
  29.0s P0110 -> L150 R150: centred or right drift; forward-only policy
  29.0s P0110 -> L150 R150: centred or right drift; forward-only policy
  29.0s P0110 -> L150 R150: centred or right drift; forward-only policy
  29.0s P0110 -> L150 R150: centred or right drift; forward-only policy
  29.0s P0110 -> L150 R150: centred or right drift; forward-only policy
  29.0s P0110 -> L150 R150: centred or right drift; forward-only policy
  29.0s P0110 -> L150 R150: centred or right drift; forward-only policy
  29.0s P0110 -> L150 R150: centred or right drift; forward-only policy
  29.1s P0110 -> L150 R150: centred or right drift; forward-only policy
  29.1s P0110 -> L150 R150: centred or right drift; forward-only policy
  29.1s P0110 -> L150 R150: centred or right drift; forward-only policy
  29.1s P0110 -> L150 R150: centred or right drift; forward-only policy
  29.1s P0110 -> L150 R150: centred or right drift; forward-only policy
  29.1s P0110 -> L150 R150: centred or right drift; forward-only policy
  29.1s P0110 -> L150 R150: centred or right drift; forward-only policy
  29.1s P0110 -> L150 R150: centred or right drift; forward-only policy
  29.1s P0110 -> L150 R150: centred or right drift; forward-only policy
  29.1s P0110 -> L150 R150: centred or right drift; forward-only policy
  29.2s P0110 -> L150 R150: centred or right drift; forward-only policy
  29.2s P0110 -> L150 R150: centred or right drift; forward-only policy
  29.2s P0110 -> L150 R150: centred or right drift; forward-only policy
  29.2s P0110 -> L150 R150: centred or right drift; forward-only policy
  29.2s P0110 -> L150 R150: centred or right drift; forward-only policy
  29.2s P0110 -> L150 R150: centred or right drift; forward-only policy
  29.2s P0110 -> L150 R150: centred or right drift; forward-only policy
  29.2s P0110 -> L150 R150: centred or right drift; forward-only policy
  29.2s P0110 -> L150 R150: centred or right drift; forward-only policy
  29.2s P0110 -> L150 R150: centred or right drift; forward-only policy
  29.3s P0110 -> L150 R150: centred or right drift; forward-only policy
  29.3s P0110 -> L150 R150: centred or right drift; forward-only policy
  29.3s P0110 -> L150 R150: centred or right drift; forward-only policy
  29.3s P0110 -> L150 R150: centred or right drift; forward-only policy
  29.3s P0110 -> L150 R150: centred or right drift; forward-only policy
  29.3s P0110 -> L150 R150: centred or right drift; forward-only policy
  29.3s P0110 -> L150 R150: centred or right drift; forward-only policy
  29.3s P0110 -> L150 R150: centred or right drift; forward-only policy
  29.3s P0110 -> L150 R150: centred or right drift; forward-only policy
  29.3s P0110 -> L150 R150: centred or right drift; forward-only policy
  29.4s P0110 -> L150 R150: centred or right drift; forward-only policy
  29.4s P0110 -> L150 R150: centred or right drift; forward-only policy
  29.4s P0110 -> L150 R150: centred or right drift; forward-only policy
  29.4s P0110 -> L150 R150: centred or right drift; forward-only policy
  29.4s P0110 -> L150 R150: centred or right drift; forward-only policy
  29.4s P0110 -> L150 R150: centred or right drift; forward-only policy
  29.4s P0110 -> L150 R150: centred or right drift; forward-only policy
  29.4s P0110 -> L150 R150: centred or right drift; forward-only policy
  29.4s P0110 -> L150 R150: centred or right drift; forward-only policy
  29.4s P0110 -> L150 R150: centred or right drift; forward-only policy
  29.5s P0110 -> L150 R150: centred or right drift; forward-only policy
  29.5s P0110 -> L150 R150: centred or right drift; forward-only policy
  29.5s P0110 -> L150 R150: centred or right drift; forward-only policy
  29.5s P0110 -> L150 R150: centred or right drift; forward-only policy
  29.5s P0110 -> L150 R150: centred or right drift; forward-only policy
  29.5s P0110 -> L150 R150: centred or right drift; forward-only policy
  29.5s P0110 -> L150 R150: centred or right drift; forward-only policy
  29.5s P0110 -> L150 R150: centred or right drift; forward-only policy
  29.5s P0110 -> L150 R150: centred or right drift; forward-only policy
  29.5s P0110 -> L150 R150: centred or right drift; forward-only policy
  29.6s P0110 -> L150 R150: centred or right drift; forward-only policy
  29.6s P0110 -> L150 R150: centred or right drift; forward-only policy
  29.6s P0110 -> L150 R150: centred or right drift; forward-only policy
  29.6s P0110 -> L150 R150: centred or right drift; forward-only policy
  29.6s P0110 -> L150 R150: centred or right drift; forward-only policy
  29.6s P0110 -> L150 R150: centred or right drift; forward-only policy
  29.6s P0110 -> L150 R150: centred or right drift; forward-only policy
  29.6s P0110 -> L150 R150: centred or right drift; forward-only policy
  29.6s P0110 -> L150 R150: centred or right drift; forward-only policy
  29.6s P0110 -> L150 R150: centred or right drift; forward-only policy
  29.7s P0110 -> L150 R150: centred or right drift; forward-only policy
  29.7s P0110 -> L150 R150: centred or right drift; forward-only policy
  29.7s P0110 -> L150 R150: centred or right drift; forward-only policy
  29.7s P0110 -> L150 R150: centred or right drift; forward-only policy
  29.7s P0110 -> L150 R150: centred or right drift; forward-only policy
  29.7s P0110 -> L150 R150: centred or right drift; forward-only policy
  29.7s P0110 -> L150 R150: centred or right drift; forward-only policy
  29.7s P0110 -> L150 R150: centred or right drift; forward-only policy
  29.7s P0110 -> L150 R150: centred or right drift; forward-only policy
  29.8s P0110 -> L150 R150: centred or right drift; forward-only policy
  29.8s P0110 -> L150 R150: centred or right drift; forward-only policy
  29.8s P0110 -> L150 R150: centred or right drift; forward-only policy
  29.8s P0110 -> L150 R150: centred or right drift; forward-only policy
  29.8s P0110 -> L150 R150: centred or right drift; forward-only policy
  29.8s P0110 -> L150 R150: centred or right drift; forward-only policy
  29.8s P0110 -> L150 R150: centred or right drift; forward-only policy
  29.8s P0110 -> L150 R150: centred or right drift; forward-only policy
  29.8s P0110 -> L150 R150: centred or right drift; forward-only policy
  29.8s P0110 -> L150 R150: centred or right drift; forward-only policy
  29.9s P0110 -> L150 R150: centred or right drift; forward-only policy
  29.9s P0110 -> L150 R150: centred or right drift; forward-only policy
  29.9s P0110 -> L150 R150: centred or right drift; forward-only policy
  29.9s P0110 -> L150 R150: centred or right drift; forward-only policy
  29.9s P0110 -> L150 R150: centred or right drift; forward-only policy
  29.9s P0110 -> L150 R150: centred or right drift; forward-only policy
  29.9s P0110 -> L150 R150: centred or right drift; forward-only policy
  29.9s P0110 -> L150 R150: centred or right drift; forward-only policy
  29.9s P0110 -> L150 R150: centred or right drift; forward-only policy
  29.9s P0110 -> L150 R150: centred or right drift; forward-only policy
  30.0s P0110 -> L150 R150: centred or right drift; forward-only policy
  30.0s P0110 -> L150 R150: centred or right drift; forward-only policy
  30.0s P0110 -> L150 R150: centred or right drift; forward-only policy
  30.0s P0110 -> L150 R150: centred or right drift; forward-only policy
  30.0s P0110 -> L150 R150: centred or right drift; forward-only policy
  30.0s P0110 -> L150 R150: centred or right drift; forward-only policy
  30.0s P0110 -> L150 R150: centred or right drift; forward-only policy
  30.0s P0110 -> L150 R150: centred or right drift; forward-only policy
  30.0s P0110 -> L150 R150: centred or right drift; forward-only policy
  30.0s P0110 -> L150 R150: centred or right drift; forward-only policy
  30.1s P0110 -> L150 R150: centred or right drift; forward-only policy
  30.1s P0110 -> L150 R150: centred or right drift; forward-only policy
  30.1s P0110 -> L150 R150: centred or right drift; forward-only policy
  30.1s P0110 -> L150 R150: centred or right drift; forward-only policy
  30.1s P0110 -> L150 R150: centred or right drift; forward-only policy
  30.1s P0110 -> L150 R150: centred or right drift; forward-only policy
  30.1s P0110 -> L150 R150: centred or right drift; forward-only policy
  30.1s P0110 -> L150 R150: centred or right drift; forward-only policy
  30.1s P0110 -> L150 R150: centred or right drift; forward-only policy
  30.1s P0110 -> L150 R150: centred or right drift; forward-only policy
  30.2s P0110 -> L150 R150: centred or right drift; forward-only policy
  30.2s P0110 -> L150 R150: centred or right drift; forward-only policy
  30.2s P0110 -> L150 R150: centred or right drift; forward-only policy
  30.2s P0110 -> L150 R150: centred or right drift; forward-only policy
  30.2s P0110 -> L150 R150: centred or right drift; forward-only policy
  30.2s P0110 -> L150 R150: centred or right drift; forward-only policy
  30.2s P0110 -> L150 R150: centred or right drift; forward-only policy
  30.2s P0110 -> L150 R150: centred or right drift; forward-only policy
  30.2s P0110 -> L150 R150: centred or right drift; forward-only policy
  30.2s P0110 -> L150 R150: centred or right drift; forward-only policy
  30.3s P0110 -> L150 R150: centred or right drift; forward-only policy
  30.3s P0110 -> L150 R150: centred or right drift; forward-only policy
  30.3s P0110 -> L150 R150: centred or right drift; forward-only policy
  30.3s P0110 -> L150 R150: centred or right drift; forward-only policy
  30.3s P0110 -> L150 R150: centred or right drift; forward-only policy
  30.3s P0110 -> L150 R150: centred or right drift; forward-only policy
  30.3s P0110 -> L150 R150: centred or right drift; forward-only policy
  30.3s P0110 -> L150 R150: centred or right drift; forward-only policy
  30.3s P0110 -> L150 R150: centred or right drift; forward-only policy
  30.3s P0110 -> L150 R150: centred or right drift; forward-only policy
  30.4s P0110 -> L150 R150: centred or right drift; forward-only policy
  30.4s P0110 -> L150 R150: centred or right drift; forward-only policy
  30.4s P0110 -> L150 R150: centred or right drift; forward-only policy
  30.4s P0110 -> L150 R150: centred or right drift; forward-only policy
  30.4s P0110 -> L150 R150: centred or right drift; forward-only policy
  30.4s P0110 -> L150 R150: centred or right drift; forward-only policy
  30.4s P0110 -> L150 R150: centred or right drift; forward-only policy
  30.4s P0110 -> L150 R150: centred or right drift; forward-only policy
  30.4s P0110 -> L150 R150: centred or right drift; forward-only policy
  30.4s P0110 -> L150 R150: centred or right drift; forward-only policy
  30.5s P0110 -> L150 R150: centred or right drift; forward-only policy
  30.5s P0100 -> L0 R150: drifting left, slight; left correction
  30.5s P0100 -> L0 R150: drifting left, slight; left correction
  30.5s P0100 -> L0 R150: drifting left, slight; left correction
  30.5s P0100 -> L0 R150: drifting left, slight; left correction
  30.5s P0100 -> L0 R150: drifting left, slight; left correction
  30.5s P0100 -> L0 R150: drifting left, slight; left correction
  30.5s P0100 -> L0 R150: drifting left, slight; left correction
  30.5s P0100 -> L0 R150: drifting left, slight; left correction
  30.5s P0100 -> L0 R150: drifting left, slight; left correction
  30.6s P0100 -> L0 R150: drifting left, slight; left correction
  30.6s P0100 -> L0 R150: drifting left, slight; left correction
  30.6s P0100 -> L0 R150: drifting left, slight; left correction
  30.6s P0100 -> L0 R150: drifting left, slight; left correction
  30.6s P0100 -> L0 R150: drifting left, slight; left correction
  30.6s P0100 -> L0 R150: drifting left, slight; left correction
  30.6s P0100 -> L0 R150: drifting left, slight; left correction
  30.6s P0100 -> L0 R150: drifting left, slight; left correction
  30.6s P0100 -> L0 R150: drifting left, slight; left correction
  30.6s P0100 -> L0 R150: drifting left, slight; left correction
  30.7s P0100 -> L0 R150: drifting left, slight; left correction
  30.7s P0100 -> L0 R150: drifting left, slight; left correction
  30.7s P0100 -> L0 R150: drifting left, slight; left correction
  30.7s P0110 -> L150 R150: centred or right drift; forward-only policy
  30.7s P0110 -> L150 R150: centred or right drift; forward-only policy
  30.7s P0110 -> L150 R150: centred or right drift; forward-only policy
  30.7s P0110 -> L150 R150: centred or right drift; forward-only policy
  30.7s P0110 -> L150 R150: centred or right drift; forward-only policy
  30.7s P0110 -> L150 R150: centred or right drift; forward-only policy
  30.7s P0110 -> L150 R150: centred or right drift; forward-only policy
  30.8s P0110 -> L150 R150: centred or right drift; forward-only policy
  30.8s P0110 -> L150 R150: centred or right drift; forward-only policy
  30.8s P0110 -> L150 R150: centred or right drift; forward-only policy
  30.8s P0110 -> L150 R150: centred or right drift; forward-only policy
  30.8s P0110 -> L150 R150: centred or right drift; forward-only policy
  30.8s P0110 -> L150 R150: centred or right drift; forward-only policy
  30.8s P0110 -> L150 R150: centred or right drift; forward-only policy
  30.8s P0110 -> L150 R150: centred or right drift; forward-only policy
  30.8s P0110 -> L150 R150: centred or right drift; forward-only policy
  30.8s P0100 -> L0 R150: drifting left, slight; left correction
  30.9s P0100 -> L0 R150: drifting left, slight; left correction
  30.9s P0100 -> L0 R150: drifting left, slight; left correction
  30.9s P0100 -> L0 R150: drifting left, slight; left correction
  30.9s P0100 -> L0 R150: drifting left, slight; left correction
  30.9s P0100 -> L0 R150: drifting left, slight; left correction
  30.9s P0100 -> L0 R150: drifting left, slight; left correction
  30.9s P0100 -> L0 R150: drifting left, slight; left correction
  30.9s P0100 -> L0 R150: drifting left, slight; left correction
  30.9s P0100 -> L0 R150: drifting left, slight; left correction
  30.9s P0100 -> L0 R150: drifting left, slight; left correction
  31.0s P0100 -> L0 R150: drifting left, slight; left correction
  31.0s P0110 -> L150 R150: centred or right drift; forward-only policy
  31.0s P0110 -> L150 R150: centred or right drift; forward-only policy
  31.0s P0110 -> L150 R150: centred or right drift; forward-only policy
  31.0s P0110 -> L150 R150: centred or right drift; forward-only policy
  31.0s P0110 -> L150 R150: centred or right drift; forward-only policy
  31.0s P0110 -> L150 R150: centred or right drift; forward-only policy
  31.0s P0110 -> L150 R150: centred or right drift; forward-only policy
  31.0s P0110 -> L150 R150: centred or right drift; forward-only policy
  31.0s P0110 -> L150 R150: centred or right drift; forward-only policy
  31.1s P0110 -> L150 R150: centred or right drift; forward-only policy
  31.1s P0110 -> L150 R150: centred or right drift; forward-only policy
  31.1s P0110 -> L150 R150: centred or right drift; forward-only policy
  31.1s P0110 -> L150 R150: centred or right drift; forward-only policy
  31.1s P0100 -> L0 R150: drifting left, slight; left correction
  31.1s P0100 -> L0 R150: drifting left, slight; left correction
  31.1s P0100 -> L0 R150: drifting left, slight; left correction
  31.1s P0100 -> L0 R150: drifting left, slight; left correction
  31.1s P0100 -> L0 R150: drifting left, slight; left correction
  31.1s P0100 -> L0 R150: drifting left, slight; left correction
  31.2s P0100 -> L0 R150: drifting left, slight; left correction
  31.2s P0100 -> L0 R150: drifting left, slight; left correction
  31.2s P0100 -> L0 R150: drifting left, slight; left correction
  31.2s P0100 -> L0 R150: drifting left, slight; left correction
  31.2s P0100 -> L0 R150: drifting left, slight; left correction
  31.2s P0100 -> L0 R150: drifting left, slight; left correction
  31.2s P0100 -> L0 R150: drifting left, slight; left correction
  31.2s P0100 -> L0 R150: drifting left, slight; left correction
  31.2s P0100 -> L0 R150: drifting left, slight; left correction
  31.2s P0100 -> L0 R150: drifting left, slight; left correction
  31.3s P0100 -> L0 R150: drifting left, slight; left correction
  31.3s P0110 -> L150 R150: centred or right drift; forward-only policy
  31.3s P0110 -> L150 R150: centred or right drift; forward-only policy
  31.3s P0110 -> L150 R150: centred or right drift; forward-only policy
  31.3s P0110 -> L150 R150: centred or right drift; forward-only policy
  31.3s P0110 -> L150 R150: centred or right drift; forward-only policy
  31.3s P0100 -> L0 R150: drifting left, slight; left correction
  31.3s P0100 -> L0 R150: drifting left, slight; left correction
  31.3s P0100 -> L0 R150: drifting left, slight; left correction
  31.4s P0100 -> L0 R150: drifting left, slight; left correction
  31.4s P0100 -> L0 R150: drifting left, slight; left correction
  31.4s P0100 -> L0 R150: drifting left, slight; left correction
  31.4s P0100 -> L0 R150: drifting left, slight; left correction
  31.4s P0100 -> L0 R150: drifting left, slight; left correction
  31.4s P0100 -> L0 R150: drifting left, slight; left correction
  31.4s P0100 -> L0 R150: drifting left, slight; left correction
  31.4s P0100 -> L0 R150: drifting left, slight; left correction
  31.4s P0100 -> L0 R150: drifting left, slight; left correction
  31.4s P0100 -> L0 R150: drifting left, slight; left correction
  31.5s P0100 -> L0 R150: drifting left, slight; left correction
  31.5s P0100 -> L0 R150: drifting left, slight; left correction
  31.5s P0100 -> L0 R150: drifting left, slight; left correction
  31.5s P0110 -> L150 R150: centred or right drift; forward-only policy
  31.5s P0110 -> L150 R150: centred or right drift; forward-only policy
  31.5s P0110 -> L150 R150: centred or right drift; forward-only policy
  31.5s P0110 -> L150 R150: centred or right drift; forward-only policy
  31.5s P0110 -> L150 R150: centred or right drift; forward-only policy
  31.5s P0100 -> L0 R150: drifting left, slight; left correction
  31.5s P0100 -> L0 R150: drifting left, slight; left correction
  31.6s P0100 -> L0 R150: drifting left, slight; left correction
  31.6s P0100 -> L0 R150: drifting left, slight; left correction
  31.6s P0100 -> L0 R150: drifting left, slight; left correction
  31.6s P0100 -> L0 R150: drifting left, slight; left correction
  31.6s P0100 -> L0 R150: drifting left, slight; left correction
  31.6s P0100 -> L0 R150: drifting left, slight; left correction
  31.6s P0100 -> L0 R150: drifting left, slight; left correction
  31.6s P0100 -> L0 R150: drifting left, slight; left correction
  31.6s P0100 -> L0 R150: drifting left, slight; left correction
  31.6s P0110 -> L150 R150: centred or right drift; forward-only policy
  31.7s P0110 -> L150 R150: centred or right drift; forward-only policy
  31.7s P0110 -> L150 R150: centred or right drift; forward-only policy
  31.7s P0110 -> L150 R150: centred or right drift; forward-only policy
  31.7s P0110 -> L150 R150: centred or right drift; forward-only policy
  31.7s P0110 -> L150 R150: centred or right drift; forward-only policy
  31.7s P0110 -> L150 R150: centred or right drift; forward-only policy
  31.7s P0110 -> L150 R150: centred or right drift; forward-only policy
  31.7s P0110 -> L150 R150: centred or right drift; forward-only policy
  31.7s P0100 -> L0 R150: drifting left, slight; left correction
  31.7s P0100 -> L0 R150: drifting left, slight; left correction
  31.8s P0100 -> L0 R150: drifting left, slight; left correction
  31.8s P0100 -> L0 R150: drifting left, slight; left correction
  31.8s P0100 -> L0 R150: drifting left, slight; left correction
  31.8s P0100 -> L0 R150: drifting left, slight; left correction
  31.8s P0100 -> L0 R150: drifting left, slight; left correction
  31.8s P0100 -> L0 R150: drifting left, slight; left correction
  31.8s P0100 -> L0 R150: drifting left, slight; left correction
  31.8s P0100 -> L0 R150: drifting left, slight; left correction
  31.8s P0100 -> L0 R150: drifting left, slight; left correction
  31.8s P0100 -> L0 R150: drifting left, slight; left correction
  31.9s P0100 -> L0 R150: drifting left, slight; left correction
  31.9s P0100 -> L0 R150: drifting left, slight; left correction
  31.9s P0100 -> L0 R150: drifting left, slight; left correction
  31.9s P0110 -> L150 R150: centred or right drift; forward-only policy
  31.9s P0110 -> L150 R150: centred or right drift; forward-only policy
  31.9s P0110 -> L150 R150: centred or right drift; forward-only policy
  31.9s P0110 -> L150 R150: centred or right drift; forward-only policy
  31.9s P0110 -> L150 R150: centred or right drift; forward-only policy
  31.9s P0110 -> L150 R150: centred or right drift; forward-only policy
  31.9s P0110 -> L150 R150: centred or right drift; forward-only policy
  32.0s P0110 -> L150 R150: centred or right drift; forward-only policy
  32.0s P0100 -> L0 R150: drifting left, slight; left correction
  32.0s P0100 -> L0 R150: drifting left, slight; left correction
  32.0s P0100 -> L0 R150: drifting left, slight; left correction
  32.0s P0100 -> L0 R150: drifting left, slight; left correction
  32.0s P0100 -> L0 R150: drifting left, slight; left correction
  32.0s P0100 -> L0 R150: drifting left, slight; left correction
  32.0s P0100 -> L0 R150: drifting left, slight; left correction
  32.0s P0100 -> L0 R150: drifting left, slight; left correction
  32.0s P0100 -> L0 R150: drifting left, slight; left correction
  32.1s P0100 -> L0 R150: drifting left, slight; left correction
  32.1s P0100 -> L0 R150: drifting left, slight; left correction
  32.1s P0100 -> L0 R150: drifting left, slight; left correction
  32.1s P0100 -> L0 R150: drifting left, slight; left correction
  32.1s P0100 -> L0 R150: drifting left, slight; left correction
  32.1s P0100 -> L0 R150: drifting left, slight; left correction
  32.1s P0100 -> L0 R150: drifting left, slight; left correction
  32.1s P0100 -> L0 R150: drifting left, slight; left correction
  32.1s P0100 -> L0 R150: drifting left, slight; left correction
  32.1s P0100 -> L0 R150: drifting left, slight; left correction
  32.2s P0100 -> L0 R150: drifting left, slight; left correction
  32.2s P0100 -> L0 R150: drifting left, slight; left correction
  32.2s P0100 -> L0 R150: drifting left, slight; left correction
  32.2s P0100 -> L0 R150: drifting left, slight; left correction
  32.2s P0100 -> L0 R150: drifting left, slight; left correction
  32.2s P0100 -> L0 R150: drifting left, slight; left correction
  32.2s P0100 -> L0 R150: drifting left, slight; left correction
  32.2s P0100 -> L0 R150: drifting left, slight; left correction
  32.2s P0100 -> L0 R150: drifting left, slight; left correction
  32.2s P0110 -> L150 R150: centred or right drift; forward-only policy
  32.3s P0110 -> L150 R150: centred or right drift; forward-only policy
  32.3s P0110 -> L150 R150: centred or right drift; forward-only policy
  32.3s P0110 -> L150 R150: centred or right drift; forward-only policy
  32.3s P0100 -> L0 R150: drifting left, slight; left correction
  32.3s P0100 -> L0 R150: drifting left, slight; left correction
  32.3s P0100 -> L0 R150: drifting left, slight; left correction
  32.3s P0100 -> L0 R150: drifting left, slight; left correction
  32.3s P0100 -> L0 R150: drifting left, slight; left correction
  32.3s P0100 -> L0 R150: drifting left, slight; left correction
  32.3s P0100 -> L0 R150: drifting left, slight; left correction
  32.4s P0100 -> L0 R150: drifting left, slight; left correction
  32.4s P0100 -> L0 R150: drifting left, slight; left correction
  32.4s P0110 -> L150 R150: centred or right drift; forward-only policy
  32.4s P0110 -> L150 R150: centred or right drift; forward-only policy
  32.4s P0110 -> L150 R150: centred or right drift; forward-only policy
  32.4s P0110 -> L150 R150: centred or right drift; forward-only policy
  32.4s P0110 -> L150 R150: centred or right drift; forward-only policy
  32.4s P0110 -> L150 R150: centred or right drift; forward-only policy
  32.4s P0110 -> L150 R150: centred or right drift; forward-only policy
  32.4s P0110 -> L150 R150: centred or right drift; forward-only policy
  32.5s P0100 -> L0 R150: drifting left, slight; left correction
  32.5s P0100 -> L0 R150: drifting left, slight; left correction
  32.5s P0100 -> L0 R150: drifting left, slight; left correction
  32.5s P0100 -> L0 R150: drifting left, slight; left correction
  32.5s P0100 -> L0 R150: drifting left, slight; left correction
  32.5s P0100 -> L0 R150: drifting left, slight; left correction
  32.5s P0100 -> L0 R150: drifting left, slight; left correction
  32.5s P0100 -> L0 R150: drifting left, slight; left correction
  32.5s P0100 -> L0 R150: drifting left, slight; left correction
  32.5s P0100 -> L0 R150: drifting left, slight; left correction
  32.6s P0100 -> L0 R150: drifting left, slight; left correction
  32.6s P0100 -> L0 R150: drifting left, slight; left correction
  32.6s P0100 -> L0 R150: drifting left, slight; left correction
  32.6s P0100 -> L0 R150: drifting left, slight; left correction
  32.6s P0110 -> L150 R150: centred or right drift; forward-only policy
  32.6s P0110 -> L150 R150: centred or right drift; forward-only policy
  32.6s P0110 -> L150 R150: centred or right drift; forward-only policy
  32.6s P0110 -> L150 R150: centred or right drift; forward-only policy
  32.6s P0110 -> L150 R150: centred or right drift; forward-only policy
  32.6s P0110 -> L150 R150: centred or right drift; forward-only policy
  32.7s P0110 -> L150 R150: centred or right drift; forward-only policy
  32.7s P0110 -> L150 R150: centred or right drift; forward-only policy
  32.7s P0110 -> L150 R150: centred or right drift; forward-only policy
  32.7s P0110 -> L150 R150: centred or right drift; forward-only policy
  32.7s P0100 -> L0 R150: drifting left, slight; left correction
  32.7s P0100 -> L0 R150: drifting left, slight; left correction
  32.7s P0100 -> L0 R150: drifting left, slight; left correction
  32.7s P0100 -> L0 R150: drifting left, slight; left correction
  32.7s P0100 -> L0 R150: drifting left, slight; left correction
  32.7s P0100 -> L0 R150: drifting left, slight; left correction
  32.8s P0100 -> L0 R150: drifting left, slight; left correction
  32.8s P0100 -> L0 R150: drifting left, slight; left correction
  32.8s P0100 -> L0 R150: drifting left, slight; left correction
  32.8s P0100 -> L0 R150: drifting left, slight; left correction
  32.8s P0100 -> L0 R150: drifting left, slight; left correction
  32.8s P0100 -> L0 R150: drifting left, slight; left correction
  32.8s P0100 -> L0 R150: drifting left, slight; left correction
  32.8s P0100 -> L0 R150: drifting left, slight; left correction
  32.8s P0100 -> L0 R150: drifting left, slight; left correction
  32.8s P0100 -> L0 R150: drifting left, slight; left correction
  32.9s P0100 -> L0 R150: drifting left, slight; left correction
  32.9s P0110 -> L150 R150: centred or right drift; forward-only policy
  32.9s P0110 -> L150 R150: centred or right drift; forward-only policy
  32.9s P0110 -> L150 R150: centred or right drift; forward-only policy
  32.9s P0110 -> L150 R150: centred or right drift; forward-only policy
  32.9s P0110 -> L150 R150: centred or right drift; forward-only policy
  32.9s P0110 -> L150 R150: centred or right drift; forward-only policy
  32.9s P0110 -> L150 R150: centred or right drift; forward-only policy
  32.9s P0110 -> L150 R150: centred or right drift; forward-only policy
  32.9s P0100 -> L0 R150: drifting left, slight; left correction
  33.0s P0100 -> L0 R150: drifting left, slight; left correction
  33.0s P0100 -> L0 R150: drifting left, slight; left correction
  33.0s P0100 -> L0 R150: drifting left, slight; left correction
  33.0s P0100 -> L0 R150: drifting left, slight; left correction
  33.0s P0100 -> L0 R150: drifting left, slight; left correction
  33.0s P0100 -> L0 R150: drifting left, slight; left correction
  33.0s P0100 -> L0 R150: drifting left, slight; left correction
  33.0s P0100 -> L0 R150: drifting left, slight; left correction
  33.0s P0100 -> L0 R150: drifting left, slight; left correction
  33.1s P0100 -> L0 R150: drifting left, slight; left correction
  33.1s P0100 -> L0 R150: drifting left, slight; left correction
  33.1s P0100 -> L0 R150: drifting left, slight; left correction
  33.1s P0100 -> L0 R150: drifting left, slight; left correction
  33.1s P0100 -> L0 R150: drifting left, slight; left correction
  33.1s P0100 -> L0 R150: drifting left, slight; left correction
  33.1s P0100 -> L0 R150: drifting left, slight; left correction
  33.1s P0100 -> L0 R150: drifting left, slight; left correction
  33.1s P0100 -> L0 R150: drifting left, slight; left correction
  33.1s P0100 -> L0 R150: drifting left, slight; left correction
  33.2s P0100 -> L0 R150: drifting left, slight; left correction
  33.2s P0100 -> L0 R150: drifting left, slight; left correction
  33.2s P0100 -> L0 R150: drifting left, slight; left correction
  33.2s P0110 -> L150 R150: centred or right drift; forward-only policy
  33.2s P0110 -> L150 R150: centred or right drift; forward-only policy
  33.2s P0110 -> L150 R150: centred or right drift; forward-only policy
  33.2s P0110 -> L150 R150: centred or right drift; forward-only policy
  33.2s P0110 -> L150 R150: centred or right drift; forward-only policy
  33.2s P0110 -> L150 R150: centred or right drift; forward-only policy
  33.2s P0110 -> L150 R150: centred or right drift; forward-only policy
  33.3s P0110 -> L150 R150: centred or right drift; forward-only policy
  33.3s P0100 -> L0 R150: drifting left, slight; left correction
  33.3s P0100 -> L0 R150: drifting left, slight; left correction
  33.3s P0100 -> L0 R150: drifting left, slight; left correction
  33.3s P0100 -> L0 R150: drifting left, slight; left correction
  33.3s P0100 -> L0 R150: drifting left, slight; left correction
  33.3s P0100 -> L0 R150: drifting left, slight; left correction
  33.3s P0100 -> L0 R150: drifting left, slight; left correction
  33.3s P0100 -> L0 R150: drifting left, slight; left correction
  33.3s P0100 -> L0 R150: drifting left, slight; left correction
  33.4s P0110 -> L150 R150: centred or right drift; forward-only policy
  33.4s P0110 -> L150 R150: centred or right drift; forward-only policy
  33.4s P0110 -> L150 R150: centred or right drift; forward-only policy
  33.4s P0110 -> L150 R150: centred or right drift; forward-only policy
  33.4s P0110 -> L150 R150: centred or right drift; forward-only policy
  33.4s P0110 -> L150 R150: centred or right drift; forward-only policy
  33.4s P0100 -> L0 R150: drifting left, slight; left correction
  33.4s P0100 -> L0 R150: drifting left, slight; left correction
  33.4s P0100 -> L0 R150: drifting left, slight; left correction
  33.4s P0100 -> L0 R150: drifting left, slight; left correction
  33.5s P0100 -> L0 R150: drifting left, slight; left correction
  33.5s P0100 -> L0 R150: drifting left, slight; left correction
  33.5s P0100 -> L0 R150: drifting left, slight; left correction
  33.5s P0100 -> L0 R150: drifting left, slight; left correction
  33.5s P0100 -> L0 R150: drifting left, slight; left correction
  33.5s P0100 -> L0 R150: drifting left, slight; left correction
  33.5s P0100 -> L0 R150: drifting left, slight; left correction
  33.5s P0100 -> L0 R150: drifting left, slight; left correction
  33.5s P0110 -> L150 R150: centred or right drift; forward-only policy
  33.5s P0110 -> L150 R150: centred or right drift; forward-only policy
  33.6s P0110 -> L150 R150: centred or right drift; forward-only policy
  33.6s P0110 -> L150 R150: centred or right drift; forward-only policy
  33.6s P0110 -> L150 R150: centred or right drift; forward-only policy
  33.6s P0110 -> L150 R150: centred or right drift; forward-only policy
  33.6s P0110 -> L150 R150: centred or right drift; forward-only policy
  33.6s P0110 -> L150 R150: centred or right drift; forward-only policy
  33.6s P0110 -> L150 R150: centred or right drift; forward-only policy
  33.6s P0110 -> L150 R150: centred or right drift; forward-only policy
  33.6s P0110 -> L150 R150: centred or right drift; forward-only policy
  33.6s P0110 -> L150 R150: centred or right drift; forward-only policy
  33.7s P0110 -> L150 R150: centred or right drift; forward-only policy
  33.7s P0110 -> L150 R150: centred or right drift; forward-only policy
  33.7s P0100 -> L0 R150: drifting left, slight; left correction
  33.7s P0100 -> L0 R150: drifting left, slight; left correction
  33.7s P0100 -> L0 R150: drifting left, slight; left correction
  33.7s P0100 -> L0 R150: drifting left, slight; left correction
  33.7s P0100 -> L0 R150: drifting left, slight; left correction
  33.7s P0100 -> L0 R150: drifting left, slight; left correction
  33.7s P0100 -> L0 R150: drifting left, slight; left correction
  33.7s P0100 -> L0 R150: drifting left, slight; left correction
  33.8s P0100 -> L0 R150: drifting left, slight; left correction
  33.8s P0100 -> L0 R150: drifting left, slight; left correction
  33.8s P0100 -> L0 R150: drifting left, slight; left correction
  33.8s P0100 -> L0 R150: drifting left, slight; left correction
  33.8s P0100 -> L0 R150: drifting left, slight; left correction
  33.8s P0100 -> L0 R150: drifting left, slight; left correction
  33.8s P0100 -> L0 R150: drifting left, slight; left correction
  33.8s P0100 -> L0 R150: drifting left, slight; left correction
  33.8s P0100 -> L0 R150: drifting left, slight; left correction
  33.8s P0100 -> L0 R150: drifting left, slight; left correction
  33.9s P0100 -> L0 R150: drifting left, slight; left correction
  33.9s P0110 -> L150 R150: centred or right drift; forward-only policy
  33.9s P0110 -> L150 R150: centred or right drift; forward-only policy
  33.9s P0110 -> L150 R150: centred or right drift; forward-only policy
  33.9s P0110 -> L150 R150: centred or right drift; forward-only policy
  33.9s P0100 -> L0 R150: drifting left, slight; left correction
  33.9s P0100 -> L0 R150: drifting left, slight; left correction
  33.9s P0100 -> L0 R150: drifting left, slight; left correction
  33.9s P0100 -> L0 R150: drifting left, slight; left correction
  33.9s P0100 -> L0 R150: drifting left, slight; left correction
  34.0s P0100 -> L0 R150: drifting left, slight; left correction
  34.0s P0100 -> L0 R150: drifting left, slight; left correction
  34.0s P0100 -> L0 R150: drifting left, slight; left correction
  34.0s P0100 -> L0 R150: drifting left, slight; left correction
  34.0s P0100 -> L0 R150: drifting left, slight; left correction
  34.0s P0100 -> L0 R150: drifting left, slight; left correction
  34.0s P0100 -> L0 R150: drifting left, slight; left correction
  34.0s P0100 -> L0 R150: drifting left, slight; left correction
  34.0s P0110 -> L150 R150: centred or right drift; forward-only policy
  34.0s P0110 -> L150 R150: centred or right drift; forward-only policy
  34.1s P0110 -> L150 R150: centred or right drift; forward-only policy
  34.1s P0110 -> L150 R150: centred or right drift; forward-only policy
  34.1s P0110 -> L150 R150: centred or right drift; forward-only policy
  34.1s P0110 -> L150 R150: centred or right drift; forward-only policy
  34.1s P0110 -> L150 R150: centred or right drift; forward-only policy
  34.1s P0110 -> L150 R150: centred or right drift; forward-only policy
  34.1s P0100 -> L0 R150: drifting left, slight; left correction
  34.1s P0100 -> L0 R150: drifting left, slight; left correction
  34.1s P0100 -> L0 R150: drifting left, slight; left correction
  34.1s P0100 -> L0 R150: drifting left, slight; left correction
  34.2s P0100 -> L0 R150: drifting left, slight; left correction
  34.2s P0100 -> L0 R150: drifting left, slight; left correction
  34.2s P0100 -> L0 R150: drifting left, slight; left correction
  34.2s P0100 -> L0 R150: drifting left, slight; left correction
  34.2s P0100 -> L0 R150: drifting left, slight; left correction
  34.2s P0100 -> L0 R150: drifting left, slight; left correction
  34.2s P0100 -> L0 R150: drifting left, slight; left correction
  34.2s P0100 -> L0 R150: drifting left, slight; left correction
  34.2s P0100 -> L0 R150: drifting left, slight; left correction
  34.2s P0100 -> L0 R150: drifting left, slight; left correction
  34.3s P0100 -> L0 R150: drifting left, slight; left correction
  34.3s P0100 -> L0 R150: drifting left, slight; left correction
  34.3s P0100 -> L0 R150: drifting left, slight; left correction
  34.3s P0100 -> L0 R150: drifting left, slight; left correction
  34.3s P0110 -> L150 R150: centred or right drift; forward-only policy
  34.3s P0110 -> L150 R150: centred or right drift; forward-only policy
  34.3s P0110 -> L150 R150: centred or right drift; forward-only policy
  34.3s P0110 -> L150 R150: centred or right drift; forward-only policy
  34.3s P0110 -> L150 R150: centred or right drift; forward-only policy
  34.3s P0110 -> L150 R150: centred or right drift; forward-only policy
  34.4s P0100 -> L0 R150: drifting left, slight; left correction
  34.4s P0100 -> L0 R150: drifting left, slight; left correction
  34.4s P0100 -> L0 R150: drifting left, slight; left correction
  34.4s P0100 -> L0 R150: drifting left, slight; left correction
  34.4s P0100 -> L0 R150: drifting left, slight; left correction
  34.4s P0100 -> L0 R150: drifting left, slight; left correction
  34.4s P0100 -> L0 R150: drifting left, slight; left correction
  34.4s P0100 -> L0 R150: drifting left, slight; left correction
  34.4s P0100 -> L0 R150: drifting left, slight; left correction
  34.4s P0100 -> L0 R150: drifting left, slight; left correction
  34.5s P0100 -> L0 R150: drifting left, slight; left correction
  34.5s P0100 -> L0 R150: drifting left, slight; left correction
  34.5s P0100 -> L0 R150: drifting left, slight; left correction
  34.5s P0100 -> L0 R150: drifting left, slight; left correction
  34.5s P0100 -> L0 R150: drifting left, slight; left correction
  34.5s P0100 -> L0 R150: drifting left, slight; left correction
  34.5s P0100 -> L0 R150: drifting left, slight; left correction
  34.5s P0100 -> L0 R150: drifting left, slight; left correction
  34.5s P0100 -> L0 R150: drifting left, slight; left correction
  34.5s P0100 -> L0 R150: drifting left, slight; left correction
  34.6s P0100 -> L0 R150: drifting left, slight; left correction
  34.6s P0100 -> L0 R150: drifting left, slight; left correction
  34.6s P0100 -> L0 R150: drifting left, slight; left correction
  34.6s P0100 -> L0 R150: drifting left, slight; left correction
  34.6s P0100 -> L0 R150: drifting left, slight; left correction
  34.6s P0100 -> L0 R150: drifting left, slight; left correction
  34.6s P0100 -> L0 R150: drifting left, slight; left correction
  34.6s P0100 -> L0 R150: drifting left, slight; left correction
  34.6s P0100 -> L0 R150: drifting left, slight; left correction
  34.6s P0100 -> L0 R150: drifting left, slight; left correction
  34.7s P0100 -> L0 R150: drifting left, slight; left correction
  34.7s P0100 -> L0 R150: drifting left, slight; left correction
  34.7s P0110 -> L150 R150: centred or right drift; forward-only policy
  34.7s P0110 -> L150 R150: centred or right drift; forward-only policy
  34.7s P0110 -> L150 R150: centred or right drift; forward-only policy
  34.7s P0110 -> L150 R150: centred or right drift; forward-only policy
  34.7s P0110 -> L150 R150: centred or right drift; forward-only policy
  34.7s P0110 -> L150 R150: centred or right drift; forward-only policy
  34.7s P0110 -> L150 R150: centred or right drift; forward-only policy
  34.8s P0100 -> L0 R150: drifting left, slight; left correction
  34.8s P0100 -> L0 R150: drifting left, slight; left correction
  34.8s P0100 -> L0 R150: drifting left, slight; left correction
  34.8s P0100 -> L0 R150: drifting left, slight; left correction
  34.8s P0100 -> L0 R150: drifting left, slight; left correction
  34.8s P0100 -> L0 R150: drifting left, slight; left correction
  34.8s P0100 -> L0 R150: drifting left, slight; left correction
  34.8s P0100 -> L0 R150: drifting left, slight; left correction
  34.8s P0100 -> L0 R150: drifting left, slight; left correction
  34.8s P0100 -> L0 R150: drifting left, slight; left correction
  34.9s P0100 -> L0 R150: drifting left, slight; left correction
  34.9s P0100 -> L0 R150: drifting left, slight; left correction
  34.9s P0100 -> L0 R150: drifting left, slight; left correction
  34.9s P0100 -> L0 R150: drifting left, slight; left correction
  34.9s P0100 -> L0 R150: drifting left, slight; left correction
  34.9s P0100 -> L0 R150: drifting left, slight; left correction
  34.9s P0100 -> L0 R150: drifting left, slight; left correction
  34.9s P0100 -> L0 R150: drifting left, slight; left correction
  34.9s P0100 -> L0 R150: drifting left, slight; left correction
  34.9s P0100 -> L0 R150: drifting left, slight; left correction
  35.0s P0100 -> L0 R150: drifting left, slight; left correction
  35.0s P0100 -> L0 R150: drifting left, slight; left correction
  35.0s P0100 -> L0 R150: drifting left, slight; left correction
  35.0s P0100 -> L0 R150: drifting left, slight; left correction
  35.0s P0100 -> L0 R150: drifting left, slight; left correction
  35.0s P0100 -> L0 R150: drifting left, slight; left correction
  35.0s P0100 -> L0 R150: drifting left, slight; left correction
  35.0s P0100 -> L0 R150: drifting left, slight; left correction
  35.0s P0100 -> L0 R150: drifting left, slight; left correction
  35.0s P0100 -> L0 R150: drifting left, slight; left correction
  35.1s P0100 -> L0 R150: drifting left, slight; left correction
  35.1s P0100 -> L0 R150: drifting left, slight; left correction
  35.1s P0100 -> L0 R150: drifting left, slight; left correction
  35.1s P0100 -> L0 R150: drifting left, slight; left correction
  35.1s P0100 -> L0 R150: drifting left, slight; left correction
  35.1s P0100 -> L0 R150: drifting left, slight; left correction
  35.1s P0100 -> L0 R150: drifting left, slight; left correction
  35.1s P0110 -> L150 R150: centred or right drift; forward-only policy
  35.1s P0110 -> L150 R150: centred or right drift; forward-only policy
  35.1s P0110 -> L150 R150: centred or right drift; forward-only policy
  35.2s P0100 -> L0 R150: drifting left, slight; left correction
  35.2s P0100 -> L0 R150: drifting left, slight; left correction
  35.2s P0100 -> L0 R150: drifting left, slight; left correction
  35.2s P0100 -> L0 R150: drifting left, slight; left correction
  35.2s P0100 -> L0 R150: drifting left, slight; left correction
  35.2s P0100 -> L0 R150: drifting left, slight; left correction
  35.2s P0100 -> L0 R150: drifting left, slight; left correction
  35.2s P0100 -> L0 R150: drifting left, slight; left correction
  35.2s P0100 -> L0 R150: drifting left, slight; left correction
  35.2s P0100 -> L0 R150: drifting left, slight; left correction
  35.3s P0100 -> L0 R150: drifting left, slight; left correction
  35.3s P0100 -> L0 R150: drifting left, slight; left correction
  35.3s P0100 -> L0 R150: drifting left, slight; left correction
  35.3s P0100 -> L0 R150: drifting left, slight; left correction
  35.3s P0100 -> L0 R150: drifting left, slight; left correction
  35.3s P0100 -> L0 R150: drifting left, slight; left correction
  35.3s P0100 -> L0 R150: drifting left, slight; left correction
  35.3s P0100 -> L0 R150: drifting left, slight; left correction
  35.3s P0100 -> L0 R150: drifting left, slight; left correction
  35.3s P0100 -> L0 R150: drifting left, slight; left correction
  35.4s P0110 -> L150 R150: centred or right drift; forward-only policy
  35.4s P0110 -> L150 R150: centred or right drift; forward-only policy
  35.4s P0110 -> L150 R150: centred or right drift; forward-only policy
  35.4s P0110 -> L150 R150: centred or right drift; forward-only policy
  35.4s P0110 -> L150 R150: centred or right drift; forward-only policy
  35.4s P0110 -> L150 R150: centred or right drift; forward-only policy
  35.4s P0110 -> L150 R150: centred or right drift; forward-only policy
  35.4s P0110 -> L150 R150: centred or right drift; forward-only policy
  35.4s P0110 -> L150 R150: centred or right drift; forward-only policy
  35.4s P0110 -> L150 R150: centred or right drift; forward-only policy
  35.5s P0100 -> L0 R150: drifting left, slight; left correction
  35.5s P0100 -> L0 R150: drifting left, slight; left correction
  35.5s P0100 -> L0 R150: drifting left, slight; left correction
  35.5s P0100 -> L0 R150: drifting left, slight; left correction
  35.5s P0100 -> L0 R150: drifting left, slight; left correction
  35.5s P0100 -> L0 R150: drifting left, slight; left correction
  35.5s P0100 -> L0 R150: drifting left, slight; left correction
  35.5s P0100 -> L0 R150: drifting left, slight; left correction
  35.5s P0100 -> L0 R150: drifting left, slight; left correction
  35.5s P0100 -> L0 R150: drifting left, slight; left correction
  35.6s P0100 -> L0 R150: drifting left, slight; left correction
  35.6s P0100 -> L0 R150: drifting left, slight; left correction
  35.6s P0110 -> L150 R150: centred or right drift; forward-only policy
  35.6s P0110 -> L150 R150: centred or right drift; forward-only policy
  35.6s P0110 -> L150 R150: centred or right drift; forward-only policy
  35.6s P0110 -> L150 R150: centred or right drift; forward-only policy
  35.6s P0110 -> L150 R150: centred or right drift; forward-only policy
  35.6s P0100 -> L0 R150: drifting left, slight; left correction
  35.6s P0100 -> L0 R150: drifting left, slight; left correction
  35.6s P0100 -> L0 R150: drifting left, slight; left correction
  35.7s P0100 -> L0 R150: drifting left, slight; left correction
  35.7s P0100 -> L0 R150: drifting left, slight; left correction
  35.7s P0100 -> L0 R150: drifting left, slight; left correction
  35.7s P0100 -> L0 R150: drifting left, slight; left correction
  35.7s P0100 -> L0 R150: drifting left, slight; left correction
  35.7s P0100 -> L0 R150: drifting left, slight; left correction
  35.7s P0100 -> L0 R150: drifting left, slight; left correction
  35.7s P0100 -> L0 R150: drifting left, slight; left correction
  35.7s P0100 -> L0 R150: drifting left, slight; left correction
  35.7s P0100 -> L0 R150: drifting left, slight; left correction
  35.8s P0110 -> L150 R150: centred or right drift; forward-only policy
  35.8s P0110 -> L150 R150: centred or right drift; forward-only policy
  35.8s P0110 -> L150 R150: centred or right drift; forward-only policy
  35.8s P0110 -> L150 R150: centred or right drift; forward-only policy
  35.8s P0110 -> L150 R150: centred or right drift; forward-only policy
  35.8s P0110 -> L150 R150: centred or right drift; forward-only policy
  35.8s P0110 -> L150 R150: centred or right drift; forward-only policy
  35.8s P0110 -> L150 R150: centred or right drift; forward-only policy
  35.8s P0110 -> L150 R150: centred or right drift; forward-only policy
  35.8s P0110 -> L150 R150: centred or right drift; forward-only policy
  35.9s P0110 -> L150 R150: centred or right drift; forward-only policy
  35.9s P0100 -> L0 R150: drifting left, slight; left correction
  35.9s P0100 -> L0 R150: drifting left, slight; left correction
  35.9s P0100 -> L0 R150: drifting left, slight; left correction
  35.9s P0100 -> L0 R150: drifting left, slight; left correction
  35.9s P0100 -> L0 R150: drifting left, slight; left correction
  35.9s P0100 -> L0 R150: drifting left, slight; left correction
  35.9s P0100 -> L0 R150: drifting left, slight; left correction
  35.9s P0100 -> L0 R150: drifting left, slight; left correction
  35.9s P0100 -> L0 R150: drifting left, slight; left correction
  36.0s P0100 -> L0 R150: drifting left, slight; left correction
  36.0s P0100 -> L0 R150: drifting left, slight; left correction
  36.0s P0100 -> L0 R150: drifting left, slight; left correction
  36.0s P0100 -> L0 R150: drifting left, slight; left correction
  36.0s P0100 -> L0 R150: drifting left, slight; left correction
  36.0s P0100 -> L0 R150: drifting left, slight; left correction
  36.0s P0100 -> L0 R150: drifting left, slight; left correction
  36.0s P0100 -> L0 R150: drifting left, slight; left correction
  36.0s P0100 -> L0 R150: drifting left, slight; left correction
  36.0s P0100 -> L0 R150: drifting left, slight; left correction
  36.1s P0100 -> L0 R150: drifting left, slight; left correction
  36.1s P0110 -> L150 R150: centred or right drift; forward-only policy
  36.1s P0110 -> L150 R150: centred or right drift; forward-only policy
  36.1s P0110 -> L150 R150: centred or right drift; forward-only policy
  36.1s P0110 -> L150 R150: centred or right drift; forward-only policy
  36.1s P0110 -> L150 R150: centred or right drift; forward-only policy
  36.1s P0110 -> L150 R150: centred or right drift; forward-only policy
  36.1s P0100 -> L0 R150: drifting left, slight; left correction
  36.1s P0100 -> L0 R150: drifting left, slight; left correction
  36.1s P0100 -> L0 R150: drifting left, slight; left correction
  36.2s P0100 -> L0 R150: drifting left, slight; left correction
  36.2s P0100 -> L0 R150: drifting left, slight; left correction
  36.2s P0100 -> L0 R150: drifting left, slight; left correction
  36.2s P0100 -> L0 R150: drifting left, slight; left correction
  36.2s P0100 -> L0 R150: drifting left, slight; left correction
  36.2s P0100 -> L0 R150: drifting left, slight; left correction
  36.2s P0100 -> L0 R150: drifting left, slight; left correction
  36.2s P0100 -> L0 R150: drifting left, slight; left correction
  36.2s P0100 -> L0 R150: drifting left, slight; left correction
  36.2s P0100 -> L0 R150: drifting left, slight; left correction
  36.3s P0100 -> L0 R150: drifting left, slight; left correction
  36.3s P0100 -> L0 R150: drifting left, slight; left correction
  36.3s P0110 -> L150 R150: centred or right drift; forward-only policy
  36.3s P0110 -> L150 R150: centred or right drift; forward-only policy
  36.3s P0110 -> L150 R150: centred or right drift; forward-only policy
  36.3s P0110 -> L150 R150: centred or right drift; forward-only policy
  36.3s P0110 -> L150 R150: centred or right drift; forward-only policy
  36.3s P0110 -> L150 R150: centred or right drift; forward-only policy
  36.3s P0110 -> L150 R150: centred or right drift; forward-only policy
  36.3s P0110 -> L150 R150: centred or right drift; forward-only policy
  36.4s P0100 -> L0 R150: drifting left, slight; left correction
  36.4s P0100 -> L0 R150: drifting left, slight; left correction
  36.4s P0100 -> L0 R150: drifting left, slight; left correction
  36.4s P0100 -> L0 R150: drifting left, slight; left correction
  36.4s P0100 -> L0 R150: drifting left, slight; left correction
  36.4s P0100 -> L0 R150: drifting left, slight; left correction
  36.4s P0100 -> L0 R150: drifting left, slight; left correction
  36.4s P0100 -> L0 R150: drifting left, slight; left correction
  36.4s P0100 -> L0 R150: drifting left, slight; left correction
  36.4s P0100 -> L0 R150: drifting left, slight; left correction
  36.5s P0100 -> L0 R150: drifting left, slight; left correction
  36.5s P0100 -> L0 R150: drifting left, slight; left correction
  36.5s P0100 -> L0 R150: drifting left, slight; left correction
  36.5s P0100 -> L0 R150: drifting left, slight; left correction
  36.5s P0100 -> L0 R150: drifting left, slight; left correction
  36.5s P0100 -> L0 R150: drifting left, slight; left correction
  36.5s P0110 -> L150 R150: centred or right drift; forward-only policy
  36.5s P0110 -> L150 R150: centred or right drift; forward-only policy
  36.5s P0110 -> L150 R150: centred or right drift; forward-only policy
  36.6s P0110 -> L150 R150: centred or right drift; forward-only policy
  36.6s P0110 -> L150 R150: centred or right drift; forward-only policy
  36.6s P0110 -> L150 R150: centred or right drift; forward-only policy
  36.6s P0110 -> L150 R150: centred or right drift; forward-only policy
  36.6s P0110 -> L150 R150: centred or right drift; forward-only policy
  36.6s P0100 -> L0 R150: drifting left, slight; left correction
  36.6s P0100 -> L0 R150: drifting left, slight; left correction
  36.6s P0100 -> L0 R150: drifting left, slight; left correction
  36.6s P0100 -> L0 R150: drifting left, slight; left correction
  36.6s P0100 -> L0 R150: drifting left, slight; left correction
  36.7s P0100 -> L0 R150: drifting left, slight; left correction
  36.7s P0100 -> L0 R150: drifting left, slight; left correction
  36.7s P0100 -> L0 R150: drifting left, slight; left correction
  36.7s P0100 -> L0 R150: drifting left, slight; left correction
  36.7s P0100 -> L0 R150: drifting left, slight; left correction
  36.7s P0100 -> L0 R150: drifting left, slight; left correction
  36.7s P0100 -> L0 R150: drifting left, slight; left correction
  36.7s P0100 -> L0 R150: drifting left, slight; left correction
  36.7s P0100 -> L0 R150: drifting left, slight; left correction
  36.7s P0100 -> L0 R150: drifting left, slight; left correction
  36.8s P0100 -> L0 R150: drifting left, slight; left correction
  36.8s P0100 -> L0 R150: drifting left, slight; left correction
  36.8s P0100 -> L0 R150: drifting left, slight; left correction
  36.8s P0100 -> L0 R150: drifting left, slight; left correction
  36.8s P0100 -> L0 R150: drifting left, slight; left correction
  36.8s P0100 -> L0 R150: drifting left, slight; left correction
  36.8s P0100 -> L0 R150: drifting left, slight; left correction
  36.8s P0100 -> L0 R150: drifting left, slight; left correction
  36.8s P0110 -> L150 R150: centred or right drift; forward-only policy
  36.8s P0110 -> L150 R150: centred or right drift; forward-only policy
  36.9s P0110 -> L150 R150: centred or right drift; forward-only policy
  36.9s P0110 -> L150 R150: centred or right drift; forward-only policy
  36.9s P0110 -> L150 R150: centred or right drift; forward-only policy
  36.9s P0110 -> L150 R150: centred or right drift; forward-only policy
  36.9s P0110 -> L150 R150: centred or right drift; forward-only policy
  36.9s P0110 -> L150 R150: centred or right drift; forward-only policy
  36.9s P0100 -> L0 R150: drifting left, slight; left correction
  36.9s P0100 -> L0 R150: drifting left, slight; left correction
  36.9s P0100 -> L0 R150: drifting left, slight; left correction
  36.9s P0100 -> L0 R150: drifting left, slight; left correction
  37.0s P0100 -> L0 R150: drifting left, slight; left correction
  37.0s P0100 -> L0 R150: drifting left, slight; left correction
  37.0s P0100 -> L0 R150: drifting left, slight; left correction
  37.0s P0100 -> L0 R150: drifting left, slight; left correction
  37.0s P0100 -> L0 R150: drifting left, slight; left correction
  37.0s P0100 -> L0 R150: drifting left, slight; left correction
  37.0s P0100 -> L0 R150: drifting left, slight; left correction
  37.0s P0100 -> L0 R150: drifting left, slight; left correction
  37.0s P0110 -> L150 R150: centred or right drift; forward-only policy
  37.0s P0110 -> L150 R150: centred or right drift; forward-only policy
  37.1s P0110 -> L150 R150: centred or right drift; forward-only policy
  37.1s P0110 -> L150 R150: centred or right drift; forward-only policy
  37.1s P0100 -> L0 R150: drifting left, slight; left correction
  37.1s P0100 -> L0 R150: drifting left, slight; left correction
  37.1s P0100 -> L0 R150: drifting left, slight; left correction
  37.1s P0100 -> L0 R150: drifting left, slight; left correction
  37.1s P0110 -> L150 R150: centred or right drift; forward-only policy
  37.1s P0110 -> L150 R150: centred or right drift; forward-only policy
  37.1s P0110 -> L150 R150: centred or right drift; forward-only policy
  37.1s P0110 -> L150 R150: centred or right drift; forward-only policy
  37.2s P0110 -> L150 R150: centred or right drift; forward-only policy
  37.2s P0110 -> L150 R150: centred or right drift; forward-only policy
  37.2s P0110 -> L150 R150: centred or right drift; forward-only policy
  37.2s P0110 -> L150 R150: centred or right drift; forward-only policy
  37.2s P0110 -> L150 R150: centred or right drift; forward-only policy
  37.2s P0110 -> L150 R150: centred or right drift; forward-only policy
  37.2s P0110 -> L150 R150: centred or right drift; forward-only policy
  37.2s P0110 -> L150 R150: centred or right drift; forward-only policy
  37.2s P0110 -> L150 R150: centred or right drift; forward-only policy
  37.2s P0110 -> L150 R150: centred or right drift; forward-only policy
  37.3s P0110 -> L150 R150: centred or right drift; forward-only policy
  37.3s P0110 -> L150 R150: centred or right drift; forward-only policy
  37.3s P0110 -> L150 R150: centred or right drift; forward-only policy
  37.3s P0100 -> L0 R150: drifting left, slight; left correction
  37.3s P0100 -> L0 R150: drifting left, slight; left correction
  37.3s P0100 -> L0 R150: drifting left, slight; left correction
  37.3s P0100 -> L0 R150: drifting left, slight; left correction
  37.3s P0100 -> L0 R150: drifting left, slight; left correction
  37.3s P0100 -> L0 R150: drifting left, slight; left correction
  37.3s P0100 -> L0 R150: drifting left, slight; left correction
  37.4s P0100 -> L0 R150: drifting left, slight; left correction
  37.4s P0100 -> L0 R150: drifting left, slight; left correction
  37.4s P0100 -> L0 R150: drifting left, slight; left correction
  37.4s P0100 -> L0 R150: drifting left, slight; left correction
  37.4s P0100 -> L0 R150: drifting left, slight; left correction
  37.4s P0100 -> L0 R150: drifting left, slight; left correction
  37.4s P0100 -> L0 R150: drifting left, slight; left correction
  37.4s P0100 -> L0 R150: drifting left, slight; left correction
  37.4s P0100 -> L0 R150: drifting left, slight; left correction
  37.4s P0100 -> L0 R150: drifting left, slight; left correction
  37.5s P0110 -> L150 R150: centred or right drift; forward-only policy
  37.5s P0110 -> L150 R150: centred or right drift; forward-only policy
  37.5s P0110 -> L150 R150: centred or right drift; forward-only policy
  37.5s P0110 -> L150 R150: centred or right drift; forward-only policy
  37.5s P0110 -> L150 R150: centred or right drift; forward-only policy
  37.5s P0110 -> L150 R150: centred or right drift; forward-only policy
  37.5s P0110 -> L150 R150: centred or right drift; forward-only policy
  37.5s P0110 -> L150 R150: centred or right drift; forward-only policy
  37.5s P0110 -> L150 R150: centred or right drift; forward-only policy
  37.5s P0110 -> L150 R150: centred or right drift; forward-only policy
  37.6s P0100 -> L0 R150: drifting left, slight; left correction
  37.6s P0100 -> L0 R150: drifting left, slight; left correction
  37.6s P0100 -> L0 R150: drifting left, slight; left correction
  37.6s P0100 -> L0 R150: drifting left, slight; left correction
  37.6s P0100 -> L0 R150: drifting left, slight; left correction
  37.6s P0100 -> L0 R150: drifting left, slight; left correction
  37.6s P0100 -> L0 R150: drifting left, slight; left correction
  37.6s P0100 -> L0 R150: drifting left, slight; left correction
  37.6s P0100 -> L0 R150: drifting left, slight; left correction
  37.6s P0100 -> L0 R150: drifting left, slight; left correction
  37.7s P0100 -> L0 R150: drifting left, slight; left correction
  37.7s P0100 -> L0 R150: drifting left, slight; left correction
  37.7s P0100 -> L0 R150: drifting left, slight; left correction
  37.7s P0100 -> L0 R150: drifting left, slight; left correction
  37.7s P0100 -> L0 R150: drifting left, slight; left correction
  37.7s P0110 -> L150 R150: centred or right drift; forward-only policy
  37.7s P0110 -> L150 R150: centred or right drift; forward-only policy
  37.7s P0110 -> L150 R150: centred or right drift; forward-only policy
  37.7s P0110 -> L150 R150: centred or right drift; forward-only policy
  37.7s P0110 -> L150 R150: centred or right drift; forward-only policy
  37.8s P0110 -> L150 R150: centred or right drift; forward-only policy
  37.8s P0110 -> L150 R150: centred or right drift; forward-only policy
  37.8s P0110 -> L150 R150: centred or right drift; forward-only policy
  37.8s P0100 -> L0 R150: drifting left, slight; left correction
  37.8s P0100 -> L0 R150: drifting left, slight; left correction
  37.8s P0100 -> L0 R150: drifting left, slight; left correction
  37.8s P0100 -> L0 R150: drifting left, slight; left correction
  37.8s P0100 -> L0 R150: drifting left, slight; left correction
  37.8s P0100 -> L0 R150: drifting left, slight; left correction
  37.8s P0100 -> L0 R150: drifting left, slight; left correction
  37.9s P0100 -> L0 R150: drifting left, slight; left correction
  37.9s P0100 -> L0 R150: drifting left, slight; left correction
  37.9s P0100 -> L0 R150: drifting left, slight; left correction
  37.9s P0100 -> L0 R150: drifting left, slight; left correction
  37.9s P0100 -> L0 R150: drifting left, slight; left correction
  37.9s P0100 -> L0 R150: drifting left, slight; left correction
  37.9s P0100 -> L0 R150: drifting left, slight; left correction
  37.9s P0110 -> L150 R150: centred or right drift; forward-only policy
  37.9s P0110 -> L150 R150: centred or right drift; forward-only policy
  37.9s P0110 -> L150 R150: centred or right drift; forward-only policy
  38.0s P0110 -> L150 R150: centred or right drift; forward-only policy
  38.0s P0110 -> L150 R150: centred or right drift; forward-only policy
  38.0s P0110 -> L150 R150: centred or right drift; forward-only policy
  38.0s P0110 -> L150 R150: centred or right drift; forward-only policy
  38.0s P0110 -> L150 R150: centred or right drift; forward-only policy
  38.0s P0110 -> L150 R150: centred or right drift; forward-only policy
  38.0s P0100 -> L0 R150: drifting left, slight; left correction
  38.0s P0100 -> L0 R150: drifting left, slight; left correction
  38.0s P0100 -> L0 R150: drifting left, slight; left correction
  38.0s P0100 -> L0 R150: drifting left, slight; left correction
  38.1s P0100 -> L0 R150: drifting left, slight; left correction
  38.1s P0100 -> L0 R150: drifting left, slight; left correction
  38.1s P0100 -> L0 R150: drifting left, slight; left correction
  38.1s P0100 -> L0 R150: drifting left, slight; left correction
  38.1s P0100 -> L0 R150: drifting left, slight; left correction
  38.1s P0100 -> L0 R150: drifting left, slight; left correction
  38.1s P0100 -> L0 R150: drifting left, slight; left correction
  38.1s P0100 -> L0 R150: drifting left, slight; left correction
  38.1s P0100 -> L0 R150: drifting left, slight; left correction
  38.1s P0100 -> L0 R150: drifting left, slight; left correction
  38.2s P0100 -> L0 R150: drifting left, slight; left correction
  38.2s P0100 -> L0 R150: drifting left, slight; left correction
  38.2s P0100 -> L0 R150: drifting left, slight; left correction
  38.2s P0100 -> L0 R150: drifting left, slight; left correction
  38.2s P0100 -> L0 R150: drifting left, slight; left correction
  38.2s P0100 -> L0 R150: drifting left, slight; left correction
  38.2s P0100 -> L0 R150: drifting left, slight; left correction
  38.2s P0100 -> L0 R150: drifting left, slight; left correction
  38.2s P0100 -> L0 R150: drifting left, slight; left correction
  38.3s P0100 -> L0 R150: drifting left, slight; left correction
  38.3s P0100 -> L0 R150: drifting left, slight; left correction
  38.3s P0100 -> L0 R150: drifting left, slight; left correction
  38.3s P0100 -> L0 R150: drifting left, slight; left correction
  38.3s P0100 -> L0 R150: drifting left, slight; left correction
  38.3s P0100 -> L0 R150: drifting left, slight; left correction
  38.3s P0100 -> L0 R150: drifting left, slight; left correction
  38.3s P0100 -> L0 R150: drifting left, slight; left correction
  38.3s P0100 -> L0 R150: drifting left, slight; left correction
  38.3s P0100 -> L0 R150: drifting left, slight; left correction
  38.4s P0100 -> L0 R150: drifting left, slight; left correction
  38.4s P0100 -> L0 R150: drifting left, slight; left correction
  38.4s P0100 -> L0 R150: drifting left, slight; left correction
  38.4s P0100 -> L0 R150: drifting left, slight; left correction
  38.4s P0100 -> L0 R150: drifting left, slight; left correction
  38.4s P0100 -> L0 R150: drifting left, slight; left correction
  38.4s P0100 -> L0 R150: drifting left, slight; left correction
  38.4s P0100 -> L0 R150: drifting left, slight; left correction
  38.4s P0100 -> L0 R150: drifting left, slight; left correction
  38.4s P0100 -> L0 R150: drifting left, slight; left correction
  38.5s P0100 -> L0 R150: drifting left, slight; left correction
  38.5s P0100 -> L0 R150: drifting left, slight; left correction
  38.5s P0100 -> L0 R150: drifting left, slight; left correction
  38.5s P0100 -> L0 R150: drifting left, slight; left correction
  38.5s P0100 -> L0 R150: drifting left, slight; left correction
  38.5s P0110 -> L150 R150: centred or right drift; forward-only policy
  38.5s P0110 -> L150 R150: centred or right drift; forward-only policy
  38.5s P0110 -> L150 R150: centred or right drift; forward-only policy
  38.5s P0110 -> L150 R150: centred or right drift; forward-only policy
  38.5s P0110 -> L150 R150: centred or right drift; forward-only policy
  38.6s P0110 -> L150 R150: centred or right drift; forward-only policy
  38.6s P0100 -> L0 R150: drifting left, slight; left correction
  38.6s P0100 -> L0 R150: drifting left, slight; left correction
  38.6s P0100 -> L0 R150: drifting left, slight; left correction
  38.6s P0100 -> L0 R150: drifting left, slight; left correction
  38.6s P0100 -> L0 R150: drifting left, slight; left correction
  38.6s P0100 -> L0 R150: drifting left, slight; left correction
  38.6s P0100 -> L0 R150: drifting left, slight; left correction
  38.6s P0100 -> L0 R150: drifting left, slight; left correction
  38.6s P0100 -> L0 R150: drifting left, slight; left correction
  38.7s P0100 -> L0 R150: drifting left, slight; left correction
  38.7s P0100 -> L0 R150: drifting left, slight; left correction
  38.7s P0100 -> L0 R150: drifting left, slight; left correction
  38.7s P0100 -> L0 R150: drifting left, slight; left correction
  38.7s P0100 -> L0 R150: drifting left, slight; left correction
  38.7s P0100 -> L0 R150: drifting left, slight; left correction
  38.7s P0100 -> L0 R150: drifting left, slight; left correction
  38.7s P0100 -> L0 R150: drifting left, slight; left correction
  38.7s P0100 -> L0 R150: drifting left, slight; left correction
  38.7s P0100 -> L0 R150: drifting left, slight; left correction
  38.8s P0100 -> L0 R150: drifting left, slight; left correction
  38.8s P0100 -> L0 R150: drifting left, slight; left correction
  38.8s P0100 -> L0 R150: drifting left, slight; left correction
  38.8s P0100 -> L0 R150: drifting left, slight; left correction
  38.8s P0100 -> L0 R150: drifting left, slight; left correction
  38.8s P0100 -> L0 R150: drifting left, slight; left correction
  38.8s P0100 -> L0 R150: drifting left, slight; left correction
  38.8s P0100 -> L0 R150: drifting left, slight; left correction
  38.8s P0100 -> L0 R150: drifting left, slight; left correction
  38.8s P0100 -> L0 R150: drifting left, slight; left correction
  38.9s P0100 -> L0 R150: drifting left, slight; left correction
  38.9s P0100 -> L0 R150: drifting left, slight; left correction
  38.9s P0100 -> L0 R150: drifting left, slight; left correction
  38.9s P0100 -> L0 R150: drifting left, slight; left correction
  38.9s P0100 -> L0 R150: drifting left, slight; left correction
  38.9s P0100 -> L0 R150: drifting left, slight; left correction
  38.9s P0100 -> L0 R150: drifting left, slight; left correction
  38.9s P0100 -> L0 R150: drifting left, slight; left correction
  38.9s P0110 -> L150 R150: centred or right drift; forward-only policy
  38.9s P0110 -> L150 R150: centred or right drift; forward-only policy
  39.0s P0110 -> L150 R150: centred or right drift; forward-only policy
  39.0s P0110 -> L150 R150: centred or right drift; forward-only policy
  39.0s P0110 -> L150 R150: centred or right drift; forward-only policy
  39.0s P0110 -> L150 R150: centred or right drift; forward-only policy
  39.0s P0100 -> L0 R150: drifting left, slight; left correction
  39.0s P0100 -> L0 R150: drifting left, slight; left correction
  39.0s P0100 -> L0 R150: drifting left, slight; left correction
  39.0s P0100 -> L0 R150: drifting left, slight; left correction
  39.0s P0100 -> L0 R150: drifting left, slight; left correction
  39.0s P0100 -> L0 R150: drifting left, slight; left correction
  39.1s P0100 -> L0 R150: drifting left, slight; left correction
  39.1s P0100 -> L0 R150: drifting left, slight; left correction
  39.1s P0100 -> L0 R150: drifting left, slight; left correction
  39.1s P0100 -> L0 R150: drifting left, slight; left correction
  39.1s P0100 -> L0 R150: drifting left, slight; left correction
  39.1s P0100 -> L0 R150: drifting left, slight; left correction
  39.1s P0100 -> L0 R150: drifting left, slight; left correction
  39.1s P0100 -> L0 R150: drifting left, slight; left correction
  39.1s P0100 -> L0 R150: drifting left, slight; left correction
  39.1s P0100 -> L0 R150: drifting left, slight; left correction
  39.2s P0100 -> L0 R150: drifting left, slight; left correction
  39.2s P0100 -> L0 R150: drifting left, slight; left correction
  39.2s P0100 -> L0 R150: drifting left, slight; left correction
  39.2s P0100 -> L0 R150: drifting left, slight; left correction
  39.2s P0100 -> L0 R150: drifting left, slight; left correction
  39.2s P0100 -> L0 R150: drifting left, slight; left correction
  39.2s P0100 -> L0 R150: drifting left, slight; left correction
  39.2s P0100 -> L0 R150: drifting left, slight; left correction
  39.2s P0100 -> L0 R150: drifting left, slight; left correction
  39.2s P0100 -> L0 R150: drifting left, slight; left correction
  39.3s P0100 -> L0 R150: drifting left, slight; left correction
  39.3s P0100 -> L0 R150: drifting left, slight; left correction
  39.3s P0100 -> L0 R150: drifting left, slight; left correction
  39.3s P0100 -> L0 R150: drifting left, slight; left correction
  39.3s P0100 -> L0 R150: drifting left, slight; left correction
  39.3s P0100 -> L0 R150: drifting left, slight; left correction
  39.3s P0100 -> L0 R150: drifting left, slight; left correction
  39.3s P0100 -> L0 R150: drifting left, slight; left correction
  39.3s P0100 -> L0 R150: drifting left, slight; left correction
  39.3s P0100 -> L0 R150: drifting left, slight; left correction
  39.4s P0100 -> L0 R150: drifting left, slight; left correction
  39.4s P0100 -> L0 R150: drifting left, slight; left correction
  39.4s P0110 -> L150 R150: centred or right drift; forward-only policy
  39.4s P0110 -> L150 R150: centred or right drift; forward-only policy
  39.4s P0110 -> L150 R150: centred or right drift; forward-only policy
  39.4s P0110 -> L150 R150: centred or right drift; forward-only policy
  39.4s P0110 -> L150 R150: centred or right drift; forward-only policy
  39.4s P0110 -> L150 R150: centred or right drift; forward-only policy
  39.4s P0110 -> L150 R150: centred or right drift; forward-only policy
  39.4s P0110 -> L150 R150: centred or right drift; forward-only policy
  39.5s P0110 -> L150 R150: centred or right drift; forward-only policy
  39.5s P0110 -> L150 R150: centred or right drift; forward-only policy
  39.5s P0100 -> L0 R150: drifting left, slight; left correction
  39.5s P0100 -> L0 R150: drifting left, slight; left correction
  39.5s P0100 -> L0 R150: drifting left, slight; left correction
  39.5s P0100 -> L0 R150: drifting left, slight; left correction
  39.5s P0100 -> L0 R150: drifting left, slight; left correction
  39.5s P0100 -> L0 R150: drifting left, slight; left correction
  39.5s P0100 -> L0 R150: drifting left, slight; left correction
  39.5s P0100 -> L0 R150: drifting left, slight; left correction
  39.6s P0100 -> L0 R150: drifting left, slight; left correction
  39.6s P0100 -> L0 R150: drifting left, slight; left correction
  39.6s P0110 -> L150 R150: centred or right drift; forward-only policy
  39.6s P0110 -> L150 R150: centred or right drift; forward-only policy
  39.6s P0110 -> L150 R150: centred or right drift; forward-only policy
  39.6s P0110 -> L150 R150: centred or right drift; forward-only policy
  39.6s P0110 -> L150 R150: centred or right drift; forward-only policy
  39.6s P0110 -> L150 R150: centred or right drift; forward-only policy
  39.6s P0110 -> L150 R150: centred or right drift; forward-only policy
  39.6s P0110 -> L150 R150: centred or right drift; forward-only policy
  39.7s P0110 -> L150 R150: centred or right drift; forward-only policy
  39.7s P0110 -> L150 R150: centred or right drift; forward-only policy
  39.7s P0110 -> L150 R150: centred or right drift; forward-only policy
  39.7s P0100 -> L0 R150: drifting left, slight; left correction
  39.7s P0100 -> L0 R150: drifting left, slight; left correction
  39.7s P0100 -> L0 R150: drifting left, slight; left correction
  39.7s P0100 -> L0 R150: drifting left, slight; left correction
  39.7s P0100 -> L0 R150: drifting left, slight; left correction
  39.7s P0100 -> L0 R150: drifting left, slight; left correction
  39.7s P0100 -> L0 R150: drifting left, slight; left correction
  39.8s P0100 -> L0 R150: drifting left, slight; left correction
  39.8s P0100 -> L0 R150: drifting left, slight; left correction
  39.8s P0100 -> L0 R150: drifting left, slight; left correction
  39.8s P0100 -> L0 R150: drifting left, slight; left correction
  39.8s P0100 -> L0 R150: drifting left, slight; left correction
  39.8s P0100 -> L0 R150: drifting left, slight; left correction
  39.8s P0100 -> L0 R150: drifting left, slight; left correction
  39.8s P0100 -> L0 R150: drifting left, slight; left correction
  39.8s P0100 -> L0 R150: drifting left, slight; left correction
  39.8s P0100 -> L0 R150: drifting left, slight; left correction
  39.9s P0100 -> L0 R150: drifting left, slight; left correction
  39.9s P0110 -> L150 R150: centred or right drift; forward-only policy
  39.9s P0110 -> L150 R150: centred or right drift; forward-only policy
  39.9s P0110 -> L150 R150: centred or right drift; forward-only policy
  39.9s P0110 -> L150 R150: centred or right drift; forward-only policy
  39.9s P0110 -> L150 R150: centred or right drift; forward-only policy
  39.9s P0110 -> L150 R150: centred or right drift; forward-only policy
  39.9s P0110 -> L150 R150: centred or right drift; forward-only policy
  39.9s P0110 -> L150 R150: centred or right drift; forward-only policy
  40.0s P0110 -> L150 R150: centred or right drift; forward-only policy
  40.0s P0110 -> L150 R150: centred or right drift; forward-only policy
  40.0s P0110 -> L150 R150: centred or right drift; forward-only policy
  40.0s P0110 -> L150 R150: centred or right drift; forward-only policy
  40.0s P0100 -> L0 R150: drifting left, slight; left correction
  40.0s P0100 -> L0 R150: drifting left, slight; left correction
  40.0s P0100 -> L0 R150: drifting left, slight; left correction
  40.0s P0100 -> L0 R150: drifting left, slight; left correction
  40.0s P0100 -> L0 R150: drifting left, slight; left correction
  40.0s P0100 -> L0 R150: drifting left, slight; left correction
  40.1s P0100 -> L0 R150: drifting left, slight; left correction
  40.1s P0100 -> L0 R150: drifting left, slight; left correction
  40.1s P0100 -> L0 R150: drifting left, slight; left correction
  40.1s P0100 -> L0 R150: drifting left, slight; left correction
  40.1s P0100 -> L0 R150: drifting left, slight; left correction
  40.1s P0100 -> L0 R150: drifting left, slight; left correction
  40.1s P0100 -> L0 R150: drifting left, slight; left correction
  40.1s P0100 -> L0 R150: drifting left, slight; left correction
  40.1s P0100 -> L0 R150: drifting left, slight; left correction
  40.1s P0110 -> L150 R150: centred or right drift; forward-only policy
  40.2s P0110 -> L150 R150: centred or right drift; forward-only policy
  40.2s P0110 -> L150 R150: centred or right drift; forward-only policy
  40.2s P0100 -> L0 R150: drifting left, slight; left correction
  40.2s P0100 -> L0 R150: drifting left, slight; left correction
  40.2s P0100 -> L0 R150: drifting left, slight; left correction
  40.2s P0100 -> L0 R150: drifting left, slight; left correction
  40.2s P0100 -> L0 R150: drifting left, slight; left correction
  40.2s P0100 -> L0 R150: drifting left, slight; left correction
  40.2s P0100 -> L0 R150: drifting left, slight; left correction
  40.2s P0100 -> L0 R150: drifting left, slight; left correction
  40.3s P0100 -> L0 R150: drifting left, slight; left correction
  40.3s P0100 -> L0 R150: drifting left, slight; left correction
  40.3s P0100 -> L0 R150: drifting left, slight; left correction
  40.3s P0110 -> L150 R150: centred or right drift; forward-only policy
  40.3s P0110 -> L150 R150: centred or right drift; forward-only policy
  40.3s P0110 -> L150 R150: centred or right drift; forward-only policy
  40.3s P0110 -> L150 R150: centred or right drift; forward-only policy
  40.3s P0110 -> L150 R150: centred or right drift; forward-only policy
  40.3s P0110 -> L150 R150: centred or right drift; forward-only policy
  40.3s P0110 -> L150 R150: centred or right drift; forward-only policy
  40.4s P0110 -> L150 R150: centred or right drift; forward-only policy
  40.4s P0110 -> L150 R150: centred or right drift; forward-only policy
  40.4s P0110 -> L150 R150: centred or right drift; forward-only policy
  40.4s P0110 -> L150 R150: centred or right drift; forward-only policy
  40.4s P0100 -> L0 R150: drifting left, slight; left correction
  40.4s P0100 -> L0 R150: drifting left, slight; left correction
  40.4s P0100 -> L0 R150: drifting left, slight; left correction
  40.4s P0100 -> L0 R150: drifting left, slight; left correction
  40.4s P0100 -> L0 R150: drifting left, slight; left correction
  40.4s P0100 -> L0 R150: drifting left, slight; left correction
  40.5s P0100 -> L0 R150: drifting left, slight; left correction
  40.5s P0100 -> L0 R150: drifting left, slight; left correction
  40.5s P0100 -> L0 R150: drifting left, slight; left correction
  40.5s P0100 -> L0 R150: drifting left, slight; left correction
  40.5s P0100 -> L0 R150: drifting left, slight; left correction
  40.5s P0100 -> L0 R150: drifting left, slight; left correction
  40.5s P0100 -> L0 R150: drifting left, slight; left correction
  40.5s P0100 -> L0 R150: drifting left, slight; left correction
  40.5s P0100 -> L0 R150: drifting left, slight; left correction
  40.5s P0100 -> L0 R150: drifting left, slight; left correction
  40.6s P0100 -> L0 R150: drifting left, slight; left correction
  40.6s P0100 -> L0 R150: drifting left, slight; left correction
  40.6s P0100 -> L0 R150: drifting left, slight; left correction
  40.6s P0100 -> L0 R150: drifting left, slight; left correction
  40.6s P0100 -> L0 R150: drifting left, slight; left correction
  40.6s P0100 -> L0 R150: drifting left, slight; left correction
  40.6s P0100 -> L0 R150: drifting left, slight; left correction
  40.6s P0100 -> L0 R150: drifting left, slight; left correction
  40.6s P0100 -> L0 R150: drifting left, slight; left correction
  40.6s P0100 -> L0 R150: drifting left, slight; left correction
  40.7s P0100 -> L0 R150: drifting left, slight; left correction
  40.7s P0100 -> L0 R150: drifting left, slight; left correction
  40.7s P0100 -> L0 R150: drifting left, slight; left correction
  40.7s P0100 -> L0 R150: drifting left, slight; left correction
  40.7s P0100 -> L0 R150: drifting left, slight; left correction
  40.7s P0100 -> L0 R150: drifting left, slight; left correction
  40.7s P0100 -> L0 R150: drifting left, slight; left correction
  40.7s P1100 -> L0 R150: left pair, needs >2.8cm of black; stronger left curve correction
  40.7s P1100 -> L0 R150: left pair, needs >2.8cm of black; stronger left curve correction
  40.7s P1100 -> L0 R150: left pair, needs >2.8cm of black; stronger left curve correction
  40.8s P1100 -> L0 R150: left pair, needs >2.8cm of black; stronger left curve correction
  40.8s P1100 -> L0 R150: left pair, needs >2.8cm of black; stronger left curve correction
  40.8s P1100 -> L0 R150: left pair, needs >2.8cm of black; stronger left curve correction
  40.8s P1100 -> L0 R150: left pair, needs >2.8cm of black; stronger left curve correction
  40.8s P1100 -> L0 R150: left pair, needs >2.8cm of black; stronger left curve correction
  40.8s P1100 -> L0 R150: left pair, needs >2.8cm of black; stronger left curve correction
  40.8s P1100 -> L0 R150: left pair, needs >2.8cm of black; stronger left curve correction
  40.8s P1100 -> L0 R150: left pair, needs >2.8cm of black; stronger left curve correction
  40.8s P1100 -> L0 R150: left pair, needs >2.8cm of black; stronger left curve correction
  40.8s P1100 -> L0 R150: left pair, needs >2.8cm of black; stronger left curve correction
  40.9s P1100 -> L0 R150: left pair, needs >2.8cm of black; stronger left curve correction
  40.9s P1100 -> L0 R150: left pair, needs >2.8cm of black; stronger left curve correction
  40.9s P1100 -> L0 R150: left pair, needs >2.8cm of black; stronger left curve correction
  40.9s P1100 -> L0 R150: left pair, needs >2.8cm of black; stronger left curve correction
  40.9s P1100 -> L0 R150: left pair, needs >2.8cm of black; stronger left curve correction
  40.9s P1100 -> L0 R150: left pair, needs >2.8cm of black; stronger left curve correction
  40.9s P1100 -> L0 R150: left pair, needs >2.8cm of black; stronger left curve correction
  40.9s P1100 -> L0 R150: left pair, needs >2.8cm of black; stronger left curve correction
  40.9s P1100 -> L0 R150: left pair, needs >2.8cm of black; stronger left curve correction
  40.9s P1100 -> L0 R150: left pair, needs >2.8cm of black; stronger left curve correction
  41.0s P1100 -> L0 R150: left pair, needs >2.8cm of black; stronger left curve correction
  41.0s P1100 -> L0 R150: left pair, needs >2.8cm of black; stronger left curve correction
  41.0s P1100 -> L0 R150: left pair, needs >2.8cm of black; stronger left curve correction
  41.0s P1100 -> L0 R150: left pair, needs >2.8cm of black; stronger left curve correction
  41.0s P1100 -> L0 R150: left pair, needs >2.8cm of black; stronger left curve correction
  41.0s P0100 -> L0 R150: drifting left, slight; left correction
  41.0s P0110 -> L150 R150: centred or right drift; forward-only policy
  41.0s P0110 -> L150 R150: centred or right drift; forward-only policy
  41.0s P0110 -> L150 R150: centred or right drift; forward-only policy
  41.0s P0110 -> L150 R150: centred or right drift; forward-only policy
  41.1s P0110 -> L150 R150: centred or right drift; forward-only policy
  41.1s P0110 -> L150 R150: centred or right drift; forward-only policy
  41.1s P0110 -> L150 R150: centred or right drift; forward-only policy
  41.1s P0110 -> L150 R150: centred or right drift; forward-only policy
  41.1s P0100 -> L0 R150: drifting left, slight; left correction
  41.1s P0100 -> L0 R150: drifting left, slight; left correction
  41.1s P0100 -> L0 R150: drifting left, slight; left correction
  41.1s P0100 -> L0 R150: drifting left, slight; left correction
  41.1s P0110 -> L150 R150: centred or right drift; forward-only policy
  41.1s P0110 -> L150 R150: centred or right drift; forward-only policy
  41.2s P0110 -> L150 R150: centred or right drift; forward-only policy
  41.2s P0110 -> L150 R150: centred or right drift; forward-only policy
  41.2s P0110 -> L150 R150: centred or right drift; forward-only policy
  41.2s P0110 -> L150 R150: centred or right drift; forward-only policy
  41.2s P0110 -> L150 R150: centred or right drift; forward-only policy
  41.2s P0110 -> L150 R150: centred or right drift; forward-only policy
  41.2s P0110 -> L150 R150: centred or right drift; forward-only policy
  41.2s P0110 -> L150 R150: centred or right drift; forward-only policy
  41.2s P0110 -> L150 R150: centred or right drift; forward-only policy
  41.2s P0110 -> L150 R150: centred or right drift; forward-only policy
  41.3s P0110 -> L150 R150: centred or right drift; forward-only policy
  41.3s P0110 -> L150 R150: centred or right drift; forward-only policy
  41.3s P1110 -> L0 R150: branch or curve on the left; stronger left curve correction
  41.3s P1110 -> L0 R150: branch or curve on the left; stronger left curve correction
  41.3s P1110 -> L0 R150: branch or curve on the left; stronger left curve correction
  41.3s P1110 -> L0 R150: branch or curve on the left; stronger left curve correction
  41.3s P1110 -> L0 R150: branch or curve on the left; stronger left curve correction
  41.3s P1110 -> L0 R150: branch or curve on the left; stronger left curve correction
  41.3s P1110 -> L0 R150: branch or curve on the left; stronger left curve correction
  41.3s P1110 -> L0 R150: branch or curve on the left; stronger left curve correction
  41.4s P1110 -> L0 R150: branch or curve on the left; stronger left curve correction
  41.4s P1110 -> L0 R150: branch or curve on the left; stronger left curve correction
  41.4s P1110 -> L0 R150: branch or curve on the left; stronger left curve correction
  41.4s P1110 -> L0 R150: branch or curve on the left; stronger left curve correction
  41.4s P1110 -> L0 R150: branch or curve on the left; stronger left curve correction
  41.4s P1110 -> L0 R150: branch or curve on the left; stronger left curve correction
  41.4s P1110 -> L0 R150: branch or curve on the left; stronger left curve correction
  41.4s P1110 -> L0 R150: branch or curve on the left; stronger left curve correction
  41.4s P1110 -> L0 R150: branch or curve on the left; stronger left curve correction
  41.4s P1111 -> L150 R150: symmetric crossbar; no right turns in auto-tracing
  41.5s P1111 -> L150 R150: symmetric crossbar; no right turns in auto-tracing
  41.5s P1111 -> L150 R150: symmetric crossbar; no right turns in auto-tracing
  41.5s P1111 -> L150 R150: symmetric crossbar; no right turns in auto-tracing
  41.5s P1111 -> L150 R150: symmetric crossbar; no right turns in auto-tracing
  41.5s P1111 -> L150 R150: symmetric crossbar; no right turns in auto-tracing
  41.5s P1111 -> L150 R150: symmetric crossbar; no right turns in auto-tracing
  41.5s P1111 -> L150 R150: symmetric crossbar; no right turns in auto-tracing
  41.5s P1111 -> L150 R150: symmetric crossbar; no right turns in auto-tracing
  41.5s P1111 -> L150 R150: symmetric crossbar; no right turns in auto-tracing
  41.5s P1111 -> L150 R150: symmetric crossbar; no right turns in auto-tracing
  41.6s P1111 -> L150 R150: symmetric crossbar; no right turns in auto-tracing
  41.6s P1011 -> L150 R150: P2 dropped out; forward-only policy
  41.6s P1001 -> L150 R150: outer pair only; forward-only policy
  41.6s P1001 -> L150 R150: outer pair only; forward-only policy
  41.6s P1001 -> L150 R150: outer pair only; forward-only policy
  41.6s P1001 -> L150 R150: outer pair only; forward-only policy
  41.6s P1001 -> L150 R150: outer pair only; forward-only policy
  41.6s P1001 -> L150 R150: outer pair only; forward-only policy
  41.6s P1001 -> L150 R150: outer pair only; forward-only policy
  41.7s P1001 -> L150 R150: outer pair only; forward-only policy
  41.7s P1001 -> L150 R150: outer pair only; forward-only policy
  41.7s P1001 -> L150 R150: outer pair only; forward-only policy
41.7s: P1001 held for over 0.1s; entering exit mode: driving forward 5 cm, then turning right 50 degrees
  44.0s P0110 -> L150 R150: centred or unresolved; original-table forward
  44.0s P0110 -> L150 R150: centred or unresolved; original-table forward
  44.0s P0110 -> L150 R150: centred or unresolved; original-table forward
  44.0s P0110 -> L150 R150: centred or unresolved; original-table forward
  44.0s P0110 -> L150 R150: centred or unresolved; original-table forward
  44.0s P0110 -> L150 R150: centred or unresolved; original-table forward
  44.0s P0110 -> L150 R150: centred or unresolved; original-table forward
  44.1s P0110 -> L150 R150: centred or unresolved; original-table forward
  44.1s P0110 -> L150 R150: centred or unresolved; original-table forward
  44.1s P0110 -> L150 R150: centred or unresolved; original-table forward
  44.1s P0110 -> L150 R150: centred or unresolved; original-table forward
  44.1s P0110 -> L150 R150: centred or unresolved; original-table forward
  44.1s P0110 -> L150 R150: centred or unresolved; original-table forward
  44.1s P0110 -> L150 R150: centred or unresolved; original-table forward
  44.1s P0110 -> L150 R150: centred or unresolved; original-table forward
  44.1s P0110 -> L150 R150: centred or unresolved; original-table forward
  44.1s P0110 -> L150 R150: centred or unresolved; original-table forward
  44.2s P0110 -> L150 R150: centred or unresolved; original-table forward
  44.2s P0110 -> L150 R150: centred or unresolved; original-table forward
  44.2s P0110 -> L150 R150: centred or unresolved; original-table forward
  44.2s P0110 -> L150 R150: centred or unresolved; original-table forward
  44.2s P0110 -> L150 R150: centred or unresolved; original-table forward
  44.2s P0110 -> L150 R150: centred or unresolved; original-table forward
  44.2s P0110 -> L150 R150: centred or unresolved; original-table forward
  44.2s P0110 -> L150 R150: centred or unresolved; original-table forward
  44.2s P0110 -> L150 R150: centred or unresolved; original-table forward
  44.2s P0110 -> L150 R150: centred or unresolved; original-table forward
  44.3s P0110 -> L150 R150: centred or unresolved; original-table forward
  44.3s P0110 -> L150 R150: centred or unresolved; original-table forward
  44.3s P0110 -> L150 R150: centred or unresolved; original-table forward
  44.3s P0110 -> L150 R150: centred or unresolved; original-table forward
  44.3s P0110 -> L150 R150: centred or unresolved; original-table forward
  44.3s P0110 -> L150 R150: centred or unresolved; original-table forward
  44.3s P0110 -> L150 R150: centred or unresolved; original-table forward
  44.3s P0110 -> L150 R150: centred or unresolved; original-table forward
  44.3s P0110 -> L150 R150: centred or unresolved; original-table forward
  44.3s P0110 -> L150 R150: centred or unresolved; original-table forward
  44.4s P0110 -> L150 R150: centred or unresolved; original-table forward
  44.4s P0110 -> L150 R150: centred or unresolved; original-table forward
  44.4s P0110 -> L150 R150: centred or unresolved; original-table forward
  44.4s P0110 -> L150 R150: centred or unresolved; original-table forward
  44.4s P0110 -> L150 R150: centred or unresolved; original-table forward
  44.4s P0110 -> L150 R150: centred or unresolved; original-table forward
  44.4s P0110 -> L150 R150: centred or unresolved; original-table forward
  44.4s P0110 -> L150 R150: centred or unresolved; original-table forward
  44.4s P0110 -> L150 R150: centred or unresolved; original-table forward
  44.4s P0110 -> L150 R150: centred or unresolved; original-table forward
  44.5s P0110 -> L150 R150: centred or unresolved; original-table forward
  44.5s P0110 -> L150 R150: centred or unresolved; original-table forward
  44.5s P0110 -> L150 R150: centred or unresolved; original-table forward
  44.5s P0110 -> L150 R150: centred or unresolved; original-table forward
  44.5s P0110 -> L150 R150: centred or unresolved; original-table forward
  44.5s P0110 -> L150 R150: centred or unresolved; original-table forward
  44.5s P0110 -> L150 R150: centred or unresolved; original-table forward
  44.5s P0110 -> L150 R150: centred or unresolved; original-table forward
  44.5s P0110 -> L150 R150: centred or unresolved; original-table forward
  44.5s P0110 -> L150 R150: centred or unresolved; original-table forward
  44.6s P0110 -> L150 R150: centred or unresolved; original-table forward
  44.6s P0110 -> L150 R150: centred or unresolved; original-table forward
  44.6s P0110 -> L150 R150: centred or unresolved; original-table forward
  44.6s P0110 -> L150 R150: centred or unresolved; original-table forward
  44.6s P0110 -> L150 R150: centred or unresolved; original-table forward
  44.6s P0110 -> L150 R150: centred or unresolved; original-table forward
  44.6s P0110 -> L150 R150: centred or unresolved; original-table forward
  44.6s P0110 -> L150 R150: centred or unresolved; original-table forward
  44.6s P0110 -> L150 R150: centred or unresolved; original-table forward
  44.6s P0110 -> L150 R150: centred or unresolved; original-table forward
  44.7s P0110 -> L150 R150: centred or unresolved; original-table forward
  44.7s P0110 -> L150 R150: centred or unresolved; original-table forward
  44.7s P0110 -> L150 R150: centred or unresolved; original-table forward
  44.7s P0110 -> L150 R150: centred or unresolved; original-table forward
  44.7s P0110 -> L150 R150: centred or unresolved; original-table forward
  44.7s P0110 -> L150 R150: centred or unresolved; original-table forward
  44.7s P0110 -> L150 R150: centred or unresolved; original-table forward
  44.7s P0110 -> L150 R150: centred or unresolved; original-table forward
  44.7s P0110 -> L150 R150: centred or unresolved; original-table forward
  44.7s P0110 -> L150 R150: centred or unresolved; original-table forward
  44.8s P0110 -> L150 R150: centred or unresolved; original-table forward
  44.8s P0110 -> L150 R150: centred or unresolved; original-table forward
  44.8s P0110 -> L150 R150: centred or unresolved; original-table forward
  44.8s P0110 -> L150 R150: centred or unresolved; original-table forward
  44.8s P0110 -> L150 R150: centred or unresolved; original-table forward
  44.8s P0110 -> L150 R150: centred or unresolved; original-table forward
  44.8s P0110 -> L150 R150: centred or unresolved; original-table forward
  44.8s P0110 -> L150 R150: centred or unresolved; original-table forward
  44.8s P0110 -> L150 R150: centred or unresolved; original-table forward
  44.8s P0110 -> L150 R150: centred or unresolved; original-table forward
  44.9s P0010 -> L150 R110: drifting right, slight; original-table correction
  44.9s P0010 -> L150 R110: drifting right, slight; original-table correction
  44.9s P0010 -> L150 R110: drifting right, slight; original-table correction
  44.9s P0010 -> L150 R110: drifting right, slight; original-table correction
  44.9s P0010 -> L150 R110: drifting right, slight; original-table correction
  44.9s P0010 -> L150 R110: drifting right, slight; original-table correction
  44.9s P0010 -> L150 R110: drifting right, slight; original-table correction
  44.9s P0010 -> L150 R110: drifting right, slight; original-table correction
  44.9s P0010 -> L150 R110: drifting right, slight; original-table correction
  44.9s P0010 -> L150 R110: drifting right, slight; original-table correction
  45.0s P0010 -> L150 R110: drifting right, slight; original-table correction
  45.0s P0010 -> L150 R110: drifting right, slight; original-table correction
  45.0s P0010 -> L150 R110: drifting right, slight; original-table correction
  45.0s P0010 -> L150 R110: drifting right, slight; original-table correction
  45.0s P0010 -> L150 R110: drifting right, slight; original-table correction
  45.0s P0010 -> L150 R110: drifting right, slight; original-table correction
  45.0s P0010 -> L150 R110: drifting right, slight; original-table correction
  45.0s P0010 -> L150 R110: drifting right, slight; original-table correction
  45.0s P0010 -> L150 R110: drifting right, slight; original-table correction
  45.0s P0010 -> L150 R110: drifting right, slight; original-table correction
  45.1s P0010 -> L150 R110: drifting right, slight; original-table correction
  45.1s P0010 -> L150 R110: drifting right, slight; original-table correction
  45.1s P0010 -> L150 R110: drifting right, slight; original-table correction
  45.1s P0000 -> L150 R60: blind band; original-table correction
  45.1s P0000 -> L150 R60: blind band; original-table correction
  45.1s P0000 -> L150 R60: blind band; original-table correction
  45.1s P0000 -> L150 R60: blind band; original-table correction
  45.1s P0000 -> L150 R60: blind band; original-table correction
  45.1s P0000 -> L150 R60: blind band; original-table correction
  45.1s P0000 -> L150 R60: blind band; original-table correction
  45.2s P0000 -> L150 R60: blind band; original-table correction
  45.2s P0000 -> L150 R60: blind band; original-table correction
  45.2s P0000 -> L150 R60: blind band; original-table correction
  45.2s P0000 -> L150 R60: blind band; original-table correction
  45.2s P0000 -> L150 R60: blind band; original-table correction
  45.2s P0000 -> L150 R60: blind band; original-table correction
  45.2s P0000 -> L150 R60: blind band; original-table correction
  45.2s P0000 -> L150 R60: blind band; original-table correction
  45.2s P0000 -> L150 R60: blind band; original-table correction
  45.2s P0000 -> L150 R60: blind band; original-table correction
  45.3s P0000 -> L150 R60: blind band; original-table correction
  45.3s P0000 -> L150 R60: blind band; original-table correction
  45.3s P0000 -> L150 R60: blind band; original-table correction
  45.3s P0000 -> L150 R60: blind band; original-table correction
  45.3s P0000 -> L150 R60: blind band; original-table correction
  45.3s P0000 -> L150 R60: blind band; original-table correction
  45.3s P0000 -> L150 R60: blind band; original-table correction
  45.3s P0000 -> L150 R60: blind band; original-table correction
  45.3s P0000 -> L150 R60: blind band; original-table correction
  45.4s P0000 -> L150 R60: blind band; original-table correction
  45.4s P0000 -> L150 R60: blind band; original-table correction
  45.4s P0010 -> L150 R110: drifting right, slight; original-table correction
  45.4s P0010 -> L150 R110: drifting right, slight; original-table correction
  45.4s P0010 -> L150 R110: drifting right, slight; original-table correction
  45.4s P0010 -> L150 R110: drifting right, slight; original-table correction
  45.4s P0010 -> L150 R110: drifting right, slight; original-table correction
  45.4s P0010 -> L150 R110: drifting right, slight; original-table correction
  45.4s P0010 -> L150 R110: drifting right, slight; original-table correction
  45.4s P0010 -> L150 R110: drifting right, slight; original-table correction
  45.5s P0010 -> L150 R110: drifting right, slight; original-table correction
  45.5s P0010 -> L150 R110: drifting right, slight; original-table correction
  45.5s P0010 -> L150 R110: drifting right, slight; original-table correction
  45.5s P0010 -> L150 R110: drifting right, slight; original-table correction
  45.5s P0010 -> L150 R110: drifting right, slight; original-table correction
  45.5s P0010 -> L150 R110: drifting right, slight; original-table correction
  45.5s P0010 -> L150 R110: drifting right, slight; original-table correction
  45.5s P0000 -> L150 R60: blind band; original-table correction
  45.5s P0010 -> L150 R110: drifting right, slight; original-table correction
  45.5s P0010 -> L150 R110: drifting right, slight; original-table correction
  45.6s P0010 -> L150 R110: drifting right, slight; original-table correction
  45.6s P0010 -> L150 R110: drifting right, slight; original-table correction
  45.6s P0010 -> L150 R110: drifting right, slight; original-table correction
  45.6s P0010 -> L150 R110: drifting right, slight; original-table correction
  45.6s P0010 -> L150 R110: drifting right, slight; original-table correction
  45.6s P0010 -> L150 R110: drifting right, slight; original-table correction
  45.6s P0010 -> L150 R110: drifting right, slight; original-table correction
  45.6s P0010 -> L150 R110: drifting right, slight; original-table correction
  45.6s P0010 -> L150 R110: drifting right, slight; original-table correction
  45.6s P0010 -> L150 R110: drifting right, slight; original-table correction
  45.7s P0010 -> L150 R110: drifting right, slight; original-table correction
  45.7s P0010 -> L150 R110: drifting right, slight; original-table correction
  45.7s P0010 -> L150 R110: drifting right, slight; original-table correction
  45.7s P0010 -> L150 R110: drifting right, slight; original-table correction
  45.7s P0010 -> L150 R110: drifting right, slight; original-table correction
  45.7s P0010 -> L150 R110: drifting right, slight; original-table correction
  45.7s P0000 -> L150 R60: blind band; original-table correction
  45.7s P0000 -> L150 R60: blind band; original-table correction
  45.7s P0000 -> L150 R60: blind band; original-table correction
  45.7s P0000 -> L150 R60: blind band; original-table correction
  45.8s P0000 -> L150 R60: blind band; original-table correction
  45.8s P0000 -> L150 R60: blind band; original-table correction
  45.8s P0000 -> L150 R60: blind band; original-table correction
  45.8s P0000 -> L150 R60: blind band; original-table correction
  45.8s P0000 -> L150 R60: blind band; original-table correction
  45.8s P0000 -> L150 R60: blind band; original-table correction
  45.8s P0000 -> L150 R60: blind band; original-table correction
  45.8s P0000 -> L150 R60: blind band; original-table correction
  45.8s P0000 -> L150 R60: blind band; original-table correction
  45.8s P0000 -> L150 R60: blind band; original-table correction
  45.9s P0000 -> L150 R60: blind band; original-table correction
  45.9s P0000 -> L150 R60: blind band; original-table correction
  45.9s P0000 -> L150 R60: blind band; original-table correction
  45.9s P0000 -> L150 R60: blind band; original-table correction
  45.9s P0000 -> L150 R60: blind band; original-table correction
  45.9s P0000 -> L150 R60: blind band; original-table correction
  45.9s P0010 -> L150 R110: drifting right, slight; original-table correction
  45.9s P0010 -> L150 R110: drifting right, slight; original-table correction
  45.9s P0010 -> L150 R110: drifting right, slight; original-table correction
  45.9s P0010 -> L150 R110: drifting right, slight; original-table correction
  46.0s P0010 -> L150 R110: drifting right, slight; original-table correction
  46.0s P0010 -> L150 R110: drifting right, slight; original-table correction
  46.0s P0010 -> L150 R110: drifting right, slight; original-table correction
  46.0s P0010 -> L150 R110: drifting right, slight; original-table correction
  46.0s P0010 -> L150 R110: drifting right, slight; original-table correction
  46.0s P0010 -> L150 R110: drifting right, slight; original-table correction
  46.0s P0010 -> L150 R110: drifting right, slight; original-table correction
  46.0s P0010 -> L150 R110: drifting right, slight; original-table correction
  46.0s P0010 -> L150 R110: drifting right, slight; original-table correction
  46.0s P0010 -> L150 R110: drifting right, slight; original-table correction
  46.1s P0010 -> L150 R110: drifting right, slight; original-table correction
  46.1s P0010 -> L150 R110: drifting right, slight; original-table correction
  46.1s P0011 -> L150 R60: right pair, needs >2.8cm of black; original-table junction correction
  46.1s P0011 -> L150 R60: right pair, needs >2.8cm of black; original-table junction correction
  46.1s P0011 -> L150 R60: right pair, needs >2.8cm of black; original-table junction correction
  46.1s P0011 -> L150 R60: right pair, needs >2.8cm of black; original-table junction correction
  46.1s P0011 -> L150 R60: right pair, needs >2.8cm of black; original-table junction correction
  46.1s P0011 -> L150 R60: right pair, needs >2.8cm of black; original-table junction correction
  46.1s P0011 -> L150 R60: right pair, needs >2.8cm of black; original-table junction correction
  46.1s P0011 -> L150 R60: right pair, needs >2.8cm of black; original-table junction correction
  46.2s P0011 -> L150 R60: right pair, needs >2.8cm of black; original-table junction correction
  46.2s P0011 -> L150 R60: right pair, needs >2.8cm of black; original-table junction correction
  46.2s P0011 -> L150 R60: right pair, needs >2.8cm of black; original-table junction correction
  46.2s P0011 -> L150 R60: right pair, needs >2.8cm of black; original-table junction correction
  46.2s P0011 -> L150 R60: right pair, needs >2.8cm of black; original-table junction correction
  46.2s P0011 -> L150 R60: right pair, needs >2.8cm of black; original-table junction correction
  46.2s P0111 -> L150 R60: branch or curve on the right; original-table junction correction
  46.2s P0111 -> L150 R60: branch or curve on the right; original-table junction correction
  46.2s P0111 -> L150 R60: branch or curve on the right; original-table junction correction
  46.2s P0111 -> L150 R60: branch or curve on the right; original-table junction correction
  46.3s P0111 -> L150 R60: branch or curve on the right; original-table junction correction
  46.3s P0111 -> L150 R60: branch or curve on the right; original-table junction correction
  46.3s P0111 -> L150 R60: branch or curve on the right; original-table junction correction
  46.3s P0111 -> L150 R60: branch or curve on the right; original-table junction correction
  46.3s P0111 -> L150 R60: branch or curve on the right; original-table junction correction
  46.3s P0111 -> L150 R60: branch or curve on the right; original-table junction correction
  46.3s P0111 -> L150 R60: branch or curve on the right; original-table junction correction
  46.3s P0111 -> L150 R60: branch or curve on the right; original-table junction correction
  46.3s P0111 -> L150 R60: branch or curve on the right; original-table junction correction
  46.3s P0111 -> L150 R60: branch or curve on the right; original-table junction correction
  46.4s P0111 -> L150 R60: branch or curve on the right; original-table junction correction
  46.4s P0111 -> L150 R60: branch or curve on the right; original-table junction correction
  46.4s P0111 -> L150 R60: branch or curve on the right; original-table junction correction
  46.4s P0111 -> L150 R60: branch or curve on the right; original-table junction correction
  46.4s P0111 -> L150 R60: branch or curve on the right; original-table junction correction
  46.4s P0111 -> L150 R60: branch or curve on the right; original-table junction correction
  46.4s P0111 -> L150 R60: branch or curve on the right; original-table junction correction
  46.4s P0111 -> L150 R60: branch or curve on the right; original-table junction correction
  46.4s P0111 -> L150 R60: branch or curve on the right; original-table junction correction
  46.4s P0111 -> L150 R60: branch or curve on the right; original-table junction correction
  46.5s P0111 -> L150 R60: branch or curve on the right; original-table junction correction
  46.5s P0111 -> L150 R60: branch or curve on the right; original-table junction correction
  46.5s P0111 -> L150 R60: branch or curve on the right; original-table junction correction
  46.5s P0111 -> L150 R60: branch or curve on the right; original-table junction correction
  46.5s P0111 -> L150 R60: branch or curve on the right; original-table junction correction
  46.5s P0111 -> L150 R60: branch or curve on the right; original-table junction correction
  46.5s P0111 -> L150 R60: branch or curve on the right; original-table junction correction
  46.5s P0111 -> L150 R60: branch or curve on the right; original-table junction correction
  46.5s P0111 -> L150 R60: branch or curve on the right; original-table junction correction
  46.5s P0111 -> L150 R60: branch or curve on the right; original-table junction correction
  46.6s P0111 -> L150 R60: branch or curve on the right; original-table junction correction
  46.6s P0111 -> L150 R60: branch or curve on the right; original-table junction correction
  46.6s P0111 -> L150 R60: branch or curve on the right; original-table junction correction
  46.6s P0111 -> L150 R60: branch or curve on the right; original-table junction correction
  46.6s P0111 -> L150 R60: branch or curve on the right; original-table junction correction
  46.6s P0111 -> L150 R60: branch or curve on the right; original-table junction correction
  46.6s P0111 -> L150 R60: branch or curve on the right; original-table junction correction
  46.6s P0111 -> L150 R60: branch or curve on the right; original-table junction correction
  46.6s P0111 -> L150 R60: branch or curve on the right; original-table junction correction
  46.6s P0111 -> L150 R60: branch or curve on the right; original-table junction correction
  46.7s P0111 -> L150 R60: branch or curve on the right; original-table junction correction
  46.7s P0111 -> L150 R60: branch or curve on the right; original-table junction correction
  46.7s P0111 -> L150 R60: branch or curve on the right; original-table junction correction
  46.7s P0111 -> L150 R60: branch or curve on the right; original-table junction correction
  46.7s P0111 -> L150 R60: branch or curve on the right; original-table junction correction
  46.7s P0111 -> L150 R60: branch or curve on the right; original-table junction correction
  46.7s P0111 -> L150 R60: branch or curve on the right; original-table junction correction
  46.7s P0111 -> L150 R60: branch or curve on the right; original-table junction correction
  46.7s P0111 -> L150 R60: branch or curve on the right; original-table junction correction
  46.7s P0111 -> L150 R60: branch or curve on the right; original-table junction correction
  46.8s P0110 -> L150 R150: centred or unresolved; original-table forward
  46.8s P0110 -> L150 R150: centred or unresolved; original-table forward
  46.8s P0110 -> L150 R150: centred or unresolved; original-table forward
  46.8s P0110 -> L150 R150: centred or unresolved; original-table forward
  46.8s P0110 -> L150 R150: centred or unresolved; original-table forward
  46.8s P0110 -> L150 R150: centred or unresolved; original-table forward
  46.8s P0110 -> L150 R150: centred or unresolved; original-table forward
  46.8s P0110 -> L150 R150: centred or unresolved; original-table forward
  46.8s P0110 -> L150 R150: centred or unresolved; original-table forward
  46.8s P0110 -> L150 R150: centred or unresolved; original-table forward
  46.9s P0110 -> L150 R150: centred or unresolved; original-table forward
  46.9s P0110 -> L150 R150: centred or unresolved; original-table forward
  46.9s P0110 -> L150 R150: centred or unresolved; original-table forward
  46.9s P0110 -> L150 R150: centred or unresolved; original-table forward
  46.9s P0110 -> L150 R150: centred or unresolved; original-table forward
  46.9s P0110 -> L150 R150: centred or unresolved; original-table forward
  46.9s P0110 -> L150 R150: centred or unresolved; original-table forward
  46.9s P0110 -> L150 R150: centred or unresolved; original-table forward
  46.9s P0110 -> L150 R150: centred or unresolved; original-table forward
  46.9s P0110 -> L150 R150: centred or unresolved; original-table forward
  47.0s P0110 -> L150 R150: centred or unresolved; original-table forward
  47.0s P0110 -> L150 R150: centred or unresolved; original-table forward
  47.0s P0110 -> L150 R150: centred or unresolved; original-table forward
  47.0s P0110 -> L150 R150: centred or unresolved; original-table forward
  47.0s P0110 -> L150 R150: centred or unresolved; original-table forward
  47.0s P0110 -> L150 R150: centred or unresolved; original-table forward
  47.0s P0110 -> L150 R150: centred or unresolved; original-table forward
  47.0s P0110 -> L150 R150: centred or unresolved; original-table forward
  47.0s P0110 -> L150 R150: centred or unresolved; original-table forward
  47.0s P0110 -> L150 R150: centred or unresolved; original-table forward
  47.1s P0110 -> L150 R150: centred or unresolved; original-table forward
  47.1s P0110 -> L150 R150: centred or unresolved; original-table forward
  47.1s P0110 -> L150 R150: centred or unresolved; original-table forward
  47.1s P0110 -> L150 R150: centred or unresolved; original-table forward
  47.1s P0110 -> L150 R150: centred or unresolved; original-table forward
  47.1s P0110 -> L150 R150: centred or unresolved; original-table forward
  47.1s P0110 -> L150 R150: centred or unresolved; original-table forward
  47.1s P0110 -> L150 R150: centred or unresolved; original-table forward
  47.1s P0110 -> L150 R150: centred or unresolved; original-table forward
  47.2s P0110 -> L150 R150: centred or unresolved; original-table forward
  47.2s P0110 -> L150 R150: centred or unresolved; original-table forward
  47.2s P0110 -> L150 R150: centred or unresolved; original-table forward
  47.2s P0110 -> L150 R150: centred or unresolved; original-table forward
  47.2s P0110 -> L150 R150: centred or unresolved; original-table forward
  47.2s P0110 -> L150 R150: centred or unresolved; original-table forward
  47.2s P0110 -> L150 R150: centred or unresolved; original-table forward
  47.2s P0110 -> L150 R150: centred or unresolved; original-table forward
  47.2s P0110 -> L150 R150: centred or unresolved; original-table forward
  47.2s P0110 -> L150 R150: centred or unresolved; original-table forward
  47.3s P0110 -> L150 R150: centred or unresolved; original-table forward
  47.3s P0110 -> L150 R150: centred or unresolved; original-table forward
  47.3s P0110 -> L150 R150: centred or unresolved; original-table forward
  47.3s P0110 -> L150 R150: centred or unresolved; original-table forward
  47.3s P0110 -> L150 R150: centred or unresolved; original-table forward
  47.3s P0110 -> L150 R150: centred or unresolved; original-table forward
  47.3s P0110 -> L150 R150: centred or unresolved; original-table forward
  47.3s P0110 -> L150 R150: centred or unresolved; original-table forward
  47.3s P0110 -> L150 R150: centred or unresolved; original-table forward
  47.3s P0110 -> L150 R150: centred or unresolved; original-table forward
  47.4s P0110 -> L150 R150: centred or unresolved; original-table forward
  47.4s P0110 -> L150 R150: centred or unresolved; original-table forward
  47.4s P0110 -> L150 R150: centred or unresolved; original-table forward
  47.4s P0110 -> L150 R150: centred or unresolved; original-table forward
  47.4s P0110 -> L150 R150: centred or unresolved; original-table forward
  47.4s P0110 -> L150 R150: centred or unresolved; original-table forward
  47.4s P0110 -> L150 R150: centred or unresolved; original-table forward
  47.4s P0100 -> L110 R150: drifting left, slight; original-table correction
  47.4s P0100 -> L110 R150: drifting left, slight; original-table correction
  47.4s P0100 -> L110 R150: drifting left, slight; original-table correction
  47.5s P0100 -> L110 R150: drifting left, slight; original-table correction
  47.5s P0100 -> L110 R150: drifting left, slight; original-table correction
  47.5s P0100 -> L110 R150: drifting left, slight; original-table correction
  47.5s P0100 -> L110 R150: drifting left, slight; original-table correction
  47.5s P0100 -> L110 R150: drifting left, slight; original-table correction
  47.5s P0100 -> L110 R150: drifting left, slight; original-table correction
  47.5s P0100 -> L110 R150: drifting left, slight; original-table correction
  47.5s P0100 -> L110 R150: drifting left, slight; original-table correction
  47.5s P0100 -> L110 R150: drifting left, slight; original-table correction
  47.5s P0100 -> L110 R150: drifting left, slight; original-table correction
  47.6s P0100 -> L110 R150: drifting left, slight; original-table correction
  47.6s P0100 -> L110 R150: drifting left, slight; original-table correction
  47.6s P0100 -> L110 R150: drifting left, slight; original-table correction
  47.6s P0100 -> L110 R150: drifting left, slight; original-table correction
  47.6s P0100 -> L110 R150: drifting left, slight; original-table correction
  47.6s P0100 -> L110 R150: drifting left, slight; original-table correction
  47.6s P0100 -> L110 R150: drifting left, slight; original-table correction
  47.6s P0100 -> L110 R150: drifting left, slight; original-table correction
  47.6s P0100 -> L110 R150: drifting left, slight; original-table correction
  47.6s P0100 -> L110 R150: drifting left, slight; original-table correction
  47.7s P0110 -> L150 R150: centred or unresolved; original-table forward
  47.7s P0110 -> L150 R150: centred or unresolved; original-table forward
  47.7s P0110 -> L150 R150: centred or unresolved; original-table forward
  47.7s P0110 -> L150 R150: centred or unresolved; original-table forward
  47.7s P0110 -> L150 R150: centred or unresolved; original-table forward
  47.7s P0110 -> L150 R150: centred or unresolved; original-table forward
  47.7s P0110 -> L150 R150: centred or unresolved; original-table forward
  47.7s P0110 -> L150 R150: centred or unresolved; original-table forward
  47.7s P0110 -> L150 R150: centred or unresolved; original-table forward
  47.7s P0110 -> L150 R150: centred or unresolved; original-table forward
  47.8s P0110 -> L150 R150: centred or unresolved; original-table forward
  47.8s P0110 -> L150 R150: centred or unresolved; original-table forward
  47.8s P0110 -> L150 R150: centred or unresolved; original-table forward
  47.8s P0110 -> L150 R150: centred or unresolved; original-table forward
  47.8s P0110 -> L150 R150: centred or unresolved; original-table forward
  47.8s P0110 -> L150 R150: centred or unresolved; original-table forward
  47.8s P0110 -> L150 R150: centred or unresolved; original-table forward
  47.8s P0110 -> L150 R150: centred or unresolved; original-table forward
  47.8s P0110 -> L150 R150: centred or unresolved; original-table forward
  47.8s P0110 -> L150 R150: centred or unresolved; original-table forward
  47.9s P0110 -> L150 R150: centred or unresolved; original-table forward
  47.9s P0110 -> L150 R150: centred or unresolved; original-table forward
  47.9s P0110 -> L150 R150: centred or unresolved; original-table forward
  47.9s P0110 -> L150 R150: centred or unresolved; original-table forward
  47.9s P0110 -> L150 R150: centred or unresolved; original-table forward
  47.9s P0110 -> L150 R150: centred or unresolved; original-table forward
  47.9s P0110 -> L150 R150: centred or unresolved; original-table forward
  47.9s P0110 -> L150 R150: centred or unresolved; original-table forward
  47.9s P0110 -> L150 R150: centred or unresolved; original-table forward
  47.9s P0110 -> L150 R150: centred or unresolved; original-table forward
  48.0s P0110 -> L150 R150: centred or unresolved; original-table forward
  48.0s P0110 -> L150 R150: centred or unresolved; original-table forward
  48.0s P0110 -> L150 R150: centred or unresolved; original-table forward
  48.0s P0110 -> L150 R150: centred or unresolved; original-table forward
  48.0s P0110 -> L150 R150: centred or unresolved; original-table forward
  48.0s P0110 -> L150 R150: centred or unresolved; original-table forward
  48.0s P0110 -> L150 R150: centred or unresolved; original-table forward
  48.0s P0110 -> L150 R150: centred or unresolved; original-table forward
  48.0s P0110 -> L150 R150: centred or unresolved; original-table forward
  48.0s P0110 -> L150 R150: centred or unresolved; original-table forward
  48.1s P0110 -> L150 R150: centred or unresolved; original-table forward
  48.1s P0110 -> L150 R150: centred or unresolved; original-table forward
  48.1s P0110 -> L150 R150: centred or unresolved; original-table forward
  48.1s P0110 -> L150 R150: centred or unresolved; original-table forward
  48.1s P0110 -> L150 R150: centred or unresolved; original-table forward
  48.1s P0110 -> L150 R150: centred or unresolved; original-table forward
  48.1s P0110 -> L150 R150: centred or unresolved; original-table forward
  48.1s P0110 -> L150 R150: centred or unresolved; original-table forward
  48.1s P0110 -> L150 R150: centred or unresolved; original-table forward
  48.1s P0110 -> L150 R150: centred or unresolved; original-table forward
  48.2s P0110 -> L150 R150: centred or unresolved; original-table forward
  48.2s P0110 -> L150 R150: centred or unresolved; original-table forward
  48.2s P0110 -> L150 R150: centred or unresolved; original-table forward
  48.2s P0110 -> L150 R150: centred or unresolved; original-table forward
  48.2s P0110 -> L150 R150: centred or unresolved; original-table forward
  48.2s P0110 -> L150 R150: centred or unresolved; original-table forward
  48.2s P0110 -> L150 R150: centred or unresolved; original-table forward
  48.2s P0110 -> L150 R150: centred or unresolved; original-table forward
  48.2s P0110 -> L150 R150: centred or unresolved; original-table forward
  48.2s P0110 -> L150 R150: centred or unresolved; original-table forward
  48.3s P0110 -> L150 R150: centred or unresolved; original-table forward
  48.3s P0110 -> L150 R150: centred or unresolved; original-table forward
  48.3s P0110 -> L150 R150: centred or unresolved; original-table forward
  48.3s P0110 -> L150 R150: centred or unresolved; original-table forward
  48.3s P0110 -> L150 R150: centred or unresolved; original-table forward
  48.3s P0110 -> L150 R150: centred or unresolved; original-table forward
  48.3s P0110 -> L150 R150: centred or unresolved; original-table forward
  48.3s P0110 -> L150 R150: centred or unresolved; original-table forward
  48.3s P0110 -> L150 R150: centred or unresolved; original-table forward
  48.3s P0110 -> L150 R150: centred or unresolved; original-table forward
  48.4s P0110 -> L150 R150: centred or unresolved; original-table forward
  48.4s P0110 -> L150 R150: centred or unresolved; original-table forward
  48.4s P0110 -> L150 R150: centred or unresolved; original-table forward
  48.4s P0110 -> L150 R150: centred or unresolved; original-table forward
  48.4s P0110 -> L150 R150: centred or unresolved; original-table forward
  48.4s P0110 -> L150 R150: centred or unresolved; original-table forward
  48.4s P0110 -> L150 R150: centred or unresolved; original-table forward
  48.4s P0110 -> L150 R150: centred or unresolved; original-table forward
  48.4s P0110 -> L150 R150: centred or unresolved; original-table forward
  48.4s P0110 -> L150 R150: centred or unresolved; original-table forward
  48.5s P0110 -> L150 R150: centred or unresolved; original-table forward
  48.5s P0110 -> L150 R150: centred or unresolved; original-table forward
  48.5s P0110 -> L150 R150: centred or unresolved; original-table forward
  48.5s P0110 -> L150 R150: centred or unresolved; original-table forward
  48.5s P0110 -> L150 R150: centred or unresolved; original-table forward
  48.5s P0110 -> L150 R150: centred or unresolved; original-table forward
  48.5s P0110 -> L150 R150: centred or unresolved; original-table forward
  48.5s P0110 -> L150 R150: centred or unresolved; original-table forward
  48.5s P0110 -> L150 R150: centred or unresolved; original-table forward
  48.5s P0110 -> L150 R150: centred or unresolved; original-table forward
  48.6s P0110 -> L150 R150: centred or unresolved; original-table forward
  48.6s P0110 -> L150 R150: centred or unresolved; original-table forward
  48.6s P0110 -> L150 R150: centred or unresolved; original-table forward
  48.6s P0110 -> L150 R150: centred or unresolved; original-table forward
  48.6s P0110 -> L150 R150: centred or unresolved; original-table forward
  48.6s P0110 -> L150 R150: centred or unresolved; original-table forward
  48.6s P0110 -> L150 R150: centred or unresolved; original-table forward
  48.6s P0110 -> L150 R150: centred or unresolved; original-table forward
  48.6s P0110 -> L150 R150: centred or unresolved; original-table forward
  48.6s P0110 -> L150 R150: centred or unresolved; original-table forward
  48.7s P0110 -> L150 R150: centred or unresolved; original-table forward
  48.7s P0100 -> L110 R150: drifting left, slight; original-table correction
  48.7s P0100 -> L110 R150: drifting left, slight; original-table correction
  48.7s P0100 -> L110 R150: drifting left, slight; original-table correction
  48.7s P0100 -> L110 R150: drifting left, slight; original-table correction
  48.7s P0100 -> L110 R150: drifting left, slight; original-table correction
  48.7s P0100 -> L110 R150: drifting left, slight; original-table correction
  48.7s P0100 -> L110 R150: drifting left, slight; original-table correction
  48.7s P0100 -> L110 R150: drifting left, slight; original-table correction
  48.7s P0100 -> L110 R150: drifting left, slight; original-table correction
  48.8s P0100 -> L110 R150: drifting left, slight; original-table correction
  48.8s P0100 -> L110 R150: drifting left, slight; original-table correction
  48.8s P0100 -> L110 R150: drifting left, slight; original-table correction
  48.8s P0100 -> L110 R150: drifting left, slight; original-table correction
  48.8s P0100 -> L110 R150: drifting left, slight; original-table correction
  48.8s P0100 -> L110 R150: drifting left, slight; original-table correction
  48.8s P0100 -> L110 R150: drifting left, slight; original-table correction
  48.8s P0100 -> L110 R150: drifting left, slight; original-table correction
  48.8s P0100 -> L110 R150: drifting left, slight; original-table correction
  48.9s P0100 -> L110 R150: drifting left, slight; original-table correction
  48.9s P0100 -> L110 R150: drifting left, slight; original-table correction
  48.9s P0100 -> L110 R150: drifting left, slight; original-table correction
  48.9s P0100 -> L110 R150: drifting left, slight; original-table correction
  48.9s P0100 -> L110 R150: drifting left, slight; original-table correction
  48.9s P0100 -> L110 R150: drifting left, slight; original-table correction
  48.9s P0000 -> L60 R150: blind band; original-table correction
  48.9s P0000 -> L60 R150: blind band; original-table correction
  48.9s P0000 -> L60 R150: blind band; original-table correction
  48.9s P0000 -> L60 R150: blind band; original-table correction
  49.0s P0000 -> L60 R150: blind band; original-table correction
  49.0s P0000 -> L60 R150: blind band; original-table correction
  49.0s P0000 -> L60 R150: blind band; original-table correction
  49.0s P0000 -> L60 R150: blind band; original-table correction
  49.0s P0000 -> L60 R150: blind band; original-table correction
  49.0s P0000 -> L60 R150: blind band; original-table correction
  49.0s P0000 -> L60 R150: blind band; original-table correction
  49.0s P0000 -> L60 R150: blind band; original-table correction
  49.0s P0000 -> L60 R150: blind band; original-table correction
  49.0s P0000 -> L60 R150: blind band; original-table correction
  49.1s P0000 -> L60 R150: blind band; original-table correction
  49.1s P0000 -> L60 R150: blind band; original-table correction
  49.1s P0000 -> L60 R150: blind band; original-table correction
  49.1s P0000 -> L60 R150: blind band; original-table correction
  49.1s P0000 -> L60 R150: blind band; original-table correction
  49.1s P0000 -> L60 R150: blind band; original-table correction
  49.1s P0000 -> L60 R150: blind band; original-table correction
  49.1s P0000 -> L60 R150: blind band; original-table correction
  49.1s P0000 -> L60 R150: blind band; original-table correction
  49.1s P0000 -> L60 R150: blind band; original-table correction
  49.2s P0000 -> L60 R150: blind band; original-table correction
  49.2s P0000 -> L60 R150: blind band; original-table correction
  49.2s P0000 -> L60 R150: blind band; original-table correction
  49.2s P0000 -> L60 R150: blind band; original-table correction
  49.2s P0000 -> L60 R150: blind band; original-table correction
  49.2s P0000 -> L60 R150: blind band; original-table correction
  49.2s P0000 -> L60 R150: blind band; original-table correction
  49.2s P0000 -> L60 R150: blind band; original-table correction
  49.2s P0000 -> L60 R150: blind band; original-table correction
  49.2s P0000 -> L60 R150: blind band; original-table correction
  49.3s P0000 -> L60 R150: blind band; original-table correction
  49.3s P0000 -> L60 R150: blind band; original-table correction
  49.3s P0000 -> L60 R150: blind band; original-table correction
  49.3s P0000 -> L60 R150: blind band; original-table correction
  49.3s P0000 -> L60 R150: blind band; original-table correction
  49.3s P0000 -> L60 R150: blind band; original-table correction
  49.3s P0000 -> L60 R150: blind band; original-table correction
  49.3s P1000 -> L-150 R150: far left, outer sensor only; hard left; original-table correction
  49.3s P1000 -> L-150 R150: far left, outer sensor only; hard left; original-table correction
  49.3s P1000 -> L-150 R150: far left, outer sensor only; hard left; original-table correction
  49.4s P1000 -> L-150 R150: far left, outer sensor only; hard left; original-table correction
  49.4s P1000 -> L-150 R150: far left, outer sensor only; hard left; original-table correction
  49.4s P1000 -> L-150 R150: far left, outer sensor only; hard left; original-table correction
  49.4s P1000 -> L-150 R150: far left, outer sensor only; hard left; original-table correction
  49.4s P1000 -> L-150 R150: far left, outer sensor only; hard left; original-table correction
  49.4s P1000 -> L-150 R150: far left, outer sensor only; hard left; original-table correction
  49.4s P0000 -> L150 R150: blind band or line lost; original-table forward
  49.4s P0000 -> L150 R150: blind band or line lost; original-table forward
  49.4s P0000 -> L150 R150: blind band or line lost; original-table forward
  49.4s P0000 -> L150 R150: blind band or line lost; original-table forward
  49.5s P0000 -> L150 R150: blind band or line lost; original-table forward
  49.5s P0000 -> L150 R150: blind band or line lost; original-table forward
  49.5s P0000 -> L150 R150: blind band or line lost; original-table forward
  49.5s P0000 -> L150 R150: blind band or line lost; original-table forward
  49.5s P0000 -> L150 R150: blind band or line lost; original-table forward
  49.5s P0000 -> L150 R150: blind band or line lost; original-table forward
  49.5s P0000 -> L150 R150: blind band or line lost; original-table forward
  49.5s P0000 -> L150 R150: blind band or line lost; original-table forward
  49.5s P0000 -> L150 R150: blind band or line lost; original-table forward
  49.5s P0000 -> L150 R150: blind band or line lost; original-table forward
  49.6s P0000 -> L150 R150: blind band or line lost; original-table forward
  49.6s P0000 -> L150 R150: blind band or line lost; original-table forward
  49.6s P0000 -> L150 R150: blind band or line lost; original-table forward
  49.6s P0000 -> L150 R150: blind band or line lost; original-table forward
  49.6s P0000 -> L150 R150: blind band or line lost; original-table forward
  49.6s P0000 -> L150 R150: blind band or line lost; original-table forward
  49.6s P0000 -> L150 R150: blind band or line lost; original-table forward
  49.6s P0000 -> L150 R150: blind band or line lost; original-table forward
  49.6s P1000 -> L-150 R150: far left, outer sensor only; hard left; original-table correction
  49.6s P1000 -> L-150 R150: far left, outer sensor only; hard left; original-table correction
  49.7s P1000 -> L-150 R150: far left, outer sensor only; hard left; original-table correction
  49.7s P1000 -> L-150 R150: far left, outer sensor only; hard left; original-table correction
  49.7s P1000 -> L-150 R150: far left, outer sensor only; hard left; original-table correction
  49.7s P1000 -> L-150 R150: far left, outer sensor only; hard left; original-table correction
  49.7s P1000 -> L-150 R150: far left, outer sensor only; hard left; original-table correction
  49.7s P1000 -> L-150 R150: far left, outer sensor only; hard left; original-table correction
  49.7s P1000 -> L-150 R150: far left, outer sensor only; hard left; original-table correction
  49.7s P1000 -> L-150 R150: far left, outer sensor only; hard left; original-table correction
  49.7s P1000 -> L-150 R150: far left, outer sensor only; hard left; original-table correction
  49.7s P1000 -> L-150 R150: far left, outer sensor only; hard left; original-table correction
  49.8s P1000 -> L-150 R150: far left, outer sensor only; hard left; original-table correction
  49.8s P1000 -> L-150 R150: far left, outer sensor only; hard left; original-table correction
  49.8s P1000 -> L-150 R150: far left, outer sensor only; hard left; original-table correction
  49.8s P1000 -> L-150 R150: far left, outer sensor only; hard left; original-table correction
  49.8s P1000 -> L-150 R150: far left, outer sensor only; hard left; original-table correction
  49.8s P1000 -> L-150 R150: far left, outer sensor only; hard left; original-table correction
  49.8s P1000 -> L-150 R150: far left, outer sensor only; hard left; original-table correction
  49.8s P1000 -> L-150 R150: far left, outer sensor only; hard left; original-table correction
  49.8s P1000 -> L-150 R150: far left, outer sensor only; hard left; original-table correction
  49.8s P1000 -> L-150 R150: far left, outer sensor only; hard left; original-table correction
  49.9s P1000 -> L-150 R150: far left, outer sensor only; hard left; original-table correction
  49.9s P1000 -> L-150 R150: far left, outer sensor only; hard left; original-table correction
  49.9s P1000 -> L-150 R150: far left, outer sensor only; hard left; original-table correction
  49.9s P1000 -> L-150 R150: far left, outer sensor only; hard left; original-table correction
  49.9s P1000 -> L-150 R150: far left, outer sensor only; hard left; original-table correction
  49.9s P1000 -> L-150 R150: far left, outer sensor only; hard left; original-table correction
  49.9s P1000 -> L-150 R150: far left, outer sensor only; hard left; original-table correction
  49.9s P1000 -> L-150 R150: far left, outer sensor only; hard left; original-table correction
  49.9s P1000 -> L-150 R150: far left, outer sensor only; hard left; original-table correction
  49.9s P1000 -> L-150 R150: far left, outer sensor only; hard left; original-table correction
  50.0s P1000 -> L-150 R150: far left, outer sensor only; hard left; original-table correction
  50.0s P1000 -> L-150 R150: far left, outer sensor only; hard left; original-table correction
  50.0s P1000 -> L-150 R150: far left, outer sensor only; hard left; original-table correction
  50.0s P1000 -> L-150 R150: far left, outer sensor only; hard left; original-table correction
  50.0s P1000 -> L-150 R150: far left, outer sensor only; hard left; original-table correction
  50.0s P1000 -> L-150 R150: far left, outer sensor only; hard left; original-table correction
  50.0s P1000 -> L-150 R150: far left, outer sensor only; hard left; original-table correction
  50.0s P1000 -> L-150 R150: far left, outer sensor only; hard left; original-table correction
  50.0s P1000 -> L-150 R150: far left, outer sensor only; hard left; original-table correction
  50.0s P1100 -> L60 R150: left pair, needs >2.8cm of black; original-table junction correction
  50.1s P1100 -> L60 R150: left pair, needs >2.8cm of black; original-table junction correction
  50.1s P1100 -> L60 R150: left pair, needs >2.8cm of black; original-table junction correction
  50.1s P1100 -> L60 R150: left pair, needs >2.8cm of black; original-table junction correction
  50.1s P0100 -> L110 R150: drifting left, slight; original-table correction
  50.1s P0100 -> L110 R150: drifting left, slight; original-table correction
  50.1s P0100 -> L110 R150: drifting left, slight; original-table correction
  50.1s P0100 -> L110 R150: drifting left, slight; original-table correction
  50.1s P0100 -> L110 R150: drifting left, slight; original-table correction
  50.1s P0100 -> L110 R150: drifting left, slight; original-table correction
  50.1s P0100 -> L110 R150: drifting left, slight; original-table correction
  50.2s P0100 -> L110 R150: drifting left, slight; original-table correction
  50.2s P0100 -> L110 R150: drifting left, slight; original-table correction
  50.2s P0100 -> L110 R150: drifting left, slight; original-table correction
  50.2s P0100 -> L110 R150: drifting left, slight; original-table correction
  50.2s P0100 -> L110 R150: drifting left, slight; original-table correction
  50.2s P0100 -> L110 R150: drifting left, slight; original-table correction
  50.2s P0100 -> L110 R150: drifting left, slight; original-table correction
  50.2s P0100 -> L110 R150: drifting left, slight; original-table correction
  50.2s P0100 -> L110 R150: drifting left, slight; original-table correction
  50.2s P0100 -> L110 R150: drifting left, slight; original-table correction
  50.3s P0100 -> L110 R150: drifting left, slight; original-table correction
  50.3s P0100 -> L110 R150: drifting left, slight; original-table correction
  50.3s P0100 -> L110 R150: drifting left, slight; original-table correction
  50.3s P0100 -> L110 R150: drifting left, slight; original-table correction
  50.3s P0000 -> L60 R150: blind band; original-table correction
  50.3s P0000 -> L60 R150: blind band; original-table correction
  50.3s P0000 -> L60 R150: blind band; original-table correction
  50.3s P0000 -> L60 R150: blind band; original-table correction
  50.3s P0000 -> L60 R150: blind band; original-table correction
  50.3s P1000 -> L-150 R150: far left, outer sensor only; hard left; original-table correction
  50.4s P1000 -> L-150 R150: far left, outer sensor only; hard left; original-table correction
  50.4s P1000 -> L-150 R150: far left, outer sensor only; hard left; original-table correction
  50.4s P1000 -> L-150 R150: far left, outer sensor only; hard left; original-table correction
  50.4s P1000 -> L-150 R150: far left, outer sensor only; hard left; original-table correction
  50.4s P1000 -> L-150 R150: far left, outer sensor only; hard left; original-table correction
  50.4s P1000 -> L-150 R150: far left, outer sensor only; hard left; original-table correction
  50.4s P1000 -> L-150 R150: far left, outer sensor only; hard left; original-table correction
  50.4s P1000 -> L-150 R150: far left, outer sensor only; hard left; original-table correction
  50.4s P1000 -> L-150 R150: far left, outer sensor only; hard left; original-table correction
  50.4s P1000 -> L-150 R150: far left, outer sensor only; hard left; original-table correction
  50.5s P1000 -> L-150 R150: far left, outer sensor only; hard left; original-table correction
  50.5s P1000 -> L-150 R150: far left, outer sensor only; hard left; original-table correction
  50.5s P1000 -> L-150 R150: far left, outer sensor only; hard left; original-table correction
  50.5s P1000 -> L-150 R150: far left, outer sensor only; hard left; original-table correction
  50.5s P1000 -> L-150 R150: far left, outer sensor only; hard left; original-table correction
  50.5s P1000 -> L-150 R150: far left, outer sensor only; hard left; original-table correction
  50.5s P1100 -> L60 R150: left pair, needs >2.8cm of black; original-table junction correction
  50.5s P1100 -> L60 R150: left pair, needs >2.8cm of black; original-table junction correction
  50.5s P1100 -> L60 R150: left pair, needs >2.8cm of black; original-table junction correction
  50.5s P1100 -> L60 R150: left pair, needs >2.8cm of black; original-table junction correction
  50.6s P1100 -> L60 R150: left pair, needs >2.8cm of black; original-table junction correction
  50.6s P1100 -> L60 R150: left pair, needs >2.8cm of black; original-table junction correction
  50.6s P1100 -> L60 R150: left pair, needs >2.8cm of black; original-table junction correction
  50.6s P1100 -> L60 R150: left pair, needs >2.8cm of black; original-table junction correction
  50.6s P1100 -> L60 R150: left pair, needs >2.8cm of black; original-table junction correction
  50.6s P1100 -> L60 R150: left pair, needs >2.8cm of black; original-table junction correction
  50.6s P1100 -> L60 R150: left pair, needs >2.8cm of black; original-table junction correction
  50.6s P1100 -> L60 R150: left pair, needs >2.8cm of black; original-table junction correction
  50.6s P1100 -> L60 R150: left pair, needs >2.8cm of black; original-table junction correction
  50.7s P1100 -> L60 R150: left pair, needs >2.8cm of black; original-table junction correction
  50.7s P1100 -> L60 R150: left pair, needs >2.8cm of black; original-table junction correction
  50.7s P1100 -> L60 R150: left pair, needs >2.8cm of black; original-table junction correction
  50.7s P1100 -> L60 R150: left pair, needs >2.8cm of black; original-table junction correction
  50.7s P1100 -> L60 R150: left pair, needs >2.8cm of black; original-table junction correction
  50.7s P1100 -> L60 R150: left pair, needs >2.8cm of black; original-table junction correction
  50.7s P1100 -> L60 R150: left pair, needs >2.8cm of black; original-table junction correction
  50.7s P1100 -> L60 R150: left pair, needs >2.8cm of black; original-table junction correction
  50.7s P1100 -> L60 R150: left pair, needs >2.8cm of black; original-table junction correction
  50.7s P1100 -> L60 R150: left pair, needs >2.8cm of black; original-table junction correction
  50.8s P1000 -> L-150 R150: far left, outer sensor only; hard left; original-table correction
  50.8s P1000 -> L-150 R150: far left, outer sensor only; hard left; original-table correction
  50.8s P1000 -> L-150 R150: far left, outer sensor only; hard left; original-table correction
  50.8s P1000 -> L-150 R150: far left, outer sensor only; hard left; original-table correction
  50.8s P1000 -> L-150 R150: far left, outer sensor only; hard left; original-table correction
  50.8s P1000 -> L-150 R150: far left, outer sensor only; hard left; original-table correction
  50.8s P1000 -> L-150 R150: far left, outer sensor only; hard left; original-table correction
  50.8s P1000 -> L-150 R150: far left, outer sensor only; hard left; original-table correction
  50.8s P1000 -> L-150 R150: far left, outer sensor only; hard left; original-table correction
  50.8s P1000 -> L-150 R150: far left, outer sensor only; hard left; original-table correction
  50.9s P1000 -> L-150 R150: far left, outer sensor only; hard left; original-table correction
  50.9s P1000 -> L-150 R150: far left, outer sensor only; hard left; original-table correction
  50.9s P1100 -> L60 R150: left pair, needs >2.8cm of black; original-table junction correction
  50.9s P1100 -> L60 R150: left pair, needs >2.8cm of black; original-table junction correction
  50.9s P1100 -> L60 R150: left pair, needs >2.8cm of black; original-table junction correction
  50.9s P1100 -> L60 R150: left pair, needs >2.8cm of black; original-table junction correction
  50.9s P1100 -> L60 R150: left pair, needs >2.8cm of black; original-table junction correction
  50.9s P1100 -> L60 R150: left pair, needs >2.8cm of black; original-table junction correction
  50.9s P1100 -> L60 R150: left pair, needs >2.8cm of black; original-table junction correction
  50.9s P1100 -> L60 R150: left pair, needs >2.8cm of black; original-table junction correction
  51.0s P1100 -> L60 R150: left pair, needs >2.8cm of black; original-table junction correction
  51.0s P1100 -> L60 R150: left pair, needs >2.8cm of black; original-table junction correction
  51.0s P1100 -> L60 R150: left pair, needs >2.8cm of black; original-table junction correction
  51.0s P1100 -> L60 R150: left pair, needs >2.8cm of black; original-table junction correction
  51.0s P1100 -> L60 R150: left pair, needs >2.8cm of black; original-table junction correction
  51.0s P1000 -> L-150 R150: far left, outer sensor only; hard left; original-table correction
  51.0s P1000 -> L-150 R150: far left, outer sensor only; hard left; original-table correction
  51.0s P1000 -> L-150 R150: far left, outer sensor only; hard left; original-table correction
  51.0s P1000 -> L-150 R150: far left, outer sensor only; hard left; original-table correction
  51.0s P1000 -> L-150 R150: far left, outer sensor only; hard left; original-table correction
  51.1s P1000 -> L-150 R150: far left, outer sensor only; hard left; original-table correction
  51.1s P1100 -> L60 R150: left pair, needs >2.8cm of black; original-table junction correction
  51.1s P1100 -> L60 R150: left pair, needs >2.8cm of black; original-table junction correction
  51.1s P1100 -> L60 R150: left pair, needs >2.8cm of black; original-table junction correction
  51.1s P1100 -> L60 R150: left pair, needs >2.8cm of black; original-table junction correction
  51.1s P1100 -> L60 R150: left pair, needs >2.8cm of black; original-table junction correction
  51.1s P1100 -> L60 R150: left pair, needs >2.8cm of black; original-table junction correction
  51.1s P1100 -> L60 R150: left pair, needs >2.8cm of black; original-table junction correction
  51.1s P1100 -> L60 R150: left pair, needs >2.8cm of black; original-table junction correction
  51.1s P1100 -> L60 R150: left pair, needs >2.8cm of black; original-table junction correction
  51.2s P1100 -> L60 R150: left pair, needs >2.8cm of black; original-table junction correction
  51.2s P1100 -> L60 R150: left pair, needs >2.8cm of black; original-table junction correction
  51.2s P1100 -> L60 R150: left pair, needs >2.8cm of black; original-table junction correction
  51.2s P1100 -> L60 R150: left pair, needs >2.8cm of black; original-table junction correction
  51.2s P1100 -> L60 R150: left pair, needs >2.8cm of black; original-table junction correction
  51.2s P1100 -> L60 R150: left pair, needs >2.8cm of black; original-table junction correction
  51.2s P1000 -> L-150 R150: far left, outer sensor only; hard left; original-table correction
  51.2s P1000 -> L-150 R150: far left, outer sensor only; hard left; original-table correction
  51.2s P1000 -> L-150 R150: far left, outer sensor only; hard left; original-table correction
  51.2s P1000 -> L-150 R150: far left, outer sensor only; hard left; original-table correction
  51.3s P1000 -> L-150 R150: far left, outer sensor only; hard left; original-table correction
  51.3s P1000 -> L-150 R150: far left, outer sensor only; hard left; original-table correction
  51.3s P1000 -> L-150 R150: far left, outer sensor only; hard left; original-table correction
  51.3s P1000 -> L-150 R150: far left, outer sensor only; hard left; original-table correction
  51.3s P1100 -> L60 R150: left pair, needs >2.8cm of black; original-table junction correction
  51.3s P1100 -> L60 R150: left pair, needs >2.8cm of black; original-table junction correction
  51.3s P1100 -> L60 R150: left pair, needs >2.8cm of black; original-table junction correction
  51.3s P1100 -> L60 R150: left pair, needs >2.8cm of black; original-table junction correction
  51.3s P1100 -> L60 R150: left pair, needs >2.8cm of black; original-table junction correction
  51.3s P1100 -> L60 R150: left pair, needs >2.8cm of black; original-table junction correction
  51.4s P1100 -> L60 R150: left pair, needs >2.8cm of black; original-table junction correction
  51.4s P1100 -> L60 R150: left pair, needs >2.8cm of black; original-table junction correction
  51.4s P1100 -> L60 R150: left pair, needs >2.8cm of black; original-table junction correction
  51.4s P1100 -> L60 R150: left pair, needs >2.8cm of black; original-table junction correction
  51.4s P1100 -> L60 R150: left pair, needs >2.8cm of black; original-table junction correction
  51.4s P1100 -> L60 R150: left pair, needs >2.8cm of black; original-table junction correction
  51.4s P1100 -> L60 R150: left pair, needs >2.8cm of black; original-table junction correction
  51.4s P1100 -> L60 R150: left pair, needs >2.8cm of black; original-table junction correction
  51.4s P1100 -> L60 R150: left pair, needs >2.8cm of black; original-table junction correction
  51.4s P1100 -> L60 R150: left pair, needs >2.8cm of black; original-table junction correction
  51.5s P1100 -> L60 R150: left pair, needs >2.8cm of black; original-table junction correction
  51.5s P1100 -> L60 R150: left pair, needs >2.8cm of black; original-table junction correction
  51.5s P1100 -> L60 R150: left pair, needs >2.8cm of black; original-table junction correction
  51.5s P1100 -> L60 R150: left pair, needs >2.8cm of black; original-table junction correction
  51.5s P1100 -> L60 R150: left pair, needs >2.8cm of black; original-table junction correction
  51.5s P1100 -> L60 R150: left pair, needs >2.8cm of black; original-table junction correction
  51.5s P1000 -> L-150 R150: far left, outer sensor only; hard left; original-table correction
  51.5s P1000 -> L-150 R150: far left, outer sensor only; hard left; original-table correction
  51.5s P1000 -> L-150 R150: far left, outer sensor only; hard left; original-table correction
  51.5s P1000 -> L-150 R150: far left, outer sensor only; hard left; original-table correction
  51.6s P1100 -> L60 R150: left pair, needs >2.8cm of black; original-table junction correction
  51.6s P1100 -> L60 R150: left pair, needs >2.8cm of black; original-table junction correction
  51.6s P1100 -> L60 R150: left pair, needs >2.8cm of black; original-table junction correction
  51.6s P1100 -> L60 R150: left pair, needs >2.8cm of black; original-table junction correction
  51.6s P1100 -> L60 R150: left pair, needs >2.8cm of black; original-table junction correction
  51.6s P1100 -> L60 R150: left pair, needs >2.8cm of black; original-table junction correction
  51.6s P1100 -> L60 R150: left pair, needs >2.8cm of black; original-table junction correction
  51.6s P0100 -> L110 R150: drifting left, slight; original-table correction
  51.6s P0100 -> L110 R150: drifting left, slight; original-table correction
  51.6s P0100 -> L110 R150: drifting left, slight; original-table correction
  51.7s P0100 -> L110 R150: drifting left, slight; original-table correction
  51.7s P0100 -> L110 R150: drifting left, slight; original-table correction
  51.7s P0100 -> L110 R150: drifting left, slight; original-table correction
  51.7s P0000 -> L60 R150: blind band; original-table correction
  51.7s P0000 -> L60 R150: blind band; original-table correction
  51.7s P0000 -> L60 R150: blind band; original-table correction
  51.7s P0000 -> L60 R150: blind band; original-table correction
  51.7s P0000 -> L60 R150: blind band; original-table correction
  51.7s P0000 -> L60 R150: blind band; original-table correction
  51.7s P0000 -> L60 R150: blind band; original-table correction
  51.8s P0000 -> L60 R150: blind band; original-table correction
  51.8s P0000 -> L60 R150: blind band; original-table correction
  51.8s P0000 -> L60 R150: blind band; original-table correction
  51.8s P0000 -> L60 R150: blind band; original-table correction
  51.8s P0000 -> L60 R150: blind band; original-table correction
  51.8s P0000 -> L60 R150: blind band; original-table correction
  51.8s P0000 -> L60 R150: blind band; original-table correction
  51.8s P0000 -> L60 R150: blind band; original-table correction
  51.8s P0000 -> L60 R150: blind band; original-table correction
  51.8s P0000 -> L60 R150: blind band; original-table correction
  51.9s P0000 -> L60 R150: blind band; original-table correction
  51.9s P0000 -> L60 R150: blind band; original-table correction
  51.9s P0000 -> L60 R150: blind band; original-table correction
  51.9s P0000 -> L60 R150: blind band; original-table correction
  51.9s P0000 -> L60 R150: blind band; original-table correction
  51.9s P0000 -> L60 R150: blind band; original-table correction
  51.9s P0000 -> L60 R150: blind band; original-table correction
  51.9s P0000 -> L60 R150: blind band; original-table correction
  51.9s P0000 -> L60 R150: blind band; original-table correction
  51.9s P0000 -> L60 R150: blind band; original-table correction
  52.0s P0000 -> L60 R150: blind band; original-table correction
  52.0s P0000 -> L60 R150: blind band; original-table correction
  52.0s P0000 -> L60 R150: blind band; original-table correction
  52.0s P0000 -> L60 R150: blind band; original-table correction
  52.0s P0000 -> L60 R150: blind band; original-table correction
  52.0s P0000 -> L60 R150: blind band; original-table correction
  52.0s P0000 -> L60 R150: blind band; original-table correction
  52.0s P0000 -> L60 R150: blind band; original-table correction
  52.0s P0000 -> L60 R150: blind band; original-table correction
  52.0s P0000 -> L60 R150: blind band; original-table correction
  52.1s P0000 -> L60 R150: blind band; original-table correction
  52.1s P0000 -> L60 R150: blind band; original-table correction
  52.1s P0000 -> L60 R150: blind band; original-table correction
  52.1s P0000 -> L60 R150: blind band; original-table correction
  52.1s P0000 -> L60 R150: blind band; original-table correction
  52.1s P0000 -> L60 R150: blind band; original-table correction
  52.1s P0000 -> L60 R150: blind band; original-table correction
  52.1s P0000 -> L60 R150: blind band; original-table correction
  52.1s P0100 -> L110 R150: drifting left, slight; original-table correction
  52.1s P0100 -> L110 R150: drifting left, slight; original-table correction
  52.2s P0100 -> L110 R150: drifting left, slight; original-table correction
  52.2s P0100 -> L110 R150: drifting left, slight; original-table correction
  52.2s P0100 -> L110 R150: drifting left, slight; original-table correction
  52.2s P0100 -> L110 R150: drifting left, slight; original-table correction
  52.2s P0100 -> L110 R150: drifting left, slight; original-table correction
  52.2s P0100 -> L110 R150: drifting left, slight; original-table correction
  52.2s P0100 -> L110 R150: drifting left, slight; original-table correction
  52.2s P0100 -> L110 R150: drifting left, slight; original-table correction
  52.2s P0100 -> L110 R150: drifting left, slight; original-table correction
  52.2s P0100 -> L110 R150: drifting left, slight; original-table correction
  52.3s P0100 -> L110 R150: drifting left, slight; original-table correction
  52.3s P0100 -> L110 R150: drifting left, slight; original-table correction
  52.3s P0100 -> L110 R150: drifting left, slight; original-table correction
  52.3s P0100 -> L110 R150: drifting left, slight; original-table correction
  52.3s P0100 -> L110 R150: drifting left, slight; original-table correction
  52.3s P0100 -> L110 R150: drifting left, slight; original-table correction
  52.3s P0100 -> L110 R150: drifting left, slight; original-table correction
  52.3s P0100 -> L110 R150: drifting left, slight; original-table correction
  52.3s P0100 -> L110 R150: drifting left, slight; original-table correction
  52.4s P0100 -> L110 R150: drifting left, slight; original-table correction
  52.4s P0100 -> L110 R150: drifting left, slight; original-table correction
  52.4s P0100 -> L110 R150: drifting left, slight; original-table correction
  52.4s P0100 -> L110 R150: drifting left, slight; original-table correction
  52.4s P0100 -> L110 R150: drifting left, slight; original-table correction
  52.4s P0100 -> L110 R150: drifting left, slight; original-table correction
  52.4s P0100 -> L110 R150: drifting left, slight; original-table correction
  52.4s P0100 -> L110 R150: drifting left, slight; original-table correction
  52.4s P0100 -> L110 R150: drifting left, slight; original-table correction
  52.4s P0100 -> L110 R150: drifting left, slight; original-table correction
  52.5s P0100 -> L110 R150: drifting left, slight; original-table correction
  52.5s P0100 -> L110 R150: drifting left, slight; original-table correction
  52.5s P0100 -> L110 R150: drifting left, slight; original-table correction
  52.5s P0100 -> L110 R150: drifting left, slight; original-table correction
  52.5s P0100 -> L110 R150: drifting left, slight; original-table correction
  52.5s P0100 -> L110 R150: drifting left, slight; original-table correction
  52.5s P0100 -> L110 R150: drifting left, slight; original-table correction
  52.5s P0100 -> L110 R150: drifting left, slight; original-table correction
  52.5s P0100 -> L110 R150: drifting left, slight; original-table correction
  52.5s P0100 -> L110 R150: drifting left, slight; original-table correction
  52.6s P0100 -> L110 R150: drifting left, slight; original-table correction
  52.6s P0100 -> L110 R150: drifting left, slight; original-table correction
  52.6s P0100 -> L110 R150: drifting left, slight; original-table correction
  52.6s P0100 -> L110 R150: drifting left, slight; original-table correction
  52.6s P0100 -> L110 R150: drifting left, slight; original-table correction
  52.6s P0100 -> L110 R150: drifting left, slight; original-table correction
  52.6s P0100 -> L110 R150: drifting left, slight; original-table correction
  52.6s P0100 -> L110 R150: drifting left, slight; original-table correction
  52.6s P0100 -> L110 R150: drifting left, slight; original-table correction
  52.6s P0100 -> L110 R150: drifting left, slight; original-table correction
  52.7s P0100 -> L110 R150: drifting left, slight; original-table correction
  52.7s P0100 -> L110 R150: drifting left, slight; original-table correction
  52.7s P0100 -> L110 R150: drifting left, slight; original-table correction
  52.7s P0100 -> L110 R150: drifting left, slight; original-table correction
  52.7s P0100 -> L110 R150: drifting left, slight; original-table correction
  52.7s P0100 -> L110 R150: drifting left, slight; original-table correction
  52.7s P0100 -> L110 R150: drifting left, slight; original-table correction
  52.7s P0100 -> L110 R150: drifting left, slight; original-table correction
  52.7s P0100 -> L110 R150: drifting left, slight; original-table correction
  52.7s P0100 -> L110 R150: drifting left, slight; original-table correction
  52.8s P0100 -> L110 R150: drifting left, slight; original-table correction
  52.8s P0100 -> L110 R150: drifting left, slight; original-table correction
  52.8s P0100 -> L110 R150: drifting left, slight; original-table correction
  52.8s P0100 -> L110 R150: drifting left, slight; original-table correction
  52.8s P0100 -> L110 R150: drifting left, slight; original-table correction
  52.8s P0100 -> L110 R150: drifting left, slight; original-table correction
  52.8s P0100 -> L110 R150: drifting left, slight; original-table correction
  52.8s P0100 -> L110 R150: drifting left, slight; original-table correction
  52.8s P0100 -> L110 R150: drifting left, slight; original-table correction
  52.8s P0100 -> L110 R150: drifting left, slight; original-table correction
  52.9s P0100 -> L110 R150: drifting left, slight; original-table correction
  52.9s P0100 -> L110 R150: drifting left, slight; original-table correction
  52.9s P0100 -> L110 R150: drifting left, slight; original-table correction
  52.9s P0100 -> L110 R150: drifting left, slight; original-table correction
  52.9s P0100 -> L110 R150: drifting left, slight; original-table correction
  52.9s P0100 -> L110 R150: drifting left, slight; original-table correction
  52.9s P0100 -> L110 R150: drifting left, slight; original-table correction
  52.9s P0100 -> L110 R150: drifting left, slight; original-table correction
  52.9s P0100 -> L110 R150: drifting left, slight; original-table correction
  52.9s P0100 -> L110 R150: drifting left, slight; original-table correction
  53.0s P0100 -> L110 R150: drifting left, slight; original-table correction
  53.0s P0100 -> L110 R150: drifting left, slight; original-table correction
  53.0s P0100 -> L110 R150: drifting left, slight; original-table correction
  53.0s P0100 -> L110 R150: drifting left, slight; original-table correction
  53.0s P0100 -> L110 R150: drifting left, slight; original-table correction
  53.0s P0100 -> L110 R150: drifting left, slight; original-table correction
  53.0s P0100 -> L110 R150: drifting left, slight; original-table correction
  53.0s P0100 -> L110 R150: drifting left, slight; original-table correction
  53.0s P0100 -> L110 R150: drifting left, slight; original-table correction
  53.0s P0100 -> L110 R150: drifting left, slight; original-table correction
  53.1s P0100 -> L110 R150: drifting left, slight; original-table correction
  53.1s P0100 -> L110 R150: drifting left, slight; original-table correction
  53.1s P0100 -> L110 R150: drifting left, slight; original-table correction
  53.1s P0100 -> L110 R150: drifting left, slight; original-table correction
  53.1s P0100 -> L110 R150: drifting left, slight; original-table correction
  53.1s P0100 -> L110 R150: drifting left, slight; original-table correction
  53.1s P0100 -> L110 R150: drifting left, slight; original-table correction
  53.1s P0100 -> L110 R150: drifting left, slight; original-table correction
  53.1s P0100 -> L110 R150: drifting left, slight; original-table correction
  53.1s P0100 -> L110 R150: drifting left, slight; original-table correction
  53.2s P0100 -> L110 R150: drifting left, slight; original-table correction
  53.2s P0100 -> L110 R150: drifting left, slight; original-table correction
  53.2s P0100 -> L110 R150: drifting left, slight; original-table correction
  53.2s P0100 -> L110 R150: drifting left, slight; original-table correction
  53.2s P0100 -> L110 R150: drifting left, slight; original-table correction
  53.2s P0100 -> L110 R150: drifting left, slight; original-table correction
  53.2s P0100 -> L110 R150: drifting left, slight; original-table correction
  53.2s P0100 -> L110 R150: drifting left, slight; original-table correction
  53.2s P0100 -> L110 R150: drifting left, slight; original-table correction
  53.2s P0100 -> L110 R150: drifting left, slight; original-table correction
  53.3s P0100 -> L110 R150: drifting left, slight; original-table correction
  53.3s P0100 -> L110 R150: drifting left, slight; original-table correction
  53.3s P0100 -> L110 R150: drifting left, slight; original-table correction
  53.3s P0100 -> L110 R150: drifting left, slight; original-table correction
  53.3s P0100 -> L110 R150: drifting left, slight; original-table correction
  53.3s P0100 -> L110 R150: drifting left, slight; original-table correction
  53.3s P0100 -> L110 R150: drifting left, slight; original-table correction
  53.3s P0100 -> L110 R150: drifting left, slight; original-table correction
  53.3s P0110 -> L150 R150: centred or unresolved; original-table forward
  53.3s P0110 -> L150 R150: centred or unresolved; original-table forward
  53.4s P0110 -> L150 R150: centred or unresolved; original-table forward
  53.4s P0110 -> L150 R150: centred or unresolved; original-table forward
  53.4s P0110 -> L150 R150: centred or unresolved; original-table forward
  53.4s P0110 -> L150 R150: centred or unresolved; original-table forward
  53.4s P0110 -> L150 R150: centred or unresolved; original-table forward
  53.4s P0110 -> L150 R150: centred or unresolved; original-table forward
  53.4s P0110 -> L150 R150: centred or unresolved; original-table forward
  53.4s P0110 -> L150 R150: centred or unresolved; original-table forward
  53.4s P0110 -> L150 R150: centred or unresolved; original-table forward
  53.4s P0110 -> L150 R150: centred or unresolved; original-table forward
  53.5s P0110 -> L150 R150: centred or unresolved; original-table forward
  53.5s P0110 -> L150 R150: centred or unresolved; original-table forward
  53.5s P0110 -> L150 R150: centred or unresolved; original-table forward
  53.5s P0110 -> L150 R150: centred or unresolved; original-table forward
  53.5s P0110 -> L150 R150: centred or unresolved; original-table forward
  53.5s P0110 -> L150 R150: centred or unresolved; original-table forward
  53.5s P0110 -> L150 R150: centred or unresolved; original-table forward
  53.5s P0110 -> L150 R150: centred or unresolved; original-table forward
  53.5s P0110 -> L150 R150: centred or unresolved; original-table forward
  53.5s P0110 -> L150 R150: centred or unresolved; original-table forward
  53.6s P0110 -> L150 R150: centred or unresolved; original-table forward
  53.6s P0110 -> L150 R150: centred or unresolved; original-table forward
  53.6s P0110 -> L150 R150: centred or unresolved; original-table forward
  53.6s P0110 -> L150 R150: centred or unresolved; original-table forward
  53.6s P0110 -> L150 R150: centred or unresolved; original-table forward
  53.6s P0110 -> L150 R150: centred or unresolved; original-table forward
  53.6s P0110 -> L150 R150: centred or unresolved; original-table forward
  53.6s P0110 -> L150 R150: centred or unresolved; original-table forward
  53.6s P0110 -> L150 R150: centred or unresolved; original-table forward
  53.6s P0110 -> L150 R150: centred or unresolved; original-table forward
  53.7s P0110 -> L150 R150: centred or unresolved; original-table forward
  53.7s P0110 -> L150 R150: centred or unresolved; original-table forward
  53.7s P0110 -> L150 R150: centred or unresolved; original-table forward
  53.7s P0110 -> L150 R150: centred or unresolved; original-table forward
  53.7s P0110 -> L150 R150: centred or unresolved; original-table forward
  53.7s P0110 -> L150 R150: centred or unresolved; original-table forward
  53.7s P0110 -> L150 R150: centred or unresolved; original-table forward
  53.7s P0110 -> L150 R150: centred or unresolved; original-table forward
  53.7s P0110 -> L150 R150: centred or unresolved; original-table forward
  53.7s P0110 -> L150 R150: centred or unresolved; original-table forward
  53.8s P0110 -> L150 R150: centred or unresolved; original-table forward
  53.8s P0110 -> L150 R150: centred or unresolved; original-table forward
  53.8s P0110 -> L150 R150: centred or unresolved; original-table forward
  53.8s P0110 -> L150 R150: centred or unresolved; original-table forward
  53.8s P0110 -> L150 R150: centred or unresolved; original-table forward
  53.8s P0110 -> L150 R150: centred or unresolved; original-table forward
  53.8s P0110 -> L150 R150: centred or unresolved; original-table forward
  53.8s P0110 -> L150 R150: centred or unresolved; original-table forward
  53.8s P0110 -> L150 R150: centred or unresolved; original-table forward
  53.8s P0110 -> L150 R150: centred or unresolved; original-table forward
  53.9s P0110 -> L150 R150: centred or unresolved; original-table forward
  53.9s P0110 -> L150 R150: centred or unresolved; original-table forward
  53.9s P0110 -> L150 R150: centred or unresolved; original-table forward
  53.9s P0110 -> L150 R150: centred or unresolved; original-table forward
  53.9s P0110 -> L150 R150: centred or unresolved; original-table forward
  53.9s P0110 -> L150 R150: centred or unresolved; original-table forward
  53.9s P0110 -> L150 R150: centred or unresolved; original-table forward
  53.9s P0110 -> L150 R150: centred or unresolved; original-table forward
  53.9s P0110 -> L150 R150: centred or unresolved; original-table forward
  53.9s P0110 -> L150 R150: centred or unresolved; original-table forward
  54.0s P0110 -> L150 R150: centred or unresolved; original-table forward
  54.0s P0110 -> L150 R150: centred or unresolved; original-table forward
  54.0s P0110 -> L150 R150: centred or unresolved; original-table forward
  54.0s P0110 -> L150 R150: centred or unresolved; original-table forward
  54.0s P0110 -> L150 R150: centred or unresolved; original-table forward
  54.0s P0110 -> L150 R150: centred or unresolved; original-table forward
  54.0s P0110 -> L150 R150: centred or unresolved; original-table forward
  54.0s P0110 -> L150 R150: centred or unresolved; original-table forward
  54.0s P0110 -> L150 R150: centred or unresolved; original-table forward
  54.1s P0110 -> L150 R150: centred or unresolved; original-table forward
  54.1s P0110 -> L150 R150: centred or unresolved; original-table forward
  54.1s P0110 -> L150 R150: centred or unresolved; original-table forward
  54.1s P0110 -> L150 R150: centred or unresolved; original-table forward
  54.1s P0110 -> L150 R150: centred or unresolved; original-table forward
  54.1s P0110 -> L150 R150: centred or unresolved; original-table forward
  54.1s P0110 -> L150 R150: centred or unresolved; original-table forward
  54.1s P0110 -> L150 R150: centred or unresolved; original-table forward
  54.1s P0110 -> L150 R150: centred or unresolved; original-table forward
  54.1s P0110 -> L150 R150: centred or unresolved; original-table forward
  54.2s P0110 -> L150 R150: centred or unresolved; original-table forward
  54.2s P0110 -> L150 R150: centred or unresolved; original-table forward
  54.2s P0110 -> L150 R150: centred or unresolved; original-table forward
  54.2s P0110 -> L150 R150: centred or unresolved; original-table forward
  54.2s P0110 -> L150 R150: centred or unresolved; original-table forward
  54.2s P0110 -> L150 R150: centred or unresolved; original-table forward
  54.2s P0110 -> L150 R150: centred or unresolved; original-table forward
  54.2s P0110 -> L150 R150: centred or unresolved; original-table forward
  54.2s P0110 -> L150 R150: centred or unresolved; original-table forward
  54.2s P0110 -> L150 R150: centred or unresolved; original-table forward
  54.3s P0110 -> L150 R150: centred or unresolved; original-table forward
  54.3s P0110 -> L150 R150: centred or unresolved; original-table forward
  54.3s P0110 -> L150 R150: centred or unresolved; original-table forward
  54.3s P0110 -> L150 R150: centred or unresolved; original-table forward
  54.3s P0110 -> L150 R150: centred or unresolved; original-table forward
  54.3s P0110 -> L150 R150: centred or unresolved; original-table forward
  54.3s P0110 -> L150 R150: centred or unresolved; original-table forward
  54.3s P0110 -> L150 R150: centred or unresolved; original-table forward
  54.3s P0110 -> L150 R150: centred or unresolved; original-table forward
  54.3s P0110 -> L150 R150: centred or unresolved; original-table forward
  54.4s P0110 -> L150 R150: centred or unresolved; original-table forward
  54.4s P0110 -> L150 R150: centred or unresolved; original-table forward
  54.4s P0110 -> L150 R150: centred or unresolved; original-table forward
  54.4s P0110 -> L150 R150: centred or unresolved; original-table forward
  54.4s P0110 -> L150 R150: centred or unresolved; original-table forward
  54.4s P0110 -> L150 R150: centred or unresolved; original-table forward
  54.4s P0110 -> L150 R150: centred or unresolved; original-table forward
  54.4s P0110 -> L150 R150: centred or unresolved; original-table forward
  54.4s P0110 -> L150 R150: centred or unresolved; original-table forward
  54.4s P0110 -> L150 R150: centred or unresolved; original-table forward
  54.5s P0110 -> L150 R150: centred or unresolved; original-table forward
  54.5s P0100 -> L110 R150: drifting left, slight; original-table correction
  54.5s P0100 -> L110 R150: drifting left, slight; original-table correction
  54.5s P0100 -> L110 R150: drifting left, slight; original-table correction
  54.5s P0100 -> L110 R150: drifting left, slight; original-table correction
  54.5s P0100 -> L110 R150: drifting left, slight; original-table correction
  54.5s P0100 -> L110 R150: drifting left, slight; original-table correction
  54.5s P0100 -> L110 R150: drifting left, slight; original-table correction
  54.5s P0100 -> L110 R150: drifting left, slight; original-table correction
  54.5s P0100 -> L110 R150: drifting left, slight; original-table correction
  54.6s P0100 -> L110 R150: drifting left, slight; original-table correction
  54.6s P0100 -> L110 R150: drifting left, slight; original-table correction
  54.6s P0100 -> L110 R150: drifting left, slight; original-table correction
  54.6s P0100 -> L110 R150: drifting left, slight; original-table correction
  54.6s P0100 -> L110 R150: drifting left, slight; original-table correction
  54.6s P0100 -> L110 R150: drifting left, slight; original-table correction
  54.6s P0100 -> L110 R150: drifting left, slight; original-table correction
  54.6s P0100 -> L110 R150: drifting left, slight; original-table correction
  54.6s P0100 -> L110 R150: drifting left, slight; original-table correction
  54.6s P0100 -> L110 R150: drifting left, slight; original-table correction
  54.7s P0100 -> L110 R150: drifting left, slight; original-table correction
  54.7s P0100 -> L110 R150: drifting left, slight; original-table correction
  54.7s P0100 -> L110 R150: drifting left, slight; original-table correction
  54.7s P0100 -> L110 R150: drifting left, slight; original-table correction
  54.7s P0100 -> L110 R150: drifting left, slight; original-table correction
  54.7s P0100 -> L110 R150: drifting left, slight; original-table correction
  54.7s P0100 -> L110 R150: drifting left, slight; original-table correction
  54.7s P0100 -> L110 R150: drifting left, slight; original-table correction
  54.7s P0100 -> L110 R150: drifting left, slight; original-table correction
  54.7s P0100 -> L110 R150: drifting left, slight; original-table correction
  54.8s P0100 -> L110 R150: drifting left, slight; original-table correction
  54.8s P0100 -> L110 R150: drifting left, slight; original-table correction
  54.8s P0100 -> L110 R150: drifting left, slight; original-table correction
  54.8s P0100 -> L110 R150: drifting left, slight; original-table correction
  54.8s P0100 -> L110 R150: drifting left, slight; original-table correction
  54.8s P0100 -> L110 R150: drifting left, slight; original-table correction
  54.8s P0100 -> L110 R150: drifting left, slight; original-table correction
  54.8s P0100 -> L110 R150: drifting left, slight; original-table correction
  54.8s P0100 -> L110 R150: drifting left, slight; original-table correction
  54.8s P0100 -> L110 R150: drifting left, slight; original-table correction
  54.9s P0100 -> L110 R150: drifting left, slight; original-table correction
  54.9s P0100 -> L110 R150: drifting left, slight; original-table correction
  54.9s P0100 -> L110 R150: drifting left, slight; original-table correction
  54.9s P0100 -> L110 R150: drifting left, slight; original-table correction
  54.9s P0100 -> L110 R150: drifting left, slight; original-table correction
  54.9s P0100 -> L110 R150: drifting left, slight; original-table correction
  54.9s P0100 -> L110 R150: drifting left, slight; original-table correction
  54.9s P0100 -> L110 R150: drifting left, slight; original-table correction
  54.9s P0100 -> L110 R150: drifting left, slight; original-table correction
  54.9s P0100 -> L110 R150: drifting left, slight; original-table correction
  55.0s P0100 -> L110 R150: drifting left, slight; original-table correction
  55.0s P0000 -> L60 R150: blind band; original-table correction
  55.0s P0000 -> L60 R150: blind band; original-table correction
  55.0s P0000 -> L60 R150: blind band; original-table correction
  55.0s P0000 -> L60 R150: blind band; original-table correction
  55.0s P0000 -> L60 R150: blind band; original-table correction
  55.0s P0000 -> L60 R150: blind band; original-table correction
  55.0s P1000 -> L-150 R150: far left, outer sensor only; hard left; original-table correction
  55.0s P1000 -> L-150 R150: far left, outer sensor only; hard left; original-table correction
  55.0s P1000 -> L-150 R150: far left, outer sensor only; hard left; original-table correction
  55.1s P1000 -> L-150 R150: far left, outer sensor only; hard left; original-table correction
  55.1s P1000 -> L-150 R150: far left, outer sensor only; hard left; original-table correction
  55.1s P1100 -> L60 R150: left pair, needs >2.8cm of black; original-table junction correction
  55.1s P1100 -> L60 R150: left pair, needs >2.8cm of black; original-table junction correction
  55.1s P1100 -> L60 R150: left pair, needs >2.8cm of black; original-table junction correction
  55.1s P1100 -> L60 R150: left pair, needs >2.8cm of black; original-table junction correction
  55.1s P1100 -> L60 R150: left pair, needs >2.8cm of black; original-table junction correction
  55.1s P1100 -> L60 R150: left pair, needs >2.8cm of black; original-table junction correction
  55.1s P1100 -> L60 R150: left pair, needs >2.8cm of black; original-table junction correction
  55.1s P1100 -> L60 R150: left pair, needs >2.8cm of black; original-table junction correction
  55.2s P1100 -> L60 R150: left pair, needs >2.8cm of black; original-table junction correction
  55.2s P1100 -> L60 R150: left pair, needs >2.8cm of black; original-table junction correction
  55.2s P1100 -> L60 R150: left pair, needs >2.8cm of black; original-table junction correction
  55.2s P1100 -> L60 R150: left pair, needs >2.8cm of black; original-table junction correction
  55.2s P1100 -> L60 R150: left pair, needs >2.8cm of black; original-table junction correction
  55.2s P1100 -> L60 R150: left pair, needs >2.8cm of black; original-table junction correction
  55.2s P1100 -> L60 R150: left pair, needs >2.8cm of black; original-table junction correction
  55.2s P1100 -> L60 R150: left pair, needs >2.8cm of black; original-table junction correction
  55.2s P1100 -> L60 R150: left pair, needs >2.8cm of black; original-table junction correction
  55.2s P1100 -> L60 R150: left pair, needs >2.8cm of black; original-table junction correction
  55.3s P1100 -> L60 R150: left pair, needs >2.8cm of black; original-table junction correction
  55.3s P1100 -> L60 R150: left pair, needs >2.8cm of black; original-table junction correction
  55.3s P1100 -> L60 R150: left pair, needs >2.8cm of black; original-table junction correction
  55.3s P1100 -> L60 R150: left pair, needs >2.8cm of black; original-table junction correction
  55.3s P1100 -> L60 R150: left pair, needs >2.8cm of black; original-table junction correction
  55.3s P1100 -> L60 R150: left pair, needs >2.8cm of black; original-table junction correction
  55.3s P1100 -> L60 R150: left pair, needs >2.8cm of black; original-table junction correction
  55.3s P1100 -> L60 R150: left pair, needs >2.8cm of black; original-table junction correction
  55.3s P1100 -> L60 R150: left pair, needs >2.8cm of black; original-table junction correction
  55.3s P1100 -> L60 R150: left pair, needs >2.8cm of black; original-table junction correction
  55.4s P1100 -> L60 R150: left pair, needs >2.8cm of black; original-table junction correction
  55.4s P1100 -> L60 R150: left pair, needs >2.8cm of black; original-table junction correction
  55.4s P1100 -> L60 R150: left pair, needs >2.8cm of black; original-table junction correction
  55.4s P1100 -> L60 R150: left pair, needs >2.8cm of black; original-table junction correction
  55.4s P1100 -> L60 R150: left pair, needs >2.8cm of black; original-table junction correction
  55.4s P1100 -> L60 R150: left pair, needs >2.8cm of black; original-table junction correction
  55.4s P1100 -> L60 R150: left pair, needs >2.8cm of black; original-table junction correction
  55.4s P1100 -> L60 R150: left pair, needs >2.8cm of black; original-table junction correction
  55.4s P1100 -> L60 R150: left pair, needs >2.8cm of black; original-table junction correction
  55.4s P1100 -> L60 R150: left pair, needs >2.8cm of black; original-table junction correction
  55.5s P1100 -> L60 R150: left pair, needs >2.8cm of black; original-table junction correction
  55.5s P1100 -> L60 R150: left pair, needs >2.8cm of black; original-table junction correction
  55.5s P1100 -> L60 R150: left pair, needs >2.8cm of black; original-table junction correction
  55.5s P1100 -> L60 R150: left pair, needs >2.8cm of black; original-table junction correction
  55.5s P1100 -> L60 R150: left pair, needs >2.8cm of black; original-table junction correction
  55.5s P1100 -> L60 R150: left pair, needs >2.8cm of black; original-table junction correction
  55.5s P1100 -> L60 R150: left pair, needs >2.8cm of black; original-table junction correction
  55.5s P1100 -> L60 R150: left pair, needs >2.8cm of black; original-table junction correction
  55.5s P1100 -> L60 R150: left pair, needs >2.8cm of black; original-table junction correction
  55.5s P1100 -> L60 R150: left pair, needs >2.8cm of black; original-table junction correction
  55.6s P1100 -> L60 R150: left pair, needs >2.8cm of black; original-table junction correction
  55.6s P1100 -> L60 R150: left pair, needs >2.8cm of black; original-table junction correction
  55.6s P1100 -> L60 R150: left pair, needs >2.8cm of black; original-table junction correction
  55.6s P1100 -> L60 R150: left pair, needs >2.8cm of black; original-table junction correction
  55.6s P1100 -> L60 R150: left pair, needs >2.8cm of black; original-table junction correction
  55.6s P1100 -> L60 R150: left pair, needs >2.8cm of black; original-table junction correction
  55.6s P1100 -> L60 R150: left pair, needs >2.8cm of black; original-table junction correction
  55.6s P1100 -> L60 R150: left pair, needs >2.8cm of black; original-table junction correction
  55.6s P1100 -> L60 R150: left pair, needs >2.8cm of black; original-table junction correction
  55.6s P1100 -> L60 R150: left pair, needs >2.8cm of black; original-table junction correction
  55.7s P1100 -> L60 R150: left pair, needs >2.8cm of black; original-table junction correction
  55.7s P1100 -> L60 R150: left pair, needs >2.8cm of black; original-table junction correction
  55.7s P1100 -> L60 R150: left pair, needs >2.8cm of black; original-table junction correction
  55.7s P1100 -> L60 R150: left pair, needs >2.8cm of black; original-table junction correction
  55.7s P1100 -> L60 R150: left pair, needs >2.8cm of black; original-table junction correction
  55.7s P1100 -> L60 R150: left pair, needs >2.8cm of black; original-table junction correction
  55.7s P1100 -> L60 R150: left pair, needs >2.8cm of black; original-table junction correction
  55.7s P1100 -> L60 R150: left pair, needs >2.8cm of black; original-table junction correction
  55.7s P1100 -> L60 R150: left pair, needs >2.8cm of black; original-table junction correction
  55.7s P1100 -> L60 R150: left pair, needs >2.8cm of black; original-table junction correction
  55.8s P1100 -> L60 R150: left pair, needs >2.8cm of black; original-table junction correction
  55.8s P1100 -> L60 R150: left pair, needs >2.8cm of black; original-table junction correction
  55.8s P1100 -> L60 R150: left pair, needs >2.8cm of black; original-table junction correction
  55.8s P1100 -> L60 R150: left pair, needs >2.8cm of black; original-table junction correction
  55.8s P1100 -> L60 R150: left pair, needs >2.8cm of black; original-table junction correction
  55.8s P1100 -> L60 R150: left pair, needs >2.8cm of black; original-table junction correction
  55.8s P1100 -> L60 R150: left pair, needs >2.8cm of black; original-table junction correction
  55.8s P1100 -> L60 R150: left pair, needs >2.8cm of black; original-table junction correction
  55.8s P1100 -> L60 R150: left pair, needs >2.8cm of black; original-table junction correction
  55.9s P1100 -> L60 R150: left pair, needs >2.8cm of black; original-table junction correction
  55.9s P1100 -> L60 R150: left pair, needs >2.8cm of black; original-table junction correction
  55.9s P1100 -> L60 R150: left pair, needs >2.8cm of black; original-table junction correction
  55.9s P1100 -> L60 R150: left pair, needs >2.8cm of black; original-table junction correction
  55.9s P1100 -> L60 R150: left pair, needs >2.8cm of black; original-table junction correction
  55.9s P1100 -> L60 R150: left pair, needs >2.8cm of black; original-table junction correction
  55.9s P1100 -> L60 R150: left pair, needs >2.8cm of black; original-table junction correction
  55.9s P1100 -> L60 R150: left pair, needs >2.8cm of black; original-table junction correction
  55.9s P1100 -> L60 R150: left pair, needs >2.8cm of black; original-table junction correction
  55.9s P1100 -> L60 R150: left pair, needs >2.8cm of black; original-table junction correction
  56.0s P1100 -> L60 R150: left pair, needs >2.8cm of black; original-table junction correction
  56.0s P1100 -> L60 R150: left pair, needs >2.8cm of black; original-table junction correction
  56.0s P1100 -> L60 R150: left pair, needs >2.8cm of black; original-table junction correction
  56.0s P1100 -> L60 R150: left pair, needs >2.8cm of black; original-table junction correction
  56.0s P1000 -> L-150 R150: far left, outer sensor only; hard left; original-table correction
  56.0s P1000 -> L-150 R150: far left, outer sensor only; hard left; original-table correction
  56.0s P1000 -> L-150 R150: far left, outer sensor only; hard left; original-table correction
  56.0s P1000 -> L-150 R150: far left, outer sensor only; hard left; original-table correction
  56.0s P1000 -> L-150 R150: far left, outer sensor only; hard left; original-table correction
  56.0s P1000 -> L-150 R150: far left, outer sensor only; hard left; original-table correction
  56.1s P1000 -> L-150 R150: far left, outer sensor only; hard left; original-table correction
  56.1s P1000 -> L-150 R150: far left, outer sensor only; hard left; original-table correction
  56.1s P1100 -> L60 R150: left pair, needs >2.8cm of black; original-table junction correction
  56.1s P1100 -> L60 R150: left pair, needs >2.8cm of black; original-table junction correction
  56.1s P1100 -> L60 R150: left pair, needs >2.8cm of black; original-table junction correction
  56.1s P1100 -> L60 R150: left pair, needs >2.8cm of black; original-table junction correction
  56.1s P1100 -> L60 R150: left pair, needs >2.8cm of black; original-table junction correction
  56.1s P1100 -> L60 R150: left pair, needs >2.8cm of black; original-table junction correction
  56.1s P1100 -> L60 R150: left pair, needs >2.8cm of black; original-table junction correction
  56.1s P1100 -> L60 R150: left pair, needs >2.8cm of black; original-table junction correction
  56.2s P1100 -> L60 R150: left pair, needs >2.8cm of black; original-table junction correction
  56.2s P1100 -> L60 R150: left pair, needs >2.8cm of black; original-table junction correction
  56.2s P1100 -> L60 R150: left pair, needs >2.8cm of black; original-table junction correction
  56.2s P1000 -> L-150 R150: far left, outer sensor only; hard left; original-table correction
  56.2s P1000 -> L-150 R150: far left, outer sensor only; hard left; original-table correction
  56.2s P1000 -> L-150 R150: far left, outer sensor only; hard left; original-table correction
  56.2s P1000 -> L-150 R150: far left, outer sensor only; hard left; original-table correction
  56.2s P1000 -> L-150 R150: far left, outer sensor only; hard left; original-table correction
  56.2s P1000 -> L-150 R150: far left, outer sensor only; hard left; original-table correction
  56.2s P1000 -> L-150 R150: far left, outer sensor only; hard left; original-table correction
  56.3s P1000 -> L-150 R150: far left, outer sensor only; hard left; original-table correction
  56.3s P1000 -> L-150 R150: far left, outer sensor only; hard left; original-table correction
  56.3s P1000 -> L-150 R150: far left, outer sensor only; hard left; original-table correction
  56.3s P1000 -> L-150 R150: far left, outer sensor only; hard left; original-table correction
  56.3s P1000 -> L-150 R150: far left, outer sensor only; hard left; original-table correction
  56.3s P1000 -> L-150 R150: far left, outer sensor only; hard left; original-table correction
  56.3s P1000 -> L-150 R150: far left, outer sensor only; hard left; original-table correction
  56.3s P1100 -> L60 R150: left pair, needs >2.8cm of black; original-table junction correction
  56.3s P1100 -> L60 R150: left pair, needs >2.8cm of black; original-table junction correction
  56.3s P1100 -> L60 R150: left pair, needs >2.8cm of black; original-table junction correction
  56.4s P1100 -> L60 R150: left pair, needs >2.8cm of black; original-table junction correction
  56.4s P1100 -> L60 R150: left pair, needs >2.8cm of black; original-table junction correction
  56.4s P1100 -> L60 R150: left pair, needs >2.8cm of black; original-table junction correction
  56.4s P1100 -> L60 R150: left pair, needs >2.8cm of black; original-table junction correction
  56.4s P1100 -> L60 R150: left pair, needs >2.8cm of black; original-table junction correction
  56.4s P1100 -> L60 R150: left pair, needs >2.8cm of black; original-table junction correction
  56.4s P1000 -> L-150 R150: far left, outer sensor only; hard left; original-table correction
  56.4s P1000 -> L-150 R150: far left, outer sensor only; hard left; original-table correction
  56.4s P1000 -> L-150 R150: far left, outer sensor only; hard left; original-table correction
  56.4s P1000 -> L-150 R150: far left, outer sensor only; hard left; original-table correction
  56.5s P1000 -> L-150 R150: far left, outer sensor only; hard left; original-table correction
  56.5s P1000 -> L-150 R150: far left, outer sensor only; hard left; original-table correction
  56.5s P1000 -> L-150 R150: far left, outer sensor only; hard left; original-table correction
  56.5s P1000 -> L-150 R150: far left, outer sensor only; hard left; original-table correction
  56.5s P1000 -> L-150 R150: far left, outer sensor only; hard left; original-table correction
  56.5s P1000 -> L-150 R150: far left, outer sensor only; hard left; original-table correction
  56.5s P1000 -> L-150 R150: far left, outer sensor only; hard left; original-table correction
  56.5s P1000 -> L-150 R150: far left, outer sensor only; hard left; original-table correction
  56.5s P1000 -> L-150 R150: far left, outer sensor only; hard left; original-table correction
  56.5s P1000 -> L-150 R150: far left, outer sensor only; hard left; original-table correction
  56.6s P1000 -> L-150 R150: far left, outer sensor only; hard left; original-table correction
  56.6s P1000 -> L-150 R150: far left, outer sensor only; hard left; original-table correction
  56.6s P1000 -> L-150 R150: far left, outer sensor only; hard left; original-table correction
  56.6s P1000 -> L-150 R150: far left, outer sensor only; hard left; original-table correction
  56.6s P1100 -> L60 R150: left pair, needs >2.8cm of black; original-table junction correction
  56.6s P1100 -> L60 R150: left pair, needs >2.8cm of black; original-table junction correction
  56.6s P1100 -> L60 R150: left pair, needs >2.8cm of black; original-table junction correction
  56.6s P1100 -> L60 R150: left pair, needs >2.8cm of black; original-table junction correction
  56.6s P1100 -> L60 R150: left pair, needs >2.8cm of black; original-table junction correction
  56.6s P1000 -> L-150 R150: far left, outer sensor only; hard left; original-table correction
  56.7s P1000 -> L-150 R150: far left, outer sensor only; hard left; original-table correction
  56.7s P1000 -> L-150 R150: far left, outer sensor only; hard left; original-table correction
  56.7s P1000 -> L-150 R150: far left, outer sensor only; hard left; original-table correction
  56.7s P1000 -> L-150 R150: far left, outer sensor only; hard left; original-table correction
  56.7s P1000 -> L-150 R150: far left, outer sensor only; hard left; original-table correction
  56.7s P1000 -> L-150 R150: far left, outer sensor only; hard left; original-table correction
  56.7s P1000 -> L-150 R150: far left, outer sensor only; hard left; original-table correction
  56.7s P1000 -> L-150 R150: far left, outer sensor only; hard left; original-table correction
  56.7s P1000 -> L-150 R150: far left, outer sensor only; hard left; original-table correction
  56.7s P1000 -> L-150 R150: far left, outer sensor only; hard left; original-table correction
  56.8s P1000 -> L-150 R150: far left, outer sensor only; hard left; original-table correction
  56.8s P1000 -> L-150 R150: far left, outer sensor only; hard left; original-table correction
  56.8s P1000 -> L-150 R150: far left, outer sensor only; hard left; original-table correction
  56.8s P1000 -> L-150 R150: far left, outer sensor only; hard left; original-table correction
  56.8s P1000 -> L-150 R150: far left, outer sensor only; hard left; original-table correction
  56.8s P1000 -> L-150 R150: far left, outer sensor only; hard left; original-table correction
  56.8s P1000 -> L-150 R150: far left, outer sensor only; hard left; original-table correction
  56.8s P1000 -> L-150 R150: far left, outer sensor only; hard left; original-table correction
  56.8s P1000 -> L-150 R150: far left, outer sensor only; hard left; original-table correction
  56.8s P1000 -> L-150 R150: far left, outer sensor only; hard left; original-table correction
  56.9s P1000 -> L-150 R150: far left, outer sensor only; hard left; original-table correction
  56.9s P1000 -> L-150 R150: far left, outer sensor only; hard left; original-table correction
  56.9s P1000 -> L-150 R150: far left, outer sensor only; hard left; original-table correction
  56.9s P1000 -> L-150 R150: far left, outer sensor only; hard left; original-table correction
  56.9s P1000 -> L-150 R150: far left, outer sensor only; hard left; original-table correction
  56.9s P1000 -> L-150 R150: far left, outer sensor only; hard left; original-table correction
  56.9s P1000 -> L-150 R150: far left, outer sensor only; hard left; original-table correction
  56.9s P1100 -> L60 R150: left pair, needs >2.8cm of black; original-table junction correction
  56.9s P1100 -> L60 R150: left pair, needs >2.8cm of black; original-table junction correction
  56.9s P1100 -> L60 R150: left pair, needs >2.8cm of black; original-table junction correction
  57.0s P1100 -> L60 R150: left pair, needs >2.8cm of black; original-table junction correction
  57.0s P1100 -> L60 R150: left pair, needs >2.8cm of black; original-table junction correction
  57.0s P1100 -> L60 R150: left pair, needs >2.8cm of black; original-table junction correction
  57.0s P1100 -> L60 R150: left pair, needs >2.8cm of black; original-table junction correction
  57.0s P1100 -> L60 R150: left pair, needs >2.8cm of black; original-table junction correction
  57.0s P1100 -> L60 R150: left pair, needs >2.8cm of black; original-table junction correction
  57.0s P1100 -> L60 R150: left pair, needs >2.8cm of black; original-table junction correction
  57.0s P1100 -> L60 R150: left pair, needs >2.8cm of black; original-table junction correction
  57.0s P1100 -> L60 R150: left pair, needs >2.8cm of black; original-table junction correction
  57.0s P1100 -> L60 R150: left pair, needs >2.8cm of black; original-table junction correction
  57.1s P1100 -> L60 R150: left pair, needs >2.8cm of black; original-table junction correction
  57.1s P1000 -> L-150 R150: far left, outer sensor only; hard left; original-table correction
  57.1s P1000 -> L-150 R150: far left, outer sensor only; hard left; original-table correction
  57.1s P1000 -> L-150 R150: far left, outer sensor only; hard left; original-table correction
  57.1s P1000 -> L-150 R150: far left, outer sensor only; hard left; original-table correction
  57.1s P1000 -> L-150 R150: far left, outer sensor only; hard left; original-table correction
  57.1s P1000 -> L-150 R150: far left, outer sensor only; hard left; original-table correction
  57.1s P1000 -> L-150 R150: far left, outer sensor only; hard left; original-table correction
  57.1s P1100 -> L60 R150: left pair, needs >2.8cm of black; original-table junction correction
  57.1s P1100 -> L60 R150: left pair, needs >2.8cm of black; original-table junction correction
  57.2s P1100 -> L60 R150: left pair, needs >2.8cm of black; original-table junction correction
  57.2s P1100 -> L60 R150: left pair, needs >2.8cm of black; original-table junction correction
  57.2s P1100 -> L60 R150: left pair, needs >2.8cm of black; original-table junction correction
  57.2s P1100 -> L60 R150: left pair, needs >2.8cm of black; original-table junction correction
  57.2s P1100 -> L60 R150: left pair, needs >2.8cm of black; original-table junction correction
  57.2s P1100 -> L60 R150: left pair, needs >2.8cm of black; original-table junction correction
  57.2s P1100 -> L60 R150: left pair, needs >2.8cm of black; original-table junction correction
  57.2s P1100 -> L60 R150: left pair, needs >2.8cm of black; original-table junction correction
  57.2s P1100 -> L60 R150: left pair, needs >2.8cm of black; original-table junction correction
  57.2s P1100 -> L60 R150: left pair, needs >2.8cm of black; original-table junction correction
  57.3s P1100 -> L60 R150: left pair, needs >2.8cm of black; original-table junction correction
  57.3s P1100 -> L60 R150: left pair, needs >2.8cm of black; original-table junction correction
  57.3s P1100 -> L60 R150: left pair, needs >2.8cm of black; original-table junction correction
  57.3s P1100 -> L60 R150: left pair, needs >2.8cm of black; original-table junction correction
  57.3s P1100 -> L60 R150: left pair, needs >2.8cm of black; original-table junction correction
  57.3s P1100 -> L60 R150: left pair, needs >2.8cm of black; original-table junction correction
  57.3s P1000 -> L-150 R150: far left, outer sensor only; hard left; original-table correction
  57.3s P1000 -> L-150 R150: far left, outer sensor only; hard left; original-table correction
  57.3s P1000 -> L-150 R150: far left, outer sensor only; hard left; original-table correction
  57.3s P1000 -> L-150 R150: far left, outer sensor only; hard left; original-table correction
  57.4s P1100 -> L60 R150: left pair, needs >2.8cm of black; original-table junction correction
  57.4s P1100 -> L60 R150: left pair, needs >2.8cm of black; original-table junction correction
  57.4s P1100 -> L60 R150: left pair, needs >2.8cm of black; original-table junction correction
  57.4s P1100 -> L60 R150: left pair, needs >2.8cm of black; original-table junction correction
  57.4s P1100 -> L60 R150: left pair, needs >2.8cm of black; original-table junction correction
  57.4s P1100 -> L60 R150: left pair, needs >2.8cm of black; original-table junction correction
  57.4s P1100 -> L60 R150: left pair, needs >2.8cm of black; original-table junction correction
  57.4s P1100 -> L60 R150: left pair, needs >2.8cm of black; original-table junction correction
  57.4s P1100 -> L60 R150: left pair, needs >2.8cm of black; original-table junction correction
  57.4s P1100 -> L60 R150: left pair, needs >2.8cm of black; original-table junction correction
  57.5s P1100 -> L60 R150: left pair, needs >2.8cm of black; original-table junction correction
  57.5s P1100 -> L60 R150: left pair, needs >2.8cm of black; original-table junction correction
  57.5s P1100 -> L60 R150: left pair, needs >2.8cm of black; original-table junction correction
  57.5s P1100 -> L60 R150: left pair, needs >2.8cm of black; original-table junction correction
  57.5s P1100 -> L60 R150: left pair, needs >2.8cm of black; original-table junction correction
  57.5s P1100 -> L60 R150: left pair, needs >2.8cm of black; original-table junction correction
  57.5s P1100 -> L60 R150: left pair, needs >2.8cm of black; original-table junction correction
  57.5s P1100 -> L60 R150: left pair, needs >2.8cm of black; original-table junction correction
  57.5s P1100 -> L60 R150: left pair, needs >2.8cm of black; original-table junction correction
  57.5s P1100 -> L60 R150: left pair, needs >2.8cm of black; original-table junction correction
  57.6s P1100 -> L60 R150: left pair, needs >2.8cm of black; original-table junction correction
  57.6s P1100 -> L60 R150: left pair, needs >2.8cm of black; original-table junction correction
  57.6s P1100 -> L60 R150: left pair, needs >2.8cm of black; original-table junction correction
  57.6s P1100 -> L60 R150: left pair, needs >2.8cm of black; original-table junction correction
  57.6s P1100 -> L60 R150: left pair, needs >2.8cm of black; original-table junction correction
  57.6s P1100 -> L60 R150: left pair, needs >2.8cm of black; original-table junction correction
  57.6s P1100 -> L60 R150: left pair, needs >2.8cm of black; original-table junction correction
  57.6s P1100 -> L60 R150: left pair, needs >2.8cm of black; original-table junction correction
  57.6s P1100 -> L60 R150: left pair, needs >2.8cm of black; original-table junction correction
  57.7s P1100 -> L60 R150: left pair, needs >2.8cm of black; original-table junction correction
  57.7s P1100 -> L60 R150: left pair, needs >2.8cm of black; original-table junction correction
  57.7s P1100 -> L60 R150: left pair, needs >2.8cm of black; original-table junction correction
  57.7s P1100 -> L60 R150: left pair, needs >2.8cm of black; original-table junction correction
  57.7s P1100 -> L60 R150: left pair, needs >2.8cm of black; original-table junction correction
  57.7s P1100 -> L60 R150: left pair, needs >2.8cm of black; original-table junction correction
  57.7s P1100 -> L60 R150: left pair, needs >2.8cm of black; original-table junction correction
  57.7s P1100 -> L60 R150: left pair, needs >2.8cm of black; original-table junction correction
  57.7s P0100 -> L110 R150: drifting left, slight; original-table correction
  57.7s P0100 -> L110 R150: drifting left, slight; original-table correction
  57.8s P0100 -> L110 R150: drifting left, slight; original-table correction
  57.8s P0100 -> L110 R150: drifting left, slight; original-table correction
  57.8s P0100 -> L110 R150: drifting left, slight; original-table correction
  57.8s P0100 -> L110 R150: drifting left, slight; original-table correction
  57.8s P0100 -> L110 R150: drifting left, slight; original-table correction
  57.8s P0100 -> L110 R150: drifting left, slight; original-table correction
  57.8s P0100 -> L110 R150: drifting left, slight; original-table correction
  57.8s P0100 -> L110 R150: drifting left, slight; original-table correction
  57.8s P0100 -> L110 R150: drifting left, slight; original-table correction
  57.8s P0100 -> L110 R150: drifting left, slight; original-table correction
  57.9s P0100 -> L110 R150: drifting left, slight; original-table correction
  57.9s P0100 -> L110 R150: drifting left, slight; original-table correction
  57.9s P0100 -> L110 R150: drifting left, slight; original-table correction
  57.9s P0100 -> L110 R150: drifting left, slight; original-table correction
  57.9s P0100 -> L110 R150: drifting left, slight; original-table correction
  57.9s P0100 -> L110 R150: drifting left, slight; original-table correction
  57.9s P0100 -> L110 R150: drifting left, slight; original-table correction
  57.9s P0100 -> L110 R150: drifting left, slight; original-table correction
  57.9s P0100 -> L110 R150: drifting left, slight; original-table correction
  57.9s P0100 -> L110 R150: drifting left, slight; original-table correction
  58.0s P0100 -> L110 R150: drifting left, slight; original-table correction
  58.0s P0100 -> L110 R150: drifting left, slight; original-table correction
  58.0s P0100 -> L110 R150: drifting left, slight; original-table correction
  58.0s P0100 -> L110 R150: drifting left, slight; original-table correction
  58.0s P0100 -> L110 R150: drifting left, slight; original-table correction
  58.0s P0100 -> L110 R150: drifting left, slight; original-table correction
  58.0s P0100 -> L110 R150: drifting left, slight; original-table correction
  58.0s P0100 -> L110 R150: drifting left, slight; original-table correction
  58.0s P0100 -> L110 R150: drifting left, slight; original-table correction
  58.0s P0100 -> L110 R150: drifting left, slight; original-table correction
  58.1s P0100 -> L110 R150: drifting left, slight; original-table correction
  58.1s P0100 -> L110 R150: drifting left, slight; original-table correction
  58.1s P0100 -> L110 R150: drifting left, slight; original-table correction
  58.1s P0100 -> L110 R150: drifting left, slight; original-table correction
  58.1s P0100 -> L110 R150: drifting left, slight; original-table correction
  58.1s P0000 -> L60 R150: blind band; original-table correction
  58.1s P0000 -> L60 R150: blind band; original-table correction
  58.1s P0000 -> L60 R150: blind band; original-table correction
  58.1s P0000 -> L60 R150: blind band; original-table correction
  58.1s P0000 -> L60 R150: blind band; original-table correction
  58.2s P0000 -> L60 R150: blind band; original-table correction
  58.2s P0000 -> L60 R150: blind band; original-table correction
  58.2s P0000 -> L60 R150: blind band; original-table correction
  58.2s P0100 -> L110 R150: drifting left, slight; original-table correction
  58.2s P0100 -> L110 R150: drifting left, slight; original-table correction
  58.2s P0100 -> L110 R150: drifting left, slight; original-table correction
  58.2s P0100 -> L110 R150: drifting left, slight; original-table correction
  58.2s P0100 -> L110 R150: drifting left, slight; original-table correction
  58.2s P0100 -> L110 R150: drifting left, slight; original-table correction
  58.2s P0100 -> L110 R150: drifting left, slight; original-table correction
  58.3s P0100 -> L110 R150: drifting left, slight; original-table correction
  58.3s P0100 -> L110 R150: drifting left, slight; original-table correction
  58.3s P0100 -> L110 R150: drifting left, slight; original-table correction
  58.3s P0100 -> L110 R150: drifting left, slight; original-table correction
  58.3s P0100 -> L110 R150: drifting left, slight; original-table correction
  58.3s P0100 -> L110 R150: drifting left, slight; original-table correction
  58.3s P0100 -> L110 R150: drifting left, slight; original-table correction
  58.3s P0100 -> L110 R150: drifting left, slight; original-table correction
  58.3s P0100 -> L110 R150: drifting left, slight; original-table correction
  58.3s P0100 -> L110 R150: drifting left, slight; original-table correction
  58.4s P0100 -> L110 R150: drifting left, slight; original-table correction
  58.4s P0100 -> L110 R150: drifting left, slight; original-table correction
  58.4s P0100 -> L110 R150: drifting left, slight; original-table correction
  58.4s P0100 -> L110 R150: drifting left, slight; original-table correction
  58.4s P0100 -> L110 R150: drifting left, slight; original-table correction
  58.4s P0100 -> L110 R150: drifting left, slight; original-table correction
  58.4s P0100 -> L110 R150: drifting left, slight; original-table correction
  58.4s P0100 -> L110 R150: drifting left, slight; original-table correction
  58.4s P0100 -> L110 R150: drifting left, slight; original-table correction
  58.4s P0100 -> L110 R150: drifting left, slight; original-table correction
  58.5s P0100 -> L110 R150: drifting left, slight; original-table correction
  58.5s P0100 -> L110 R150: drifting left, slight; original-table correction
  58.5s P0100 -> L110 R150: drifting left, slight; original-table correction
  58.5s P0100 -> L110 R150: drifting left, slight; original-table correction
  58.5s P0100 -> L110 R150: drifting left, slight; original-table correction
  58.5s P0100 -> L110 R150: drifting left, slight; original-table correction
  58.5s P0100 -> L110 R150: drifting left, slight; original-table correction
  58.5s P0100 -> L110 R150: drifting left, slight; original-table correction
  58.5s P0100 -> L110 R150: drifting left, slight; original-table correction
  58.5s P0100 -> L110 R150: drifting left, slight; original-table correction
  58.6s P0100 -> L110 R150: drifting left, slight; original-table correction
  58.6s P0100 -> L110 R150: drifting left, slight; original-table correction
  58.6s P0100 -> L110 R150: drifting left, slight; original-table correction
  58.6s P0100 -> L110 R150: drifting left, slight; original-table correction
  58.6s P0100 -> L110 R150: drifting left, slight; original-table correction
  58.6s P0100 -> L110 R150: drifting left, slight; original-table correction
  58.6s P0100 -> L110 R150: drifting left, slight; original-table correction
  58.6s P0100 -> L110 R150: drifting left, slight; original-table correction
  58.6s P0110 -> L150 R150: centred or unresolved; original-table forward
  58.6s P0110 -> L150 R150: centred or unresolved; original-table forward
  58.7s P0110 -> L150 R150: centred or unresolved; original-table forward
  58.7s P0110 -> L150 R150: centred or unresolved; original-table forward
  58.7s P0110 -> L150 R150: centred or unresolved; original-table forward
  58.7s P0110 -> L150 R150: centred or unresolved; original-table forward
  58.7s P0110 -> L150 R150: centred or unresolved; original-table forward
  58.7s P0110 -> L150 R150: centred or unresolved; original-table forward
  58.7s P0110 -> L150 R150: centred or unresolved; original-table forward
  58.7s P0110 -> L150 R150: centred or unresolved; original-table forward
  58.7s P0110 -> L150 R150: centred or unresolved; original-table forward
  58.7s P0110 -> L150 R150: centred or unresolved; original-table forward
  58.8s P0110 -> L150 R150: centred or unresolved; original-table forward
  58.8s P0110 -> L150 R150: centred or unresolved; original-table forward
  58.8s P0110 -> L150 R150: centred or unresolved; original-table forward
  58.8s P0110 -> L150 R150: centred or unresolved; original-table forward
  58.8s P0110 -> L150 R150: centred or unresolved; original-table forward
  58.8s P0110 -> L150 R150: centred or unresolved; original-table forward
  58.8s P0110 -> L150 R150: centred or unresolved; original-table forward
  58.8s P0110 -> L150 R150: centred or unresolved; original-table forward
  58.8s P0110 -> L150 R150: centred or unresolved; original-table forward
  58.8s P0110 -> L150 R150: centred or unresolved; original-table forward
  58.9s P0110 -> L150 R150: centred or unresolved; original-table forward
  58.9s P0110 -> L150 R150: centred or unresolved; original-table forward
  58.9s P0110 -> L150 R150: centred or unresolved; original-table forward
  58.9s P0110 -> L150 R150: centred or unresolved; original-table forward
  58.9s P0110 -> L150 R150: centred or unresolved; original-table forward
  58.9s P0110 -> L150 R150: centred or unresolved; original-table forward
  58.9s P0110 -> L150 R150: centred or unresolved; original-table forward
  58.9s P0110 -> L150 R150: centred or unresolved; original-table forward
  58.9s P0110 -> L150 R150: centred or unresolved; original-table forward
  58.9s P0110 -> L150 R150: centred or unresolved; original-table forward
  59.0s P0110 -> L150 R150: centred or unresolved; original-table forward
  59.0s P0110 -> L150 R150: centred or unresolved; original-table forward
  59.0s P0110 -> L150 R150: centred or unresolved; original-table forward
  59.0s P0110 -> L150 R150: centred or unresolved; original-table forward
  59.0s P0110 -> L150 R150: centred or unresolved; original-table forward
  59.0s P0110 -> L150 R150: centred or unresolved; original-table forward
  59.0s P0110 -> L150 R150: centred or unresolved; original-table forward
  59.0s P0110 -> L150 R150: centred or unresolved; original-table forward
  59.0s P0110 -> L150 R150: centred or unresolved; original-table forward
  59.0s P0110 -> L150 R150: centred or unresolved; original-table forward
  59.1s P0110 -> L150 R150: centred or unresolved; original-table forward
  59.1s P0110 -> L150 R150: centred or unresolved; original-table forward
  59.1s P0110 -> L150 R150: centred or unresolved; original-table forward
  59.1s P0110 -> L150 R150: centred or unresolved; original-table forward
  59.1s P0110 -> L150 R150: centred or unresolved; original-table forward
  59.1s P0110 -> L150 R150: centred or unresolved; original-table forward
  59.1s P0110 -> L150 R150: centred or unresolved; original-table forward
  59.1s P0110 -> L150 R150: centred or unresolved; original-table forward
  59.1s P0110 -> L150 R150: centred or unresolved; original-table forward
  59.1s P0110 -> L150 R150: centred or unresolved; original-table forward
  59.2s P0110 -> L150 R150: centred or unresolved; original-table forward
  59.2s P0110 -> L150 R150: centred or unresolved; original-table forward
  59.2s P0110 -> L150 R150: centred or unresolved; original-table forward
  59.2s P0110 -> L150 R150: centred or unresolved; original-table forward
  59.2s P0110 -> L150 R150: centred or unresolved; original-table forward
  59.2s P0110 -> L150 R150: centred or unresolved; original-table forward
  59.2s P0110 -> L150 R150: centred or unresolved; original-table forward
  59.2s P0110 -> L150 R150: centred or unresolved; original-table forward
  59.2s P0110 -> L150 R150: centred or unresolved; original-table forward
  59.2s P0110 -> L150 R150: centred or unresolved; original-table forward
  59.3s P0110 -> L150 R150: centred or unresolved; original-table forward
  59.3s P0110 -> L150 R150: centred or unresolved; original-table forward
  59.3s P0110 -> L150 R150: centred or unresolved; original-table forward
  59.3s P0110 -> L150 R150: centred or unresolved; original-table forward
  59.3s P0100 -> L110 R150: drifting left, slight; original-table correction
  59.3s P0100 -> L110 R150: drifting left, slight; original-table correction
  59.3s P0100 -> L110 R150: drifting left, slight; original-table correction
  59.3s P0100 -> L110 R150: drifting left, slight; original-table correction
  59.3s P0100 -> L110 R150: drifting left, slight; original-table correction
  59.3s P0100 -> L110 R150: drifting left, slight; original-table correction
  59.4s P0100 -> L110 R150: drifting left, slight; original-table correction
  59.4s P0100 -> L110 R150: drifting left, slight; original-table correction
  59.4s P0100 -> L110 R150: drifting left, slight; original-table correction
  59.4s P0100 -> L110 R150: drifting left, slight; original-table correction
  59.4s P0100 -> L110 R150: drifting left, slight; original-table correction
  59.4s P0100 -> L110 R150: drifting left, slight; original-table correction
  59.4s P0100 -> L110 R150: drifting left, slight; original-table correction
  59.4s P0100 -> L110 R150: drifting left, slight; original-table correction
  59.4s P0100 -> L110 R150: drifting left, slight; original-table correction
  59.5s P0100 -> L110 R150: drifting left, slight; original-table correction
  59.5s P0100 -> L110 R150: drifting left, slight; original-table correction
  59.5s P0100 -> L110 R150: drifting left, slight; original-table correction
  59.5s P0100 -> L110 R150: drifting left, slight; original-table correction
  59.5s P0100 -> L110 R150: drifting left, slight; original-table correction
  59.5s P0100 -> L110 R150: drifting left, slight; original-table correction
  59.5s P0100 -> L110 R150: drifting left, slight; original-table correction
  59.5s P0100 -> L110 R150: drifting left, slight; original-table correction
  59.5s P0100 -> L110 R150: drifting left, slight; original-table correction
  59.5s P0100 -> L110 R150: drifting left, slight; original-table correction
  59.6s P0100 -> L110 R150: drifting left, slight; original-table correction
  59.6s P0100 -> L110 R150: drifting left, slight; original-table correction
  59.6s P0100 -> L110 R150: drifting left, slight; original-table correction
  59.6s P0100 -> L110 R150: drifting left, slight; original-table correction
  59.6s P0100 -> L110 R150: drifting left, slight; original-table correction
  59.6s P0100 -> L110 R150: drifting left, slight; original-table correction
  59.6s P0100 -> L110 R150: drifting left, slight; original-table correction
  59.6s P0100 -> L110 R150: drifting left, slight; original-table correction
  59.6s P0100 -> L110 R150: drifting left, slight; original-table correction
  59.6s P0100 -> L110 R150: drifting left, slight; original-table correction
  59.7s P0100 -> L110 R150: drifting left, slight; original-table correction
  59.7s P0100 -> L110 R150: drifting left, slight; original-table correction
  59.7s P0100 -> L110 R150: drifting left, slight; original-table correction
  59.7s P0100 -> L110 R150: drifting left, slight; original-table correction
  59.7s P0100 -> L110 R150: drifting left, slight; original-table correction
  59.7s P0100 -> L110 R150: drifting left, slight; original-table correction
  59.7s P0100 -> L110 R150: drifting left, slight; original-table correction
  59.7s P0100 -> L110 R150: drifting left, slight; original-table correction
  59.7s P0100 -> L110 R150: drifting left, slight; original-table correction
  59.7s P0100 -> L110 R150: drifting left, slight; original-table correction
  59.8s P0100 -> L110 R150: drifting left, slight; original-table correction
  59.8s P0100 -> L110 R150: drifting left, slight; original-table correction
  59.8s P0100 -> L110 R150: drifting left, slight; original-table correction
  59.8s P0100 -> L110 R150: drifting left, slight; original-table correction
  59.8s P0100 -> L110 R150: drifting left, slight; original-table correction
  59.8s P0100 -> L110 R150: drifting left, slight; original-table correction
  59.8s P0100 -> L110 R150: drifting left, slight; original-table correction
  59.8s P0100 -> L110 R150: drifting left, slight; original-table correction
  59.8s P0100 -> L110 R150: drifting left, slight; original-table correction
  59.8s P0100 -> L110 R150: drifting left, slight; original-table correction
  59.9s P0100 -> L110 R150: drifting left, slight; original-table correction
  59.9s P0100 -> L110 R150: drifting left, slight; original-table correction
  59.9s P0110 -> L150 R150: centred or unresolved; original-table forward
  59.9s P0110 -> L150 R150: centred or unresolved; original-table forward
  59.9s P0110 -> L150 R150: centred or unresolved; original-table forward
  59.9s P0110 -> L150 R150: centred or unresolved; original-table forward
  59.9s P0110 -> L150 R150: centred or unresolved; original-table forward
  59.9s P0110 -> L150 R150: centred or unresolved; original-table forward
  59.9s P0110 -> L150 R150: centred or unresolved; original-table forward
  59.9s P0110 -> L150 R150: centred or unresolved; original-table forward
  60.0s P0110 -> L150 R150: centred or unresolved; original-table forward
  60.0s P0110 -> L150 R150: centred or unresolved; original-table forward
  60.0s P0110 -> L150 R150: centred or unresolved; original-table forward
  60.0s P0110 -> L150 R150: centred or unresolved; original-table forward
  60.0s P0110 -> L150 R150: centred or unresolved; original-table forward
  60.0s P0110 -> L150 R150: centred or unresolved; original-table forward
  60.0s P0110 -> L150 R150: centred or unresolved; original-table forward
  60.0s P0110 -> L150 R150: centred or unresolved; original-table forward
  60.0s P0110 -> L150 R150: centred or unresolved; original-table forward
  60.0s P0100 -> L110 R150: drifting left, slight; original-table correction
  60.1s P0100 -> L110 R150: drifting left, slight; original-table correction
  60.1s P0110 -> L150 R150: centred or unresolved; original-table forward
  60.1s P0110 -> L150 R150: centred or unresolved; original-table forward
  60.1s P0110 -> L150 R150: centred or unresolved; original-table forward
  60.1s P0110 -> L150 R150: centred or unresolved; original-table forward
  60.1s P0110 -> L150 R150: centred or unresolved; original-table forward
  60.1s P0110 -> L150 R150: centred or unresolved; original-table forward
  60.1s P0110 -> L150 R150: centred or unresolved; original-table forward
  60.1s P0110 -> L150 R150: centred or unresolved; original-table forward
  60.1s P0110 -> L150 R150: centred or unresolved; original-table forward
  60.2s P0110 -> L150 R150: centred or unresolved; original-table forward
  60.2s P0110 -> L150 R150: centred or unresolved; original-table forward
  60.2s P0110 -> L150 R150: centred or unresolved; original-table forward
  60.2s P0110 -> L150 R150: centred or unresolved; original-table forward
  60.2s P0110 -> L150 R150: centred or unresolved; original-table forward
  60.2s P0100 -> L110 R150: drifting left, slight; original-table correction
  60.2s P0100 -> L110 R150: drifting left, slight; original-table correction
  60.2s P0100 -> L110 R150: drifting left, slight; original-table correction
  60.2s P0100 -> L110 R150: drifting left, slight; original-table correction
  60.2s P0100 -> L110 R150: drifting left, slight; original-table correction
  60.3s P0100 -> L110 R150: drifting left, slight; original-table correction
  60.3s P0100 -> L110 R150: drifting left, slight; original-table correction
  60.3s P0100 -> L110 R150: drifting left, slight; original-table correction
  60.3s P0100 -> L110 R150: drifting left, slight; original-table correction
  60.3s P0110 -> L150 R150: centred or unresolved; original-table forward
  60.3s P0110 -> L150 R150: centred or unresolved; original-table forward
  60.3s P0110 -> L150 R150: centred or unresolved; original-table forward
  60.3s P0110 -> L150 R150: centred or unresolved; original-table forward
  60.3s P0110 -> L150 R150: centred or unresolved; original-table forward
  60.3s P0110 -> L150 R150: centred or unresolved; original-table forward
  60.4s P0110 -> L150 R150: centred or unresolved; original-table forward
  60.4s P0110 -> L150 R150: centred or unresolved; original-table forward
  60.4s P0110 -> L150 R150: centred or unresolved; original-table forward
  60.4s P0110 -> L150 R150: centred or unresolved; original-table forward
  60.4s P0110 -> L150 R150: centred or unresolved; original-table forward
  60.4s P0110 -> L150 R150: centred or unresolved; original-table forward
  60.4s P0110 -> L150 R150: centred or unresolved; original-table forward
  60.4s P0110 -> L150 R150: centred or unresolved; original-table forward
  60.4s P0110 -> L150 R150: centred or unresolved; original-table forward
  60.4s P0110 -> L150 R150: centred or unresolved; original-table forward
  60.5s P0110 -> L150 R150: centred or unresolved; original-table forward
  60.5s P0110 -> L150 R150: centred or unresolved; original-table forward
  60.5s P0110 -> L150 R150: centred or unresolved; original-table forward
  60.5s P0110 -> L150 R150: centred or unresolved; original-table forward
  60.5s P0110 -> L150 R150: centred or unresolved; original-table forward
  60.5s P0110 -> L150 R150: centred or unresolved; original-table forward
  60.5s P0110 -> L150 R150: centred or unresolved; original-table forward
  60.5s P0110 -> L150 R150: centred or unresolved; original-table forward
  60.5s P0110 -> L150 R150: centred or unresolved; original-table forward
  60.5s P0110 -> L150 R150: centred or unresolved; original-table forward
  60.6s P0110 -> L150 R150: centred or unresolved; original-table forward
  60.6s P0110 -> L150 R150: centred or unresolved; original-table forward
  60.6s P0110 -> L150 R150: centred or unresolved; original-table forward
  60.6s P0110 -> L150 R150: centred or unresolved; original-table forward
  60.6s P0110 -> L150 R150: centred or unresolved; original-table forward
  60.6s P0110 -> L150 R150: centred or unresolved; original-table forward
  60.6s P0110 -> L150 R150: centred or unresolved; original-table forward
  60.6s P0110 -> L150 R150: centred or unresolved; original-table forward
  60.6s P0110 -> L150 R150: centred or unresolved; original-table forward
  60.6s P0110 -> L150 R150: centred or unresolved; original-table forward
  60.7s P0110 -> L150 R150: centred or unresolved; original-table forward
  60.7s P0110 -> L150 R150: centred or unresolved; original-table forward
  60.7s P0110 -> L150 R150: centred or unresolved; original-table forward
  60.7s P0110 -> L150 R150: centred or unresolved; original-table forward
  60.7s P0110 -> L150 R150: centred or unresolved; original-table forward
  60.7s P0110 -> L150 R150: centred or unresolved; original-table forward
  60.7s P0110 -> L150 R150: centred or unresolved; original-table forward
  60.7s P0110 -> L150 R150: centred or unresolved; original-table forward
  60.7s P0110 -> L150 R150: centred or unresolved; original-table forward
  60.7s P0110 -> L150 R150: centred or unresolved; original-table forward
  60.8s P0110 -> L150 R150: centred or unresolved; original-table forward
  60.8s P0110 -> L150 R150: centred or unresolved; original-table forward
  60.8s P0110 -> L150 R150: centred or unresolved; original-table forward
  60.8s P0110 -> L150 R150: centred or unresolved; original-table forward
  60.8s P0110 -> L150 R150: centred or unresolved; original-table forward
  60.8s P0110 -> L150 R150: centred or unresolved; original-table forward
  60.8s P0110 -> L150 R150: centred or unresolved; original-table forward
  60.8s P0110 -> L150 R150: centred or unresolved; original-table forward
  60.8s P0110 -> L150 R150: centred or unresolved; original-table forward
  60.8s P0110 -> L150 R150: centred or unresolved; original-table forward
  60.9s P0110 -> L150 R150: centred or unresolved; original-table forward
  60.9s P0110 -> L150 R150: centred or unresolved; original-table forward
  60.9s P0110 -> L150 R150: centred or unresolved; original-table forward
  60.9s P0110 -> L150 R150: centred or unresolved; original-table forward
  60.9s P0110 -> L150 R150: centred or unresolved; original-table forward
  60.9s P0110 -> L150 R150: centred or unresolved; original-table forward
  60.9s P0110 -> L150 R150: centred or unresolved; original-table forward
  60.9s P0110 -> L150 R150: centred or unresolved; original-table forward
  60.9s P0110 -> L150 R150: centred or unresolved; original-table forward
  60.9s P0110 -> L150 R150: centred or unresolved; original-table forward
  61.0s P0110 -> L150 R150: centred or unresolved; original-table forward
  61.0s P0110 -> L150 R150: centred or unresolved; original-table forward
  61.0s P0110 -> L150 R150: centred or unresolved; original-table forward
  61.0s P0110 -> L150 R150: centred or unresolved; original-table forward
  61.0s P0110 -> L150 R150: centred or unresolved; original-table forward
  61.0s P0110 -> L150 R150: centred or unresolved; original-table forward
  61.0s P0110 -> L150 R150: centred or unresolved; original-table forward
  61.0s P0110 -> L150 R150: centred or unresolved; original-table forward
  61.0s P0110 -> L150 R150: centred or unresolved; original-table forward
  61.0s P0110 -> L150 R150: centred or unresolved; original-table forward
  61.1s P0110 -> L150 R150: centred or unresolved; original-table forward
  61.1s P0110 -> L150 R150: centred or unresolved; original-table forward
  61.1s P0110 -> L150 R150: centred or unresolved; original-table forward
  61.1s P0110 -> L150 R150: centred or unresolved; original-table forward
  61.1s P0110 -> L150 R150: centred or unresolved; original-table forward
  61.1s P0110 -> L150 R150: centred or unresolved; original-table forward
  61.1s P0110 -> L150 R150: centred or unresolved; original-table forward
  61.1s P0110 -> L150 R150: centred or unresolved; original-table forward
  61.1s P0110 -> L150 R150: centred or unresolved; original-table forward
  61.2s P0110 -> L150 R150: centred or unresolved; original-table forward
  61.2s P0110 -> L150 R150: centred or unresolved; original-table forward
  61.2s P0110 -> L150 R150: centred or unresolved; original-table forward
  61.2s P0110 -> L150 R150: centred or unresolved; original-table forward
  61.2s P0110 -> L150 R150: centred or unresolved; original-table forward
  61.2s P0110 -> L150 R150: centred or unresolved; original-table forward
  61.2s P0110 -> L150 R150: centred or unresolved; original-table forward
  61.2s P0110 -> L150 R150: centred or unresolved; original-table forward
  61.2s P0110 -> L150 R150: centred or unresolved; original-table forward
  61.2s P0110 -> L150 R150: centred or unresolved; original-table forward
  61.3s P0110 -> L150 R150: centred or unresolved; original-table forward
  61.3s P0110 -> L150 R150: centred or unresolved; original-table forward
  61.3s P0110 -> L150 R150: centred or unresolved; original-table forward
  61.3s P0110 -> L150 R150: centred or unresolved; original-table forward
  61.3s P0110 -> L150 R150: centred or unresolved; original-table forward
  61.3s P0110 -> L150 R150: centred or unresolved; original-table forward
  61.3s P0110 -> L150 R150: centred or unresolved; original-table forward
  61.3s P0110 -> L150 R150: centred or unresolved; original-table forward
  61.3s P0110 -> L150 R150: centred or unresolved; original-table forward
  61.3s P0110 -> L150 R150: centred or unresolved; original-table forward
  61.4s P0110 -> L150 R150: centred or unresolved; original-table forward
  61.4s P0110 -> L150 R150: centred or unresolved; original-table forward
  61.4s P0110 -> L150 R150: centred or unresolved; original-table forward
  61.4s P0110 -> L150 R150: centred or unresolved; original-table forward
  61.4s P0110 -> L150 R150: centred or unresolved; original-table forward
  61.4s P0110 -> L150 R150: centred or unresolved; original-table forward
  61.4s P0110 -> L150 R150: centred or unresolved; original-table forward
  61.4s P0110 -> L150 R150: centred or unresolved; original-table forward
  61.4s P0110 -> L150 R150: centred or unresolved; original-table forward
  61.4s P0110 -> L150 R150: centred or unresolved; original-table forward
  61.5s P0110 -> L150 R150: centred or unresolved; original-table forward
  61.5s P0110 -> L150 R150: centred or unresolved; original-table forward
  61.5s P0110 -> L150 R150: centred or unresolved; original-table forward
  61.5s P0110 -> L150 R150: centred or unresolved; original-table forward
  61.5s P0110 -> L150 R150: centred or unresolved; original-table forward
  61.5s P0110 -> L150 R150: centred or unresolved; original-table forward
  61.5s P0110 -> L150 R150: centred or unresolved; original-table forward
  61.5s P0110 -> L150 R150: centred or unresolved; original-table forward
  61.5s P0110 -> L150 R150: centred or unresolved; original-table forward
  61.5s P0110 -> L150 R150: centred or unresolved; original-table forward
  61.6s P0110 -> L150 R150: centred or unresolved; original-table forward
  61.6s P0110 -> L150 R150: centred or unresolved; original-table forward
  61.6s P0110 -> L150 R150: centred or unresolved; original-table forward
  61.6s P0110 -> L150 R150: centred or unresolved; original-table forward
  61.6s P0110 -> L150 R150: centred or unresolved; original-table forward
  61.6s P0110 -> L150 R150: centred or unresolved; original-table forward
  61.6s P0110 -> L150 R150: centred or unresolved; original-table forward
  61.6s P0110 -> L150 R150: centred or unresolved; original-table forward
  61.6s P0110 -> L150 R150: centred or unresolved; original-table forward
  61.6s P0110 -> L150 R150: centred or unresolved; original-table forward
  61.7s P0110 -> L150 R150: centred or unresolved; original-table forward
  61.7s P0110 -> L150 R150: centred or unresolved; original-table forward
  61.7s P0110 -> L150 R150: centred or unresolved; original-table forward
  61.7s P0110 -> L150 R150: centred or unresolved; original-table forward
  61.7s P0110 -> L150 R150: centred or unresolved; original-table forward
  61.7s P0110 -> L150 R150: centred or unresolved; original-table forward
  61.7s P0110 -> L150 R150: centred or unresolved; original-table forward
  61.7s P0110 -> L150 R150: centred or unresolved; original-table forward
  61.7s P0110 -> L150 R150: centred or unresolved; original-table forward
  61.7s P0110 -> L150 R150: centred or unresolved; original-table forward
  61.8s P0110 -> L150 R150: centred or unresolved; original-table forward
  61.8s P0110 -> L150 R150: centred or unresolved; original-table forward
  61.8s P0110 -> L150 R150: centred or unresolved; original-table forward
  61.8s P0110 -> L150 R150: centred or unresolved; original-table forward
  61.8s P0110 -> L150 R150: centred or unresolved; original-table forward
  61.8s P0110 -> L150 R150: centred or unresolved; original-table forward
  61.8s P0110 -> L150 R150: centred or unresolved; original-table forward
  61.8s P0110 -> L150 R150: centred or unresolved; original-table forward
  61.8s P0110 -> L150 R150: centred or unresolved; original-table forward
  61.8s P0110 -> L150 R150: centred or unresolved; original-table forward
  61.9s P0110 -> L150 R150: centred or unresolved; original-table forward
  61.9s P0110 -> L150 R150: centred or unresolved; original-table forward
  61.9s P0110 -> L150 R150: centred or unresolved; original-table forward
  61.9s P0110 -> L150 R150: centred or unresolved; original-table forward
  61.9s P0110 -> L150 R150: centred or unresolved; original-table forward
  61.9s P0110 -> L150 R150: centred or unresolved; original-table forward
  61.9s P0110 -> L150 R150: centred or unresolved; original-table forward
  61.9s P0110 -> L150 R150: centred or unresolved; original-table forward
  61.9s P0110 -> L150 R150: centred or unresolved; original-table forward
  61.9s P0110 -> L150 R150: centred or unresolved; original-table forward
  62.0s P0110 -> L150 R150: centred or unresolved; original-table forward
  62.0s P0110 -> L150 R150: centred or unresolved; original-table forward
  62.0s P0110 -> L150 R150: centred or unresolved; original-table forward
  62.0s P0110 -> L150 R150: centred or unresolved; original-table forward
  62.0s P0110 -> L150 R150: centred or unresolved; original-table forward
  62.0s P0110 -> L150 R150: centred or unresolved; original-table forward
  62.0s P0110 -> L150 R150: centred or unresolved; original-table forward
  62.0s P0110 -> L150 R150: centred or unresolved; original-table forward
  62.0s P0110 -> L150 R150: centred or unresolved; original-table forward
  62.0s P0110 -> L150 R150: centred or unresolved; original-table forward
  62.1s P0110 -> L150 R150: centred or unresolved; original-table forward
  62.1s P0110 -> L150 R150: centred or unresolved; original-table forward
  62.1s P0110 -> L150 R150: centred or unresolved; original-table forward
  62.1s P0110 -> L150 R150: centred or unresolved; original-table forward
  62.1s P0110 -> L150 R150: centred or unresolved; original-table forward
  62.1s P0110 -> L150 R150: centred or unresolved; original-table forward
  62.1s P0110 -> L150 R150: centred or unresolved; original-table forward
  62.1s P0110 -> L150 R150: centred or unresolved; original-table forward
  62.1s P0110 -> L150 R150: centred or unresolved; original-table forward
  62.1s P0110 -> L150 R150: centred or unresolved; original-table forward
  62.2s P0110 -> L150 R150: centred or unresolved; original-table forward
  62.2s P0110 -> L150 R150: centred or unresolved; original-table forward
  62.2s P0110 -> L150 R150: centred or unresolved; original-table forward
  62.2s P0110 -> L150 R150: centred or unresolved; original-table forward
  62.2s P0110 -> L150 R150: centred or unresolved; original-table forward
  62.2s P0110 -> L150 R150: centred or unresolved; original-table forward
  62.2s P0110 -> L150 R150: centred or unresolved; original-table forward
  62.2s P0110 -> L150 R150: centred or unresolved; original-table forward
  62.2s P0110 -> L150 R150: centred or unresolved; original-table forward
  62.2s P0110 -> L150 R150: centred or unresolved; original-table forward
  62.3s P0110 -> L150 R150: centred or unresolved; original-table forward
  62.3s P0110 -> L150 R150: centred or unresolved; original-table forward
  62.3s P0110 -> L150 R150: centred or unresolved; original-table forward
  62.3s P0110 -> L150 R150: centred or unresolved; original-table forward
  62.3s P0110 -> L150 R150: centred or unresolved; original-table forward
  62.3s P0110 -> L150 R150: centred or unresolved; original-table forward
  62.3s P0110 -> L150 R150: centred or unresolved; original-table forward
  62.3s P0110 -> L150 R150: centred or unresolved; original-table forward
  62.3s P0110 -> L150 R150: centred or unresolved; original-table forward
  62.3s P0110 -> L150 R150: centred or unresolved; original-table forward
  62.4s P0110 -> L150 R150: centred or unresolved; original-table forward
  62.4s P0110 -> L150 R150: centred or unresolved; original-table forward
  62.4s P0110 -> L150 R150: centred or unresolved; original-table forward
  62.4s P0110 -> L150 R150: centred or unresolved; original-table forward
  62.4s P0110 -> L150 R150: centred or unresolved; original-table forward
  62.4s P0110 -> L150 R150: centred or unresolved; original-table forward
  62.4s P0110 -> L150 R150: centred or unresolved; original-table forward
  62.4s P0110 -> L150 R150: centred or unresolved; original-table forward
  62.4s P0110 -> L150 R150: centred or unresolved; original-table forward
  62.4s P0110 -> L150 R150: centred or unresolved; original-table forward
  62.5s P0110 -> L150 R150: centred or unresolved; original-table forward
  62.5s P0110 -> L150 R150: centred or unresolved; original-table forward
  62.5s P0110 -> L150 R150: centred or unresolved; original-table forward
  62.5s P0110 -> L150 R150: centred or unresolved; original-table forward
  62.5s P0110 -> L150 R150: centred or unresolved; original-table forward
  62.5s P0110 -> L150 R150: centred or unresolved; original-table forward
  62.5s P0110 -> L150 R150: centred or unresolved; original-table forward
  62.5s P0110 -> L150 R150: centred or unresolved; original-table forward
  62.5s P0110 -> L150 R150: centred or unresolved; original-table forward
  62.5s P0110 -> L150 R150: centred or unresolved; original-table forward
  62.6s P0110 -> L150 R150: centred or unresolved; original-table forward
  62.6s P0110 -> L150 R150: centred or unresolved; original-table forward
  62.6s P0110 -> L150 R150: centred or unresolved; original-table forward
  62.6s P0110 -> L150 R150: centred or unresolved; original-table forward
  62.6s P0110 -> L150 R150: centred or unresolved; original-table forward
  62.6s P0110 -> L150 R150: centred or unresolved; original-table forward
  62.6s P0110 -> L150 R150: centred or unresolved; original-table forward
  62.6s P0110 -> L150 R150: centred or unresolved; original-table forward
  62.6s P0110 -> L150 R150: centred or unresolved; original-table forward
  62.6s P0110 -> L150 R150: centred or unresolved; original-table forward
  62.7s P0110 -> L150 R150: centred or unresolved; original-table forward
  62.7s P0110 -> L150 R150: centred or unresolved; original-table forward
  62.7s P0110 -> L150 R150: centred or unresolved; original-table forward
  62.7s P0110 -> L150 R150: centred or unresolved; original-table forward
  62.7s P0110 -> L150 R150: centred or unresolved; original-table forward
  62.7s P0110 -> L150 R150: centred or unresolved; original-table forward
  62.7s P0110 -> L150 R150: centred or unresolved; original-table forward
  62.7s P0110 -> L150 R150: centred or unresolved; original-table forward
  62.7s P0110 -> L150 R150: centred or unresolved; original-table forward
  62.7s P0110 -> L150 R150: centred or unresolved; original-table forward
  62.8s P0110 -> L150 R150: centred or unresolved; original-table forward
  62.8s P0110 -> L150 R150: centred or unresolved; original-table forward
  62.8s P0110 -> L150 R150: centred or unresolved; original-table forward
  62.8s P0110 -> L150 R150: centred or unresolved; original-table forward
  62.8s P0110 -> L150 R150: centred or unresolved; original-table forward
  62.8s P0110 -> L150 R150: centred or unresolved; original-table forward
  62.8s P0110 -> L150 R150: centred or unresolved; original-table forward
  62.8s P0110 -> L150 R150: centred or unresolved; original-table forward
  62.8s P0110 -> L150 R150: centred or unresolved; original-table forward
  62.9s P0110 -> L150 R150: centred or unresolved; original-table forward
  62.9s P0110 -> L150 R150: centred or unresolved; original-table forward
  62.9s P0110 -> L150 R150: centred or unresolved; original-table forward
  62.9s P0110 -> L150 R150: centred or unresolved; original-table forward
  62.9s P0110 -> L150 R150: centred or unresolved; original-table forward
  62.9s P0110 -> L150 R150: centred or unresolved; original-table forward
  62.9s P0110 -> L150 R150: centred or unresolved; original-table forward
  62.9s P0110 -> L150 R150: centred or unresolved; original-table forward
  62.9s P0110 -> L150 R150: centred or unresolved; original-table forward
  62.9s P0110 -> L150 R150: centred or unresolved; original-table forward
  63.0s P0110 -> L150 R150: centred or unresolved; original-table forward
  63.0s P0110 -> L150 R150: centred or unresolved; original-table forward
  63.0s P0110 -> L150 R150: centred or unresolved; original-table forward
  63.0s P0110 -> L150 R150: centred or unresolved; original-table forward
  63.0s P0110 -> L150 R150: centred or unresolved; original-table forward
  63.0s P0110 -> L150 R150: centred or unresolved; original-table forward
  63.0s P0110 -> L150 R150: centred or unresolved; original-table forward
  63.0s P0110 -> L150 R150: centred or unresolved; original-table forward
  63.0s P0110 -> L150 R150: centred or unresolved; original-table forward
  63.0s P0110 -> L150 R150: centred or unresolved; original-table forward
  63.1s P0110 -> L150 R150: centred or unresolved; original-table forward
  63.1s P0110 -> L150 R150: centred or unresolved; original-table forward
  63.1s P0110 -> L150 R150: centred or unresolved; original-table forward
  63.1s P0110 -> L150 R150: centred or unresolved; original-table forward
  63.1s P0110 -> L150 R150: centred or unresolved; original-table forward
  63.1s P0110 -> L150 R150: centred or unresolved; original-table forward
  63.1s P0110 -> L150 R150: centred or unresolved; original-table forward
  63.1s P0110 -> L150 R150: centred or unresolved; original-table forward
  63.1s P0110 -> L150 R150: centred or unresolved; original-table forward
  63.1s P0110 -> L150 R150: centred or unresolved; original-table forward
  63.2s P0110 -> L150 R150: centred or unresolved; original-table forward
  63.2s P0110 -> L150 R150: centred or unresolved; original-table forward
  63.2s P0110 -> L150 R150: centred or unresolved; original-table forward
  63.2s P0110 -> L150 R150: centred or unresolved; original-table forward
  63.2s P0110 -> L150 R150: centred or unresolved; original-table forward
  63.2s P0110 -> L150 R150: centred or unresolved; original-table forward
  63.2s P0110 -> L150 R150: centred or unresolved; original-table forward
  63.2s P0110 -> L150 R150: centred or unresolved; original-table forward
  63.2s P0110 -> L150 R150: centred or unresolved; original-table forward
  63.2s P0110 -> L150 R150: centred or unresolved; original-table forward
  63.3s P0110 -> L150 R150: centred or unresolved; original-table forward
  63.3s P0110 -> L150 R150: centred or unresolved; original-table forward
  63.3s P0110 -> L150 R150: centred or unresolved; original-table forward
  63.3s P0110 -> L150 R150: centred or unresolved; original-table forward
  63.3s P0110 -> L150 R150: centred or unresolved; original-table forward
  63.3s P0110 -> L150 R150: centred or unresolved; original-table forward
  63.3s P0110 -> L150 R150: centred or unresolved; original-table forward
  63.3s P0110 -> L150 R150: centred or unresolved; original-table forward
  63.3s P0110 -> L150 R150: centred or unresolved; original-table forward
  63.3s P0110 -> L150 R150: centred or unresolved; original-table forward
  63.4s P0110 -> L150 R150: centred or unresolved; original-table forward
  63.4s P0110 -> L150 R150: centred or unresolved; original-table forward
  63.4s P0110 -> L150 R150: centred or unresolved; original-table forward
  63.4s P0110 -> L150 R150: centred or unresolved; original-table forward
  63.4s P0110 -> L150 R150: centred or unresolved; original-table forward
  63.4s P0110 -> L150 R150: centred or unresolved; original-table forward
  63.4s P0110 -> L150 R150: centred or unresolved; original-table forward
  63.4s P0110 -> L150 R150: centred or unresolved; original-table forward
  63.4s P0110 -> L150 R150: centred or unresolved; original-table forward
  63.4s P0110 -> L150 R150: centred or unresolved; original-table forward
  63.5s P0110 -> L150 R150: centred or unresolved; original-table forward
  63.5s P0110 -> L150 R150: centred or unresolved; original-table forward
  63.5s P0110 -> L150 R150: centred or unresolved; original-table forward
  63.5s P0110 -> L150 R150: centred or unresolved; original-table forward
  63.5s P0110 -> L150 R150: centred or unresolved; original-table forward
  63.5s P0110 -> L150 R150: centred or unresolved; original-table forward
  63.5s P0110 -> L150 R150: centred or unresolved; original-table forward
  63.5s P0110 -> L150 R150: centred or unresolved; original-table forward
  63.5s P0110 -> L150 R150: centred or unresolved; original-table forward
  63.5s P0110 -> L150 R150: centred or unresolved; original-table forward
  63.6s P0110 -> L150 R150: centred or unresolved; original-table forward
  63.6s P0110 -> L150 R150: centred or unresolved; original-table forward
  63.6s P0110 -> L150 R150: centred or unresolved; original-table forward
  63.6s P0110 -> L150 R150: centred or unresolved; original-table forward
  63.6s P0110 -> L150 R150: centred or unresolved; original-table forward
  63.6s P0110 -> L150 R150: centred or unresolved; original-table forward
  63.6s P0110 -> L150 R150: centred or unresolved; original-table forward
  63.6s P0110 -> L150 R150: centred or unresolved; original-table forward
  63.6s P0110 -> L150 R150: centred or unresolved; original-table forward
  63.6s P0110 -> L150 R150: centred or unresolved; original-table forward
  63.7s P0110 -> L150 R150: centred or unresolved; original-table forward
  63.7s P0110 -> L150 R150: centred or unresolved; original-table forward
  63.7s P0110 -> L150 R150: centred or unresolved; original-table forward
  63.7s P0110 -> L150 R150: centred or unresolved; original-table forward
  63.7s P0110 -> L150 R150: centred or unresolved; original-table forward
  63.7s P0110 -> L150 R150: centred or unresolved; original-table forward
  63.7s P0110 -> L150 R150: centred or unresolved; original-table forward
  63.7s P0110 -> L150 R150: centred or unresolved; original-table forward
  63.7s P0110 -> L150 R150: centred or unresolved; original-table forward
  63.7s P0110 -> L150 R150: centred or unresolved; original-table forward
  63.8s P0110 -> L150 R150: centred or unresolved; original-table forward
  63.8s P0110 -> L150 R150: centred or unresolved; original-table forward
  63.8s P0110 -> L150 R150: centred or unresolved; original-table forward
  63.8s P0110 -> L150 R150: centred or unresolved; original-table forward
  63.8s P0110 -> L150 R150: centred or unresolved; original-table forward
  63.8s P0110 -> L150 R150: centred or unresolved; original-table forward
  63.8s P0110 -> L150 R150: centred or unresolved; original-table forward
  63.8s P0110 -> L150 R150: centred or unresolved; original-table forward
  63.8s P0110 -> L150 R150: centred or unresolved; original-table forward
  63.8s P0110 -> L150 R150: centred or unresolved; original-table forward
  63.9s P0110 -> L150 R150: centred or unresolved; original-table forward
  63.9s P0110 -> L150 R150: centred or unresolved; original-table forward
  63.9s P0110 -> L150 R150: centred or unresolved; original-table forward
  63.9s P0110 -> L150 R150: centred or unresolved; original-table forward
  63.9s P0110 -> L150 R150: centred or unresolved; original-table forward
  63.9s P0110 -> L150 R150: centred or unresolved; original-table forward
  63.9s P0110 -> L150 R150: centred or unresolved; original-table forward
  63.9s P0110 -> L150 R150: centred or unresolved; original-table forward
  63.9s P0110 -> L150 R150: centred or unresolved; original-table forward
  63.9s P0110 -> L150 R150: centred or unresolved; original-table forward
  64.0s P0110 -> L150 R150: centred or unresolved; original-table forward
  64.0s P0110 -> L150 R150: centred or unresolved; original-table forward
  64.0s P0110 -> L150 R150: centred or unresolved; original-table forward
  64.0s P0110 -> L150 R150: centred or unresolved; original-table forward
  64.0s P0110 -> L150 R150: centred or unresolved; original-table forward
  64.0s P0110 -> L150 R150: centred or unresolved; original-table forward
  64.0s P0110 -> L150 R150: centred or unresolved; original-table forward
  64.0s P0110 -> L150 R150: centred or unresolved; original-table forward
  64.0s P0110 -> L150 R150: centred or unresolved; original-table forward
  64.0s P0110 -> L150 R150: centred or unresolved; original-table forward
  64.1s P0110 -> L150 R150: centred or unresolved; original-table forward
  64.1s P0110 -> L150 R150: centred or unresolved; original-table forward
  64.1s P0110 -> L150 R150: centred or unresolved; original-table forward
  64.1s P0110 -> L150 R150: centred or unresolved; original-table forward
  64.1s P0110 -> L150 R150: centred or unresolved; original-table forward
  64.1s P0110 -> L150 R150: centred or unresolved; original-table forward
  64.1s P0110 -> L150 R150: centred or unresolved; original-table forward
  64.1s P0110 -> L150 R150: centred or unresolved; original-table forward
  64.1s P0110 -> L150 R150: centred or unresolved; original-table forward
  64.1s P0110 -> L150 R150: centred or unresolved; original-table forward
  64.2s P0100 -> L110 R150: drifting left, slight; original-table correction
  64.2s P0100 -> L110 R150: drifting left, slight; original-table correction
  64.2s P0100 -> L110 R150: drifting left, slight; original-table correction
  64.2s P0100 -> L110 R150: drifting left, slight; original-table correction
  64.2s P0100 -> L110 R150: drifting left, slight; original-table correction
  64.2s P0100 -> L110 R150: drifting left, slight; original-table correction
  64.2s P0100 -> L110 R150: drifting left, slight; original-table correction
  64.2s P0100 -> L110 R150: drifting left, slight; original-table correction
  64.2s P0100 -> L110 R150: drifting left, slight; original-table correction
  64.2s P0100 -> L110 R150: drifting left, slight; original-table correction
  64.3s P0100 -> L110 R150: drifting left, slight; original-table correction
  64.3s P0000 -> L60 R150: blind band; original-table correction
  64.3s P0000 -> L60 R150: blind band; original-table correction
  64.3s P1000 -> L-150 R150: far left, outer sensor only; hard left; original-table correction
  64.3s P1000 -> L-150 R150: far left, outer sensor only; hard left; original-table correction
  64.3s P1000 -> L-150 R150: far left, outer sensor only; hard left; original-table correction
  64.3s P1000 -> L-150 R150: far left, outer sensor only; hard left; original-table correction
  64.3s P1000 -> L-150 R150: far left, outer sensor only; hard left; original-table correction
  64.3s P1000 -> L-150 R150: far left, outer sensor only; hard left; original-table correction
  64.3s P1000 -> L-150 R150: far left, outer sensor only; hard left; original-table correction
  64.4s P1000 -> L-150 R150: far left, outer sensor only; hard left; original-table correction
  64.4s P1000 -> L-150 R150: far left, outer sensor only; hard left; original-table correction
  64.4s P1000 -> L-150 R150: far left, outer sensor only; hard left; original-table correction
  64.4s P1000 -> L-150 R150: far left, outer sensor only; hard left; original-table correction
  64.4s P1000 -> L-150 R150: far left, outer sensor only; hard left; original-table correction
  64.4s P1000 -> L-150 R150: far left, outer sensor only; hard left; original-table correction
  64.4s P1000 -> L-150 R150: far left, outer sensor only; hard left; original-table correction
  64.4s P1100 -> L60 R150: left pair, needs >2.8cm of black; original-table junction correction
  64.4s P1100 -> L60 R150: left pair, needs >2.8cm of black; original-table junction correction
  64.4s P1100 -> L60 R150: left pair, needs >2.8cm of black; original-table junction correction
  64.5s P1100 -> L60 R150: left pair, needs >2.8cm of black; original-table junction correction
  64.5s P1100 -> L60 R150: left pair, needs >2.8cm of black; original-table junction correction
  64.5s P1100 -> L60 R150: left pair, needs >2.8cm of black; original-table junction correction
  64.5s P1100 -> L60 R150: left pair, needs >2.8cm of black; original-table junction correction
  64.5s P1100 -> L60 R150: left pair, needs >2.8cm of black; original-table junction correction
  64.5s P1100 -> L60 R150: left pair, needs >2.8cm of black; original-table junction correction
  64.5s P1100 -> L60 R150: left pair, needs >2.8cm of black; original-table junction correction
  64.5s P1100 -> L60 R150: left pair, needs >2.8cm of black; original-table junction correction
  64.5s P1100 -> L60 R150: left pair, needs >2.8cm of black; original-table junction correction
  64.5s P1000 -> L-150 R150: far left, outer sensor only; hard left; original-table correction
  64.6s P1000 -> L-150 R150: far left, outer sensor only; hard left; original-table correction
  64.6s P1000 -> L-150 R150: far left, outer sensor only; hard left; original-table correction
  64.6s P1000 -> L-150 R150: far left, outer sensor only; hard left; original-table correction
  64.6s P1000 -> L-150 R150: far left, outer sensor only; hard left; original-table correction
  64.6s P1000 -> L-150 R150: far left, outer sensor only; hard left; original-table correction
  64.6s P1000 -> L-150 R150: far left, outer sensor only; hard left; original-table correction
  64.6s P1000 -> L-150 R150: far left, outer sensor only; hard left; original-table correction
  64.6s P1100 -> L60 R150: left pair, needs >2.8cm of black; original-table junction correction
  64.6s P1100 -> L60 R150: left pair, needs >2.8cm of black; original-table junction correction
  64.7s P1100 -> L60 R150: left pair, needs >2.8cm of black; original-table junction correction
  64.7s P1100 -> L60 R150: left pair, needs >2.8cm of black; original-table junction correction
  64.7s P1100 -> L60 R150: left pair, needs >2.8cm of black; original-table junction correction
  64.7s P1100 -> L60 R150: left pair, needs >2.8cm of black; original-table junction correction
  64.7s P1100 -> L60 R150: left pair, needs >2.8cm of black; original-table junction correction
  64.7s P1100 -> L60 R150: left pair, needs >2.8cm of black; original-table junction correction
  64.7s P1100 -> L60 R150: left pair, needs >2.8cm of black; original-table junction correction
  64.7s P1000 -> L-150 R150: far left, outer sensor only; hard left; original-table correction
  64.7s P1000 -> L-150 R150: far left, outer sensor only; hard left; original-table correction
  64.7s P1000 -> L-150 R150: far left, outer sensor only; hard left; original-table correction
  64.8s P1000 -> L-150 R150: far left, outer sensor only; hard left; original-table correction
  64.8s P1000 -> L-150 R150: far left, outer sensor only; hard left; original-table correction
  64.8s P1000 -> L-150 R150: far left, outer sensor only; hard left; original-table correction
  64.8s P1000 -> L-150 R150: far left, outer sensor only; hard left; original-table correction
  64.8s P1000 -> L-150 R150: far left, outer sensor only; hard left; original-table correction
  64.8s P1000 -> L-150 R150: far left, outer sensor only; hard left; original-table correction
  64.8s P1000 -> L-150 R150: far left, outer sensor only; hard left; original-table correction
  64.8s P1000 -> L-150 R150: far left, outer sensor only; hard left; original-table correction
  64.8s P1000 -> L-150 R150: far left, outer sensor only; hard left; original-table correction
  64.8s P1000 -> L-150 R150: far left, outer sensor only; hard left; original-table correction
  64.9s P1000 -> L-150 R150: far left, outer sensor only; hard left; original-table correction
  64.9s P1000 -> L-150 R150: far left, outer sensor only; hard left; original-table correction
  64.9s P1000 -> L-150 R150: far left, outer sensor only; hard left; original-table correction
  64.9s P1000 -> L-150 R150: far left, outer sensor only; hard left; original-table correction
  64.9s P1000 -> L-150 R150: far left, outer sensor only; hard left; original-table correction
  64.9s P1000 -> L-150 R150: far left, outer sensor only; hard left; original-table correction
  64.9s P1000 -> L-150 R150: far left, outer sensor only; hard left; original-table correction
  64.9s P1000 -> L-150 R150: far left, outer sensor only; hard left; original-table correction
  64.9s P1000 -> L-150 R150: far left, outer sensor only; hard left; original-table correction
  64.9s P1000 -> L-150 R150: far left, outer sensor only; hard left; original-table correction
  65.0s P1000 -> L-150 R150: far left, outer sensor only; hard left; original-table correction
  65.0s P1100 -> L60 R150: left pair, needs >2.8cm of black; original-table junction correction
  65.0s P1100 -> L60 R150: left pair, needs >2.8cm of black; original-table junction correction
  65.0s P1100 -> L60 R150: left pair, needs >2.8cm of black; original-table junction correction
  65.0s P1100 -> L60 R150: left pair, needs >2.8cm of black; original-table junction correction
  65.0s P1100 -> L60 R150: left pair, needs >2.8cm of black; original-table junction correction
  65.0s P1100 -> L60 R150: left pair, needs >2.8cm of black; original-table junction correction
  65.0s P1100 -> L60 R150: left pair, needs >2.8cm of black; original-table junction correction
  65.0s P1100 -> L60 R150: left pair, needs >2.8cm of black; original-table junction correction
  65.0s P1100 -> L60 R150: left pair, needs >2.8cm of black; original-table junction correction
  65.1s P1100 -> L60 R150: left pair, needs >2.8cm of black; original-table junction correction
  65.1s P1100 -> L60 R150: left pair, needs >2.8cm of black; original-table junction correction
  65.1s P1000 -> L-150 R150: far left, outer sensor only; hard left; original-table correction
  65.1s P1000 -> L-150 R150: far left, outer sensor only; hard left; original-table correction
  65.1s P1000 -> L-150 R150: far left, outer sensor only; hard left; original-table correction
  65.1s P1000 -> L-150 R150: far left, outer sensor only; hard left; original-table correction
  65.1s P1000 -> L-150 R150: far left, outer sensor only; hard left; original-table correction
  65.1s P1000 -> L-150 R150: far left, outer sensor only; hard left; original-table correction
  65.1s P1000 -> L-150 R150: far left, outer sensor only; hard left; original-table correction
  65.1s P1000 -> L-150 R150: far left, outer sensor only; hard left; original-table correction
  65.2s P1000 -> L-150 R150: far left, outer sensor only; hard left; original-table correction
  65.2s P1000 -> L-150 R150: far left, outer sensor only; hard left; original-table correction
  65.2s P1000 -> L-150 R150: far left, outer sensor only; hard left; original-table correction
  65.2s P1000 -> L-150 R150: far left, outer sensor only; hard left; original-table correction
  65.2s P1000 -> L-150 R150: far left, outer sensor only; hard left; original-table correction
  65.2s P1000 -> L-150 R150: far left, outer sensor only; hard left; original-table correction
  65.2s P1000 -> L-150 R150: far left, outer sensor only; hard left; original-table correction
  65.2s P1000 -> L-150 R150: far left, outer sensor only; hard left; original-table correction
  65.2s P1000 -> L-150 R150: far left, outer sensor only; hard left; original-table correction
  65.2s P1000 -> L-150 R150: far left, outer sensor only; hard left; original-table correction
  65.3s P1000 -> L-150 R150: far left, outer sensor only; hard left; original-table correction
  65.3s P1000 -> L-150 R150: far left, outer sensor only; hard left; original-table correction
  65.3s P1000 -> L-150 R150: far left, outer sensor only; hard left; original-table correction
  65.3s P1000 -> L-150 R150: far left, outer sensor only; hard left; original-table correction
  65.3s P1000 -> L-150 R150: far left, outer sensor only; hard left; original-table correction
  65.3s P1000 -> L-150 R150: far left, outer sensor only; hard left; original-table correction
  65.3s P1100 -> L60 R150: left pair, needs >2.8cm of black; original-table junction correction
  65.3s P1100 -> L60 R150: left pair, needs >2.8cm of black; original-table junction correction
  65.3s P1100 -> L60 R150: left pair, needs >2.8cm of black; original-table junction correction
  65.3s P1100 -> L60 R150: left pair, needs >2.8cm of black; original-table junction correction
  65.4s P1100 -> L60 R150: left pair, needs >2.8cm of black; original-table junction correction
  65.4s P1100 -> L60 R150: left pair, needs >2.8cm of black; original-table junction correction
  65.4s P1100 -> L60 R150: left pair, needs >2.8cm of black; original-table junction correction
  65.4s P1100 -> L60 R150: left pair, needs >2.8cm of black; original-table junction correction
  65.4s P1100 -> L60 R150: left pair, needs >2.8cm of black; original-table junction correction
  65.4s P1000 -> L-150 R150: far left, outer sensor only; hard left; original-table correction
  65.4s P1000 -> L-150 R150: far left, outer sensor only; hard left; original-table correction
  65.4s P1000 -> L-150 R150: far left, outer sensor only; hard left; original-table correction
  65.4s P1000 -> L-150 R150: far left, outer sensor only; hard left; original-table correction
  65.4s P1000 -> L-150 R150: far left, outer sensor only; hard left; original-table correction
  65.5s P1000 -> L-150 R150: far left, outer sensor only; hard left; original-table correction
  65.5s P1000 -> L-150 R150: far left, outer sensor only; hard left; original-table correction
  65.5s P1000 -> L-150 R150: far left, outer sensor only; hard left; original-table correction
  65.5s P1000 -> L-150 R150: far left, outer sensor only; hard left; original-table correction
  65.5s P1000 -> L-150 R150: far left, outer sensor only; hard left; original-table correction
  65.5s P1000 -> L-150 R150: far left, outer sensor only; hard left; original-table correction
  65.5s P1100 -> L60 R150: left pair, needs >2.8cm of black; original-table junction correction
  65.5s P1100 -> L60 R150: left pair, needs >2.8cm of black; original-table junction correction
  65.5s P1100 -> L60 R150: left pair, needs >2.8cm of black; original-table junction correction
  65.5s P1100 -> L60 R150: left pair, needs >2.8cm of black; original-table junction correction
  65.6s P1100 -> L60 R150: left pair, needs >2.8cm of black; original-table junction correction
  65.6s P1100 -> L60 R150: left pair, needs >2.8cm of black; original-table junction correction
  65.6s P1100 -> L60 R150: left pair, needs >2.8cm of black; original-table junction correction
  65.6s P1100 -> L60 R150: left pair, needs >2.8cm of black; original-table junction correction
  65.6s P1100 -> L60 R150: left pair, needs >2.8cm of black; original-table junction correction
  65.6s P1000 -> L-150 R150: far left, outer sensor only; hard left; original-table correction
  65.6s P1000 -> L-150 R150: far left, outer sensor only; hard left; original-table correction
  65.6s P1000 -> L-150 R150: far left, outer sensor only; hard left; original-table correction
  65.6s P1000 -> L-150 R150: far left, outer sensor only; hard left; original-table correction
  65.6s P1000 -> L-150 R150: far left, outer sensor only; hard left; original-table correction
  65.7s P1000 -> L-150 R150: far left, outer sensor only; hard left; original-table correction
  65.7s P1000 -> L-150 R150: far left, outer sensor only; hard left; original-table correction
  65.7s P1000 -> L-150 R150: far left, outer sensor only; hard left; original-table correction
  65.7s P1000 -> L-150 R150: far left, outer sensor only; hard left; original-table correction
  65.7s P1000 -> L-150 R150: far left, outer sensor only; hard left; original-table correction
  65.7s P1000 -> L-150 R150: far left, outer sensor only; hard left; original-table correction
  65.7s P1000 -> L-150 R150: far left, outer sensor only; hard left; original-table correction
  65.7s P1000 -> L-150 R150: far left, outer sensor only; hard left; original-table correction
  65.7s P1000 -> L-150 R150: far left, outer sensor only; hard left; original-table correction
  65.7s P1000 -> L-150 R150: far left, outer sensor only; hard left; original-table correction
  65.8s P1000 -> L-150 R150: far left, outer sensor only; hard left; original-table correction
  65.8s P1000 -> L-150 R150: far left, outer sensor only; hard left; original-table correction
  65.8s P1000 -> L-150 R150: far left, outer sensor only; hard left; original-table correction
  65.8s P1000 -> L-150 R150: far left, outer sensor only; hard left; original-table correction
  65.8s P1100 -> L60 R150: left pair, needs >2.8cm of black; original-table junction correction
  65.8s P1100 -> L60 R150: left pair, needs >2.8cm of black; original-table junction correction
  65.8s P1100 -> L60 R150: left pair, needs >2.8cm of black; original-table junction correction
  65.8s P1100 -> L60 R150: left pair, needs >2.8cm of black; original-table junction correction
  65.8s P1100 -> L60 R150: left pair, needs >2.8cm of black; original-table junction correction
  65.8s P1000 -> L-150 R150: far left, outer sensor only; hard left; original-table correction
  65.9s P1000 -> L-150 R150: far left, outer sensor only; hard left; original-table correction
  65.9s P1000 -> L-150 R150: far left, outer sensor only; hard left; original-table correction
  65.9s P1000 -> L-150 R150: far left, outer sensor only; hard left; original-table correction
  65.9s P1000 -> L-150 R150: far left, outer sensor only; hard left; original-table correction
  65.9s P1000 -> L-150 R150: far left, outer sensor only; hard left; original-table correction
  65.9s P1000 -> L-150 R150: far left, outer sensor only; hard left; original-table correction
  65.9s P1000 -> L-150 R150: far left, outer sensor only; hard left; original-table correction
  65.9s P1000 -> L-150 R150: far left, outer sensor only; hard left; original-table correction
  65.9s P1000 -> L-150 R150: far left, outer sensor only; hard left; original-table correction
  65.9s P1000 -> L-150 R150: far left, outer sensor only; hard left; original-table correction
  66.0s P1000 -> L-150 R150: far left, outer sensor only; hard left; original-table correction
  66.0s P1000 -> L-150 R150: far left, outer sensor only; hard left; original-table correction
  66.0s P1000 -> L-150 R150: far left, outer sensor only; hard left; original-table correction
  66.0s P1000 -> L-150 R150: far left, outer sensor only; hard left; original-table correction
  66.0s P1100 -> L60 R150: left pair, needs >2.8cm of black; original-table junction correction
  66.0s P1100 -> L60 R150: left pair, needs >2.8cm of black; original-table junction correction
  66.0s P1100 -> L60 R150: left pair, needs >2.8cm of black; original-table junction correction
  66.0s P1100 -> L60 R150: left pair, needs >2.8cm of black; original-table junction correction
  66.0s P1100 -> L60 R150: left pair, needs >2.8cm of black; original-table junction correction
  66.0s P1100 -> L60 R150: left pair, needs >2.8cm of black; original-table junction correction
  66.1s P1100 -> L60 R150: left pair, needs >2.8cm of black; original-table junction correction
  66.1s P1100 -> L60 R150: left pair, needs >2.8cm of black; original-table junction correction
  66.1s P1100 -> L60 R150: left pair, needs >2.8cm of black; original-table junction correction
  66.1s P1100 -> L60 R150: left pair, needs >2.8cm of black; original-table junction correction
  66.1s P1100 -> L60 R150: left pair, needs >2.8cm of black; original-table junction correction
  66.1s P1100 -> L60 R150: left pair, needs >2.8cm of black; original-table junction correction
  66.1s P1100 -> L60 R150: left pair, needs >2.8cm of black; original-table junction correction
  66.1s P1100 -> L60 R150: left pair, needs >2.8cm of black; original-table junction correction
  66.1s P1100 -> L60 R150: left pair, needs >2.8cm of black; original-table junction correction
  66.1s P1100 -> L60 R150: left pair, needs >2.8cm of black; original-table junction correction
  66.2s P1100 -> L60 R150: left pair, needs >2.8cm of black; original-table junction correction
  66.2s P1100 -> L60 R150: left pair, needs >2.8cm of black; original-table junction correction
  66.2s P1100 -> L60 R150: left pair, needs >2.8cm of black; original-table junction correction
  66.2s P1100 -> L60 R150: left pair, needs >2.8cm of black; original-table junction correction
  66.2s P1100 -> L60 R150: left pair, needs >2.8cm of black; original-table junction correction
  66.2s P1100 -> L60 R150: left pair, needs >2.8cm of black; original-table junction correction
  66.2s P1100 -> L60 R150: left pair, needs >2.8cm of black; original-table junction correction
  66.2s P1100 -> L60 R150: left pair, needs >2.8cm of black; original-table junction correction
  66.2s P1100 -> L60 R150: left pair, needs >2.8cm of black; original-table junction correction
  66.2s P1100 -> L60 R150: left pair, needs >2.8cm of black; original-table junction correction
  66.3s P1000 -> L-150 R150: far left, outer sensor only; hard left; original-table correction
  66.3s P1000 -> L-150 R150: far left, outer sensor only; hard left; original-table correction
  66.3s P1000 -> L-150 R150: far left, outer sensor only; hard left; original-table correction
  66.3s P1000 -> L-150 R150: far left, outer sensor only; hard left; original-table correction
  66.3s P1000 -> L-150 R150: far left, outer sensor only; hard left; original-table correction
  66.3s P1100 -> L60 R150: left pair, needs >2.8cm of black; original-table junction correction
  66.3s P1100 -> L60 R150: left pair, needs >2.8cm of black; original-table junction correction
  66.3s P1100 -> L60 R150: left pair, needs >2.8cm of black; original-table junction correction
  66.3s P1100 -> L60 R150: left pair, needs >2.8cm of black; original-table junction correction
  66.3s P1100 -> L60 R150: left pair, needs >2.8cm of black; original-table junction correction
  66.4s P1100 -> L60 R150: left pair, needs >2.8cm of black; original-table junction correction
  66.4s P1100 -> L60 R150: left pair, needs >2.8cm of black; original-table junction correction
  66.4s P1100 -> L60 R150: left pair, needs >2.8cm of black; original-table junction correction
  66.4s P1100 -> L60 R150: left pair, needs >2.8cm of black; original-table junction correction
  66.4s P1100 -> L60 R150: left pair, needs >2.8cm of black; original-table junction correction
  66.4s P1100 -> L60 R150: left pair, needs >2.8cm of black; original-table junction correction
  66.4s P1100 -> L60 R150: left pair, needs >2.8cm of black; original-table junction correction
  66.4s P1100 -> L60 R150: left pair, needs >2.8cm of black; original-table junction correction
  66.4s P1100 -> L60 R150: left pair, needs >2.8cm of black; original-table junction correction
  66.5s P1100 -> L60 R150: left pair, needs >2.8cm of black; original-table junction correction
  66.5s P1100 -> L60 R150: left pair, needs >2.8cm of black; original-table junction correction
  66.5s P1100 -> L60 R150: left pair, needs >2.8cm of black; original-table junction correction
  66.5s P1100 -> L60 R150: left pair, needs >2.8cm of black; original-table junction correction
  66.5s P1100 -> L60 R150: left pair, needs >2.8cm of black; original-table junction correction
  66.5s P1100 -> L60 R150: left pair, needs >2.8cm of black; original-table junction correction
  66.5s P1100 -> L60 R150: left pair, needs >2.8cm of black; original-table junction correction
  66.5s P1100 -> L60 R150: left pair, needs >2.8cm of black; original-table junction correction
  66.5s P1100 -> L60 R150: left pair, needs >2.8cm of black; original-table junction correction
  66.5s P1100 -> L60 R150: left pair, needs >2.8cm of black; original-table junction correction
  66.6s P1100 -> L60 R150: left pair, needs >2.8cm of black; original-table junction correction
  66.6s P1100 -> L60 R150: left pair, needs >2.8cm of black; original-table junction correction
  66.6s P1100 -> L60 R150: left pair, needs >2.8cm of black; original-table junction correction
  66.6s P1100 -> L60 R150: left pair, needs >2.8cm of black; original-table junction correction
  66.6s P1100 -> L60 R150: left pair, needs >2.8cm of black; original-table junction correction
  66.6s P1100 -> L60 R150: left pair, needs >2.8cm of black; original-table junction correction
  66.6s P1100 -> L60 R150: left pair, needs >2.8cm of black; original-table junction correction
  66.6s P1100 -> L60 R150: left pair, needs >2.8cm of black; original-table junction correction
  66.6s P1100 -> L60 R150: left pair, needs >2.8cm of black; original-table junction correction
  66.6s P1100 -> L60 R150: left pair, needs >2.8cm of black; original-table junction correction
  66.7s P1100 -> L60 R150: left pair, needs >2.8cm of black; original-table junction correction
  66.7s P0100 -> L110 R150: drifting left, slight; original-table correction
  66.7s P0100 -> L110 R150: drifting left, slight; original-table correction
  66.7s P0100 -> L110 R150: drifting left, slight; original-table correction
  66.7s P0100 -> L110 R150: drifting left, slight; original-table correction
  66.7s P0100 -> L110 R150: drifting left, slight; original-table correction
  66.7s P0100 -> L110 R150: drifting left, slight; original-table correction
  66.7s P0100 -> L110 R150: drifting left, slight; original-table correction
  66.7s P0100 -> L110 R150: drifting left, slight; original-table correction
  66.7s P0100 -> L110 R150: drifting left, slight; original-table correction
  66.8s P0100 -> L110 R150: drifting left, slight; original-table correction
  66.8s P0100 -> L110 R150: drifting left, slight; original-table correction
  66.8s P0100 -> L110 R150: drifting left, slight; original-table correction
  66.8s P0100 -> L110 R150: drifting left, slight; original-table correction
  66.8s P0100 -> L110 R150: drifting left, slight; original-table correction
  66.8s P0100 -> L110 R150: drifting left, slight; original-table correction
  66.8s P0100 -> L110 R150: drifting left, slight; original-table correction
  66.8s P0100 -> L110 R150: drifting left, slight; original-table correction
  66.8s P0100 -> L110 R150: drifting left, slight; original-table correction
  66.8s P0100 -> L110 R150: drifting left, slight; original-table correction
  66.9s P0100 -> L110 R150: drifting left, slight; original-table correction
  66.9s P0100 -> L110 R150: drifting left, slight; original-table correction
  66.9s P0100 -> L110 R150: drifting left, slight; original-table correction
  66.9s P0100 -> L110 R150: drifting left, slight; original-table correction
  66.9s P0100 -> L110 R150: drifting left, slight; original-table correction
  66.9s P0100 -> L110 R150: drifting left, slight; original-table correction
  66.9s P0100 -> L110 R150: drifting left, slight; original-table correction
  66.9s P0100 -> L110 R150: drifting left, slight; original-table correction
  66.9s P0100 -> L110 R150: drifting left, slight; original-table correction
  66.9s P0100 -> L110 R150: drifting left, slight; original-table correction
  67.0s P0100 -> L110 R150: drifting left, slight; original-table correction
  67.0s P0100 -> L110 R150: drifting left, slight; original-table correction
  67.0s P0100 -> L110 R150: drifting left, slight; original-table correction
  67.0s P0100 -> L110 R150: drifting left, slight; original-table correction
  67.0s P0100 -> L110 R150: drifting left, slight; original-table correction
  67.0s P0100 -> L110 R150: drifting left, slight; original-table correction
  67.0s P1100 -> L60 R150: left pair, needs >2.8cm of black; original-table junction correction
  67.0s P1100 -> L60 R150: left pair, needs >2.8cm of black; original-table junction correction
  67.0s P1100 -> L60 R150: left pair, needs >2.8cm of black; original-table junction correction
  67.0s P1100 -> L60 R150: left pair, needs >2.8cm of black; original-table junction correction
  67.1s P1100 -> L60 R150: left pair, needs >2.8cm of black; original-table junction correction
  67.1s P1100 -> L60 R150: left pair, needs >2.8cm of black; original-table junction correction
  67.1s P1100 -> L60 R150: left pair, needs >2.8cm of black; original-table junction correction
  67.1s P1100 -> L60 R150: left pair, needs >2.8cm of black; original-table junction correction
  67.1s P1100 -> L60 R150: left pair, needs >2.8cm of black; original-table junction correction
  67.1s P1100 -> L60 R150: left pair, needs >2.8cm of black; original-table junction correction
  67.1s P1100 -> L60 R150: left pair, needs >2.8cm of black; original-table junction correction
  67.1s P1100 -> L60 R150: left pair, needs >2.8cm of black; original-table junction correction
  67.1s P1100 -> L60 R150: left pair, needs >2.8cm of black; original-table junction correction
  67.1s P1100 -> L60 R150: left pair, needs >2.8cm of black; original-table junction correction
  67.2s P1100 -> L60 R150: left pair, needs >2.8cm of black; original-table junction correction
  67.2s P1110 -> L60 R150: branch or curve on the left; original-table junction correction
  67.2s P1110 -> L60 R150: branch or curve on the left; original-table junction correction
  67.2s P1110 -> L60 R150: branch or curve on the left; original-table junction correction
  67.2s P1110 -> L60 R150: branch or curve on the left; original-table junction correction
  67.2s P1110 -> L60 R150: branch or curve on the left; original-table junction correction
  67.2s P1110 -> L60 R150: branch or curve on the left; original-table junction correction
  67.2s P1110 -> L60 R150: branch or curve on the left; original-table junction correction
  67.2s P1110 -> L60 R150: branch or curve on the left; original-table junction correction
  67.2s P1110 -> L60 R150: branch or curve on the left; original-table junction correction
  67.3s P1110 -> L60 R150: branch or curve on the left; original-table junction correction
  67.3s P1110 -> L60 R150: branch or curve on the left; original-table junction correction
  67.3s P1110 -> L60 R150: branch or curve on the left; original-table junction correction
  67.3s P1110 -> L60 R150: branch or curve on the left; original-table junction correction
  67.3s P1110 -> L60 R150: branch or curve on the left; original-table junction correction
  67.3s P1110 -> L60 R150: branch or curve on the left; original-table junction correction
  67.3s P1110 -> L60 R150: branch or curve on the left; original-table junction correction
  67.3s P1110 -> L60 R150: branch or curve on the left; original-table junction correction
  67.3s P1110 -> L60 R150: branch or curve on the left; original-table junction correction
  67.3s P1110 -> L60 R150: branch or curve on the left; original-table junction correction
  67.4s P1110 -> L60 R150: branch or curve on the left; original-table junction correction
  67.4s P1110 -> L60 R150: branch or curve on the left; original-table junction correction
  67.4s P1110 -> L60 R150: branch or curve on the left; original-table junction correction
  67.4s P1110 -> L60 R150: branch or curve on the left; original-table junction correction
  67.4s P1110 -> L60 R150: branch or curve on the left; original-table junction correction
  67.4s P1111 -> L150 R150: centred or unresolved; original-table forward
  67.4s P1111 -> L150 R150: centred or unresolved; original-table forward
  67.4s P1111 -> L150 R150: centred or unresolved; original-table forward
  67.4s P1111 -> L150 R150: centred or unresolved; original-table forward
  67.4s P1111 -> L150 R150: centred or unresolved; original-table forward
  67.5s P1111 -> L150 R150: centred or unresolved; original-table forward
  67.5s P0111 -> L150 R60: branch or curve on the right; original-table junction correction
  67.5s P0111 -> L150 R60: branch or curve on the right; original-table junction correction
  67.5s P0111 -> L150 R60: branch or curve on the right; original-table junction correction
  67.5s P0111 -> L150 R60: branch or curve on the right; original-table junction correction
  67.5s P0111 -> L150 R60: branch or curve on the right; original-table junction correction
  67.5s P0111 -> L150 R60: branch or curve on the right; original-table junction correction
  67.5s P0111 -> L150 R60: branch or curve on the right; original-table junction correction
  67.5s P0111 -> L150 R60: branch or curve on the right; original-table junction correction
  67.5s P0111 -> L150 R60: branch or curve on the right; original-table junction correction
  67.6s P0111 -> L150 R60: branch or curve on the right; original-table junction correction
  67.6s P0111 -> L150 R60: branch or curve on the right; original-table junction correction
  67.6s P0111 -> L150 R60: branch or curve on the right; original-table junction correction
  67.6s P0111 -> L150 R60: branch or curve on the right; original-table junction correction
  67.6s P0111 -> L150 R60: branch or curve on the right; original-table junction correction
  67.6s P0111 -> L150 R60: branch or curve on the right; original-table junction correction
  67.6s P0111 -> L150 R60: branch or curve on the right; original-table junction correction
  67.6s P0011 -> L150 R60: right pair, needs >2.8cm of black; original-table junction correction
  67.6s P0001 -> L150 R20: far right, outer sensor only; original-table correction
  67.6s P0001 -> L150 R20: far right, outer sensor only; original-table correction
  67.7s P0001 -> L150 R20: far right, outer sensor only; original-table correction
  67.7s P0001 -> L150 R20: far right, outer sensor only; original-table correction
  67.7s P0001 -> L150 R20: far right, outer sensor only; original-table correction
  67.7s P0001 -> L150 R20: far right, outer sensor only; original-table correction
  67.7s P0001 -> L150 R20: far right, outer sensor only; original-table correction
  67.7s P0001 -> L150 R20: far right, outer sensor only; original-table correction
  67.7s P0001 -> L150 R20: far right, outer sensor only; original-table correction
  67.7s P0001 -> L150 R20: far right, outer sensor only; original-table correction
  67.7s P0001 -> L150 R20: far right, outer sensor only; original-table correction
  67.7s P0001 -> L150 R20: far right, outer sensor only; original-table correction
  67.8s P0001 -> L150 R20: far right, outer sensor only; original-table correction
  67.8s P0001 -> L150 R20: far right, outer sensor only; original-table correction
  67.8s P0001 -> L150 R20: far right, outer sensor only; original-table correction
  67.8s P0001 -> L150 R20: far right, outer sensor only; original-table correction
  67.8s P0001 -> L150 R20: far right, outer sensor only; original-table correction
  67.8s P0001 -> L150 R20: far right, outer sensor only; original-table correction
  67.8s P0001 -> L150 R20: far right, outer sensor only; original-table correction
  67.8s P0001 -> L150 R20: far right, outer sensor only; original-table correction
  67.8s P0001 -> L150 R20: far right, outer sensor only; original-table correction
  67.8s P0001 -> L150 R20: far right, outer sensor only; original-table correction
  67.9s P0001 -> L150 R20: far right, outer sensor only; original-table correction
  67.9s P0001 -> L150 R20: far right, outer sensor only; original-table correction
  67.9s P0001 -> L150 R20: far right, outer sensor only; original-table correction
  67.9s P0001 -> L150 R20: far right, outer sensor only; original-table correction
  67.9s P0001 -> L150 R20: far right, outer sensor only; original-table correction
  67.9s P0001 -> L150 R20: far right, outer sensor only; original-table correction
  67.9s P0001 -> L150 R20: far right, outer sensor only; original-table correction
  67.9s P0001 -> L150 R20: far right, outer sensor only; original-table correction
  67.9s P0001 -> L150 R20: far right, outer sensor only; original-table correction
  67.9s P0001 -> L150 R20: far right, outer sensor only; original-table correction
  68.0s P0001 -> L150 R20: far right, outer sensor only; original-table correction
  68.0s P0001 -> L150 R20: far right, outer sensor only; original-table correction
  68.0s P0001 -> L150 R20: far right, outer sensor only; original-table correction
  68.0s P0001 -> L150 R20: far right, outer sensor only; original-table correction
  68.0s P0001 -> L150 R20: far right, outer sensor only; original-table correction
  68.0s P0001 -> L150 R20: far right, outer sensor only; original-table correction
  68.0s P0001 -> L150 R20: far right, outer sensor only; original-table correction
  68.0s P0001 -> L150 R20: far right, outer sensor only; original-table correction
  68.0s P0001 -> L150 R20: far right, outer sensor only; original-table correction
  68.0s P0001 -> L150 R20: far right, outer sensor only; original-table correction
  68.1s P0001 -> L150 R20: far right, outer sensor only; original-table correction
  68.1s P0001 -> L150 R20: far right, outer sensor only; original-table correction
  68.1s P0001 -> L150 R20: far right, outer sensor only; original-table correction
  68.1s P0001 -> L150 R20: far right, outer sensor only; original-table correction
  68.1s P0001 -> L150 R20: far right, outer sensor only; original-table correction
  68.1s P0001 -> L150 R20: far right, outer sensor only; original-table correction
  68.1s P0001 -> L150 R20: far right, outer sensor only; original-table correction
  68.1s P0001 -> L150 R20: far right, outer sensor only; original-table correction
  68.1s P0001 -> L150 R20: far right, outer sensor only; original-table correction
  68.2s P0001 -> L150 R20: far right, outer sensor only; original-table correction
  68.2s P0001 -> L150 R20: far right, outer sensor only; original-table correction
  68.2s P0001 -> L150 R20: far right, outer sensor only; original-table correction
  68.2s P0001 -> L150 R20: far right, outer sensor only; original-table correction
  68.2s P0001 -> L150 R20: far right, outer sensor only; original-table correction
  68.2s P0001 -> L150 R20: far right, outer sensor only; original-table correction
  68.2s P0001 -> L150 R20: far right, outer sensor only; original-table correction
  68.2s P0001 -> L150 R20: far right, outer sensor only; original-table correction
  68.2s P0001 -> L150 R20: far right, outer sensor only; original-table correction
  68.2s P0001 -> L150 R20: far right, outer sensor only; original-table correction
  68.3s P0001 -> L150 R20: far right, outer sensor only; original-table correction
  68.3s P0001 -> L150 R20: far right, outer sensor only; original-table correction
  68.3s P0001 -> L150 R20: far right, outer sensor only; original-table correction
  68.3s P0001 -> L150 R20: far right, outer sensor only; original-table correction
  68.3s P0001 -> L150 R20: far right, outer sensor only; original-table correction
  68.3s P0001 -> L150 R20: far right, outer sensor only; original-table correction
  68.3s P0001 -> L150 R20: far right, outer sensor only; original-table correction
  68.3s P0001 -> L150 R20: far right, outer sensor only; original-table correction
  68.3s P0001 -> L150 R20: far right, outer sensor only; original-table correction
  68.3s P0001 -> L150 R20: far right, outer sensor only; original-table correction
  68.4s P0001 -> L150 R20: far right, outer sensor only; original-table correction
  68.4s P0001 -> L150 R20: far right, outer sensor only; original-table correction
  68.4s P0001 -> L150 R20: far right, outer sensor only; original-table correction
  68.4s P0001 -> L150 R20: far right, outer sensor only; original-table correction
  68.4s P0001 -> L150 R20: far right, outer sensor only; original-table correction
  68.4s P0001 -> L150 R20: far right, outer sensor only; original-table correction
  68.4s P0001 -> L150 R20: far right, outer sensor only; original-table correction
  68.4s P0001 -> L150 R20: far right, outer sensor only; original-table correction
  68.4s P0001 -> L150 R20: far right, outer sensor only; original-table correction
  68.4s P0001 -> L150 R20: far right, outer sensor only; original-table correction
  68.5s P0001 -> L150 R20: far right, outer sensor only; original-table correction
  68.5s P0001 -> L150 R20: far right, outer sensor only; original-table correction
  68.5s P0001 -> L150 R20: far right, outer sensor only; original-table correction
  68.5s P0001 -> L150 R20: far right, outer sensor only; original-table correction
  68.5s P0001 -> L150 R20: far right, outer sensor only; original-table correction
  68.5s P0001 -> L150 R20: far right, outer sensor only; original-table correction
  68.5s P0001 -> L150 R20: far right, outer sensor only; original-table correction
  68.5s P0001 -> L150 R20: far right, outer sensor only; original-table correction
  68.5s P0001 -> L150 R20: far right, outer sensor only; original-table correction
  68.5s P0001 -> L150 R20: far right, outer sensor only; original-table correction
  68.6s P0001 -> L150 R20: far right, outer sensor only; original-table correction
  68.6s P0001 -> L150 R20: far right, outer sensor only; original-table correction
  68.6s P0001 -> L150 R20: far right, outer sensor only; original-table correction
  68.6s P0001 -> L150 R20: far right, outer sensor only; original-table correction
  68.6s P0001 -> L150 R20: far right, outer sensor only; original-table correction
  68.6s P0001 -> L150 R20: far right, outer sensor only; original-table correction
  68.6s P0001 -> L150 R20: far right, outer sensor only; original-table correction
  68.6s P0001 -> L150 R20: far right, outer sensor only; original-table correction
  68.6s P0001 -> L150 R20: far right, outer sensor only; original-table correction
  68.6s P0001 -> L150 R20: far right, outer sensor only; original-table correction
  68.7s P0001 -> L150 R20: far right, outer sensor only; original-table correction
  68.7s P0001 -> L150 R20: far right, outer sensor only; original-table correction
  68.7s P0001 -> L150 R20: far right, outer sensor only; original-table correction
  68.7s P0001 -> L150 R20: far right, outer sensor only; original-table correction
  68.7s P0001 -> L150 R20: far right, outer sensor only; original-table correction
  68.7s P0001 -> L150 R20: far right, outer sensor only; original-table correction
  68.7s P0001 -> L150 R20: far right, outer sensor only; original-table correction
  68.7s P0001 -> L150 R20: far right, outer sensor only; original-table correction
  68.7s P0001 -> L150 R20: far right, outer sensor only; original-table correction
  68.7s P0001 -> L150 R20: far right, outer sensor only; original-table correction
  68.8s P0001 -> L150 R20: far right, outer sensor only; original-table correction
  68.8s P0001 -> L150 R20: far right, outer sensor only; original-table correction
  68.8s P0001 -> L150 R20: far right, outer sensor only; original-table correction
  68.8s P0001 -> L150 R20: far right, outer sensor only; original-table correction
  68.8s P0001 -> L150 R20: far right, outer sensor only; original-table correction
  68.8s P0001 -> L150 R20: far right, outer sensor only; original-table correction
  68.8s P0001 -> L150 R20: far right, outer sensor only; original-table correction
  68.8s P0001 -> L150 R20: far right, outer sensor only; original-table correction
  68.8s P0001 -> L150 R20: far right, outer sensor only; original-table correction
  68.8s P0001 -> L150 R20: far right, outer sensor only; original-table correction
  68.9s P0001 -> L150 R20: far right, outer sensor only; original-table correction
  68.9s P0001 -> L150 R20: far right, outer sensor only; original-table correction
  68.9s P0001 -> L150 R20: far right, outer sensor only; original-table correction
  68.9s P0001 -> L150 R20: far right, outer sensor only; original-table correction
  68.9s P0001 -> L150 R20: far right, outer sensor only; original-table correction
  68.9s P0001 -> L150 R20: far right, outer sensor only; original-table correction
  68.9s P0001 -> L150 R20: far right, outer sensor only; original-table correction
  68.9s P0001 -> L150 R20: far right, outer sensor only; original-table correction
  68.9s P0001 -> L150 R20: far right, outer sensor only; original-table correction
  68.9s P0001 -> L150 R20: far right, outer sensor only; original-table correction
  69.0s P0001 -> L150 R20: far right, outer sensor only; original-table correction
  69.0s P0001 -> L150 R20: far right, outer sensor only; original-table correction
  69.0s P0001 -> L150 R20: far right, outer sensor only; original-table correction
  69.0s P0001 -> L150 R20: far right, outer sensor only; original-table correction
  69.0s P0001 -> L150 R20: far right, outer sensor only; original-table correction
  69.0s P0001 -> L150 R20: far right, outer sensor only; original-table correction
  69.0s P0001 -> L150 R20: far right, outer sensor only; original-table correction
  69.0s P0001 -> L150 R20: far right, outer sensor only; original-table correction
  69.0s P0001 -> L150 R20: far right, outer sensor only; original-table correction
  69.0s P0001 -> L150 R20: far right, outer sensor only; original-table correction
  69.1s P0001 -> L150 R20: far right, outer sensor only; original-table correction
  69.1s P0001 -> L150 R20: far right, outer sensor only; original-table correction
  69.1s P0001 -> L150 R20: far right, outer sensor only; original-table correction
  69.1s P0001 -> L150 R20: far right, outer sensor only; original-table correction
  69.1s P0001 -> L150 R20: far right, outer sensor only; original-table correction
  69.1s P0001 -> L150 R20: far right, outer sensor only; original-table correction
  69.1s P0001 -> L150 R20: far right, outer sensor only; original-table correction
  69.1s P0001 -> L150 R20: far right, outer sensor only; original-table correction
  69.1s P0001 -> L150 R20: far right, outer sensor only; original-table correction
  69.1s P0001 -> L150 R20: far right, outer sensor only; original-table correction
  69.2s P0001 -> L150 R20: far right, outer sensor only; original-table correction
  69.2s P0001 -> L150 R20: far right, outer sensor only; original-table correction
  69.2s P0001 -> L150 R20: far right, outer sensor only; original-table correction
  69.2s P0001 -> L150 R20: far right, outer sensor only; original-table correction
  69.2s P0001 -> L150 R20: far right, outer sensor only; original-table correction
  69.2s P0001 -> L150 R20: far right, outer sensor only; original-table correction
  69.2s P0001 -> L150 R20: far right, outer sensor only; original-table correction
  69.2s P0001 -> L150 R20: far right, outer sensor only; original-table correction
  69.2s P0001 -> L150 R20: far right, outer sensor only; original-table correction
  69.2s P0001 -> L150 R20: far right, outer sensor only; original-table correction
  69.3s P0001 -> L150 R20: far right, outer sensor only; original-table correction
  69.3s P0001 -> L150 R20: far right, outer sensor only; original-table correction
  69.3s P0001 -> L150 R20: far right, outer sensor only; original-table correction
  69.3s P0001 -> L150 R20: far right, outer sensor only; original-table correction
  69.3s P0001 -> L150 R20: far right, outer sensor only; original-table correction
  69.3s P0001 -> L150 R20: far right, outer sensor only; original-table correction
  69.3s P0001 -> L150 R20: far right, outer sensor only; original-table correction
  69.3s P0001 -> L150 R20: far right, outer sensor only; original-table correction
  69.3s P0001 -> L150 R20: far right, outer sensor only; original-table correction
  69.3s P0001 -> L150 R20: far right, outer sensor only; original-table correction
  69.4s P0001 -> L150 R20: far right, outer sensor only; original-table correction
  69.4s P0001 -> L150 R20: far right, outer sensor only; original-table correction
  69.4s P0001 -> L150 R20: far right, outer sensor only; original-table correction
  69.4s P0001 -> L150 R20: far right, outer sensor only; original-table correction
  69.4s P0001 -> L150 R20: far right, outer sensor only; original-table correction
  69.4s P0001 -> L150 R20: far right, outer sensor only; original-table correction
  69.4s P0001 -> L150 R20: far right, outer sensor only; original-table correction
  69.4s P0001 -> L150 R20: far right, outer sensor only; original-table correction
  69.4s P0001 -> L150 R20: far right, outer sensor only; original-table correction
  69.4s P0001 -> L150 R20: far right, outer sensor only; original-table correction
  69.5s P0001 -> L150 R20: far right, outer sensor only; original-table correction
  69.5s P0001 -> L150 R20: far right, outer sensor only; original-table correction
  69.5s P0011 -> L150 R60: right pair, needs >2.8cm of black; original-table junction correction
  69.5s P0011 -> L150 R60: right pair, needs >2.8cm of black; original-table junction correction
  69.5s P0011 -> L150 R60: right pair, needs >2.8cm of black; original-table junction correction
  69.5s P0011 -> L150 R60: right pair, needs >2.8cm of black; original-table junction correction
  69.5s P0011 -> L150 R60: right pair, needs >2.8cm of black; original-table junction correction
  69.5s P0011 -> L150 R60: right pair, needs >2.8cm of black; original-table junction correction
  69.5s P0011 -> L150 R60: right pair, needs >2.8cm of black; original-table junction correction
  69.5s P0010 -> L150 R110: drifting right, slight; original-table correction
  69.6s P0010 -> L150 R110: drifting right, slight; original-table correction
  69.6s P0010 -> L150 R110: drifting right, slight; original-table correction
  69.6s P0010 -> L150 R110: drifting right, slight; original-table correction
  69.6s P0010 -> L150 R110: drifting right, slight; original-table correction
  69.6s P0010 -> L150 R110: drifting right, slight; original-table correction
  69.6s P0010 -> L150 R110: drifting right, slight; original-table correction
  69.6s P0010 -> L150 R110: drifting right, slight; original-table correction
  69.6s P0010 -> L150 R110: drifting right, slight; original-table correction
  69.6s P0010 -> L150 R110: drifting right, slight; original-table correction
  69.6s P0010 -> L150 R110: drifting right, slight; original-table correction
  69.7s P0010 -> L150 R110: drifting right, slight; original-table correction
  69.7s P0010 -> L150 R110: drifting right, slight; original-table correction
  69.7s P0010 -> L150 R110: drifting right, slight; original-table correction
  69.7s P0010 -> L150 R110: drifting right, slight; original-table correction
  69.7s P0010 -> L150 R110: drifting right, slight; original-table correction
  69.7s P0010 -> L150 R110: drifting right, slight; original-table correction
  69.7s P0110 -> L150 R150: centred or unresolved; original-table forward
  69.7s P0110 -> L150 R150: centred or unresolved; original-table forward
  69.7s P0110 -> L150 R150: centred or unresolved; original-table forward
  69.7s P0110 -> L150 R150: centred or unresolved; original-table forward
  69.8s P0110 -> L150 R150: centred or unresolved; original-table forward
  69.8s P0110 -> L150 R150: centred or unresolved; original-table forward
  69.8s P0110 -> L150 R150: centred or unresolved; original-table forward
  69.8s P0110 -> L150 R150: centred or unresolved; original-table forward
  69.8s P0110 -> L150 R150: centred or unresolved; original-table forward
  69.8s P0110 -> L150 R150: centred or unresolved; original-table forward
  69.8s P0110 -> L150 R150: centred or unresolved; original-table forward
  69.8s P0110 -> L150 R150: centred or unresolved; original-table forward
  69.8s P0110 -> L150 R150: centred or unresolved; original-table forward
  69.9s P0110 -> L150 R150: centred or unresolved; original-table forward
  69.9s P0110 -> L150 R150: centred or unresolved; original-table forward
  69.9s P0010 -> L150 R110: drifting right, slight; original-table correction
  69.9s P0010 -> L150 R110: drifting right, slight; original-table correction
  69.9s P0010 -> L150 R110: drifting right, slight; original-table correction
  69.9s P0010 -> L150 R110: drifting right, slight; original-table correction
  69.9s P0010 -> L150 R110: drifting right, slight; original-table correction
  69.9s P0010 -> L150 R110: drifting right, slight; original-table correction
  69.9s P0010 -> L150 R110: drifting right, slight; original-table correction
  69.9s P0010 -> L150 R110: drifting right, slight; original-table correction
  70.0s P0010 -> L150 R110: drifting right, slight; original-table correction
  70.0s P0010 -> L150 R110: drifting right, slight; original-table correction
  70.0s P0010 -> L150 R110: drifting right, slight; original-table correction
  70.0s P0010 -> L150 R110: drifting right, slight; original-table correction
  70.0s P0010 -> L150 R110: drifting right, slight; original-table correction
  70.0s P0010 -> L150 R110: drifting right, slight; original-table correction
  70.0s P0010 -> L150 R110: drifting right, slight; original-table correction
  70.0s P0010 -> L150 R110: drifting right, slight; original-table correction
  70.0s P0010 -> L150 R110: drifting right, slight; original-table correction
  70.0s P0010 -> L150 R110: drifting right, slight; original-table correction
  70.1s P0010 -> L150 R110: drifting right, slight; original-table correction
  70.1s P0010 -> L150 R110: drifting right, slight; original-table correction
  70.1s P0010 -> L150 R110: drifting right, slight; original-table correction
  70.1s P0010 -> L150 R110: drifting right, slight; original-table correction
  70.1s P0010 -> L150 R110: drifting right, slight; original-table correction
  70.1s P0010 -> L150 R110: drifting right, slight; original-table correction
  70.1s P0010 -> L150 R110: drifting right, slight; original-table correction
  70.1s P0010 -> L150 R110: drifting right, slight; original-table correction
  70.1s P0010 -> L150 R110: drifting right, slight; original-table correction
  70.1s P0010 -> L150 R110: drifting right, slight; original-table correction
  70.2s P0010 -> L150 R110: drifting right, slight; original-table correction
  70.2s P0010 -> L150 R110: drifting right, slight; original-table correction
  70.2s P0010 -> L150 R110: drifting right, slight; original-table correction
  70.2s P0010 -> L150 R110: drifting right, slight; original-table correction
  70.2s P0010 -> L150 R110: drifting right, slight; original-table correction
  70.2s P0010 -> L150 R110: drifting right, slight; original-table correction
  70.2s P0010 -> L150 R110: drifting right, slight; original-table correction
  70.2s P0010 -> L150 R110: drifting right, slight; original-table correction
  70.2s P0010 -> L150 R110: drifting right, slight; original-table correction
  70.2s P0010 -> L150 R110: drifting right, slight; original-table correction
  70.3s P0010 -> L150 R110: drifting right, slight; original-table correction
  70.3s P0010 -> L150 R110: drifting right, slight; original-table correction
  70.3s P0110 -> L150 R150: centred or unresolved; original-table forward
  70.3s P0110 -> L150 R150: centred or unresolved; original-table forward
  70.3s P0110 -> L150 R150: centred or unresolved; original-table forward
  70.3s P0110 -> L150 R150: centred or unresolved; original-table forward
  70.3s P0110 -> L150 R150: centred or unresolved; original-table forward
  70.3s P0110 -> L150 R150: centred or unresolved; original-table forward
  70.3s P0110 -> L150 R150: centred or unresolved; original-table forward
  70.3s P0110 -> L150 R150: centred or unresolved; original-table forward
  70.4s P0110 -> L150 R150: centred or unresolved; original-table forward
  70.4s P0110 -> L150 R150: centred or unresolved; original-table forward
  70.4s P0110 -> L150 R150: centred or unresolved; original-table forward
  70.4s P0110 -> L150 R150: centred or unresolved; original-table forward
  70.4s P0110 -> L150 R150: centred or unresolved; original-table forward
  70.4s P0110 -> L150 R150: centred or unresolved; original-table forward
  70.4s P0110 -> L150 R150: centred or unresolved; original-table forward
  70.4s P0110 -> L150 R150: centred or unresolved; original-table forward
  70.4s P0110 -> L150 R150: centred or unresolved; original-table forward
  70.4s P0110 -> L150 R150: centred or unresolved; original-table forward
  70.5s P0110 -> L150 R150: centred or unresolved; original-table forward
  70.5s P0110 -> L150 R150: centred or unresolved; original-table forward
  70.5s P0110 -> L150 R150: centred or unresolved; original-table forward
  70.5s P0110 -> L150 R150: centred or unresolved; original-table forward
  70.5s P0110 -> L150 R150: centred or unresolved; original-table forward
  70.5s P0110 -> L150 R150: centred or unresolved; original-table forward
  70.5s P0110 -> L150 R150: centred or unresolved; original-table forward
  70.5s P0110 -> L150 R150: centred or unresolved; original-table forward
  70.5s P0110 -> L150 R150: centred or unresolved; original-table forward
  70.5s P0110 -> L150 R150: centred or unresolved; original-table forward
  70.6s P0110 -> L150 R150: centred or unresolved; original-table forward
  70.6s P0110 -> L150 R150: centred or unresolved; original-table forward
  70.6s P0110 -> L150 R150: centred or unresolved; original-table forward
  70.6s P0110 -> L150 R150: centred or unresolved; original-table forward
  70.6s P0110 -> L150 R150: centred or unresolved; original-table forward
  70.6s P0110 -> L150 R150: centred or unresolved; original-table forward
  70.6s P0110 -> L150 R150: centred or unresolved; original-table forward
  70.6s P0110 -> L150 R150: centred or unresolved; original-table forward
  70.6s P0110 -> L150 R150: centred or unresolved; original-table forward
  70.6s P0110 -> L150 R150: centred or unresolved; original-table forward
  70.7s P0110 -> L150 R150: centred or unresolved; original-table forward
  70.7s P0110 -> L150 R150: centred or unresolved; original-table forward
  70.7s P0110 -> L150 R150: centred or unresolved; original-table forward
  70.7s P0110 -> L150 R150: centred or unresolved; original-table forward
  70.7s P0110 -> L150 R150: centred or unresolved; original-table forward
  70.7s P0110 -> L150 R150: centred or unresolved; original-table forward
  70.7s P0110 -> L150 R150: centred or unresolved; original-table forward
  70.7s P0110 -> L150 R150: centred or unresolved; original-table forward
  70.7s P0110 -> L150 R150: centred or unresolved; original-table forward
  70.7s P0110 -> L150 R150: centred or unresolved; original-table forward
  70.8s P0110 -> L150 R150: centred or unresolved; original-table forward
  70.8s P0110 -> L150 R150: centred or unresolved; original-table forward
  70.8s P0110 -> L150 R150: centred or unresolved; original-table forward
  70.8s P0110 -> L150 R150: centred or unresolved; original-table forward
  70.8s P0110 -> L150 R150: centred or unresolved; original-table forward
  70.8s P0110 -> L150 R150: centred or unresolved; original-table forward
  70.8s P0110 -> L150 R150: centred or unresolved; original-table forward
  70.8s P0110 -> L150 R150: centred or unresolved; original-table forward
  70.8s P0110 -> L150 R150: centred or unresolved; original-table forward
  70.8s P0110 -> L150 R150: centred or unresolved; original-table forward
  70.9s P0110 -> L150 R150: centred or unresolved; original-table forward
  70.9s P0110 -> L150 R150: centred or unresolved; original-table forward
  70.9s P0110 -> L150 R150: centred or unresolved; original-table forward
  70.9s P0110 -> L150 R150: centred or unresolved; original-table forward
  70.9s P0110 -> L150 R150: centred or unresolved; original-table forward
  70.9s P0110 -> L150 R150: centred or unresolved; original-table forward
  70.9s P0110 -> L150 R150: centred or unresolved; original-table forward
  70.9s P0110 -> L150 R150: centred or unresolved; original-table forward
  70.9s P0110 -> L150 R150: centred or unresolved; original-table forward
  70.9s P0110 -> L150 R150: centred or unresolved; original-table forward
  71.0s P0110 -> L150 R150: centred or unresolved; original-table forward
  71.0s P0110 -> L150 R150: centred or unresolved; original-table forward
  71.0s P0110 -> L150 R150: centred or unresolved; original-table forward
  71.0s P0110 -> L150 R150: centred or unresolved; original-table forward
  71.0s P0110 -> L150 R150: centred or unresolved; original-table forward
  71.0s P0110 -> L150 R150: centred or unresolved; original-table forward
  71.0s P0110 -> L150 R150: centred or unresolved; original-table forward
  71.0s P0110 -> L150 R150: centred or unresolved; original-table forward
  71.0s P0110 -> L150 R150: centred or unresolved; original-table forward
  71.0s P0110 -> L150 R150: centred or unresolved; original-table forward
  71.1s P0110 -> L150 R150: centred or unresolved; original-table forward
  71.1s P0110 -> L150 R150: centred or unresolved; original-table forward
  71.1s P0110 -> L150 R150: centred or unresolved; original-table forward
  71.1s P0110 -> L150 R150: centred or unresolved; original-table forward
  71.1s P0110 -> L150 R150: centred or unresolved; original-table forward
  71.1s P0110 -> L150 R150: centred or unresolved; original-table forward
  71.1s P0110 -> L150 R150: centred or unresolved; original-table forward
  71.1s P0110 -> L150 R150: centred or unresolved; original-table forward
  71.1s P0110 -> L150 R150: centred or unresolved; original-table forward
  71.1s P0110 -> L150 R150: centred or unresolved; original-table forward
  71.2s P0110 -> L150 R150: centred or unresolved; original-table forward
  71.2s P0110 -> L150 R150: centred or unresolved; original-table forward
  71.2s P0110 -> L150 R150: centred or unresolved; original-table forward
  71.2s P0110 -> L150 R150: centred or unresolved; original-table forward
  71.2s P0110 -> L150 R150: centred or unresolved; original-table forward
  71.2s P0110 -> L150 R150: centred or unresolved; original-table forward
  71.2s P0110 -> L150 R150: centred or unresolved; original-table forward
  71.2s P0110 -> L150 R150: centred or unresolved; original-table forward
  71.2s P0110 -> L150 R150: centred or unresolved; original-table forward
  71.2s P0110 -> L150 R150: centred or unresolved; original-table forward
  71.3s P0110 -> L150 R150: centred or unresolved; original-table forward
  71.3s P0110 -> L150 R150: centred or unresolved; original-table forward
  71.3s P0100 -> L110 R150: drifting left, slight; original-table correction
  71.3s P0100 -> L110 R150: drifting left, slight; original-table correction
  71.3s P0100 -> L110 R150: drifting left, slight; original-table correction
  71.3s P0100 -> L110 R150: drifting left, slight; original-table correction
  71.3s P0100 -> L110 R150: drifting left, slight; original-table correction
  71.3s P0100 -> L110 R150: drifting left, slight; original-table correction
  71.3s P0100 -> L110 R150: drifting left, slight; original-table correction
  71.3s P0100 -> L110 R150: drifting left, slight; original-table correction
  71.4s P0100 -> L110 R150: drifting left, slight; original-table correction
  71.4s P0100 -> L110 R150: drifting left, slight; original-table correction
  71.4s P0100 -> L110 R150: drifting left, slight; original-table correction
  71.4s P0100 -> L110 R150: drifting left, slight; original-table correction
  71.4s P0100 -> L110 R150: drifting left, slight; original-table correction
  71.4s P0100 -> L110 R150: drifting left, slight; original-table correction
  71.4s P0100 -> L110 R150: drifting left, slight; original-table correction
  71.4s P0100 -> L110 R150: drifting left, slight; original-table correction
  71.4s P0000 -> L60 R150: blind band; original-table correction
  71.4s P0000 -> L60 R150: blind band; original-table correction
  71.5s P0000 -> L60 R150: blind band; original-table correction
  71.5s P0000 -> L60 R150: blind band; original-table correction
  71.5s P0000 -> L60 R150: blind band; original-table correction
  71.5s P0000 -> L60 R150: blind band; original-table correction
  71.5s P1000 -> L-150 R150: far left, outer sensor only; hard left; original-table correction
  71.5s P1000 -> L-150 R150: far left, outer sensor only; hard left; original-table correction
  71.5s P1000 -> L-150 R150: far left, outer sensor only; hard left; original-table correction
  71.5s P1000 -> L-150 R150: far left, outer sensor only; hard left; original-table correction
  71.5s P1000 -> L-150 R150: far left, outer sensor only; hard left; original-table correction
  71.6s P1000 -> L-150 R150: far left, outer sensor only; hard left; original-table correction
  71.6s P1000 -> L-150 R150: far left, outer sensor only; hard left; original-table correction
  71.6s P1000 -> L-150 R150: far left, outer sensor only; hard left; original-table correction
  71.6s P1000 -> L-150 R150: far left, outer sensor only; hard left; original-table correction
  71.6s P1000 -> L-150 R150: far left, outer sensor only; hard left; original-table correction
  71.6s P1000 -> L-150 R150: far left, outer sensor only; hard left; original-table correction
  71.6s P1000 -> L-150 R150: far left, outer sensor only; hard left; original-table correction
  71.6s P1000 -> L-150 R150: far left, outer sensor only; hard left; original-table correction
  71.6s P1000 -> L-150 R150: far left, outer sensor only; hard left; original-table correction
  71.6s P1100 -> L60 R150: left pair, needs >2.8cm of black; original-table junction correction
  71.7s P1100 -> L60 R150: left pair, needs >2.8cm of black; original-table junction correction
  71.7s P1100 -> L60 R150: left pair, needs >2.8cm of black; original-table junction correction
  71.7s P1100 -> L60 R150: left pair, needs >2.8cm of black; original-table junction correction
  71.7s P1100 -> L60 R150: left pair, needs >2.8cm of black; original-table junction correction
  71.7s P1100 -> L60 R150: left pair, needs >2.8cm of black; original-table junction correction
  71.7s P1100 -> L60 R150: left pair, needs >2.8cm of black; original-table junction correction
  71.7s P1100 -> L60 R150: left pair, needs >2.8cm of black; original-table junction correction
  71.7s P1100 -> L60 R150: left pair, needs >2.8cm of black; original-table junction correction
  71.7s P1100 -> L60 R150: left pair, needs >2.8cm of black; original-table junction correction
  71.7s P1100 -> L60 R150: left pair, needs >2.8cm of black; original-table junction correction
  71.8s P1100 -> L60 R150: left pair, needs >2.8cm of black; original-table junction correction
  71.8s P1100 -> L60 R150: left pair, needs >2.8cm of black; original-table junction correction
  71.8s P1100 -> L60 R150: left pair, needs >2.8cm of black; original-table junction correction
  71.8s P1100 -> L60 R150: left pair, needs >2.8cm of black; original-table junction correction
  71.8s P1100 -> L60 R150: left pair, needs >2.8cm of black; original-table junction correction
  71.8s P1100 -> L60 R150: left pair, needs >2.8cm of black; original-table junction correction
  71.8s P1100 -> L60 R150: left pair, needs >2.8cm of black; original-table junction correction
  71.8s P1100 -> L60 R150: left pair, needs >2.8cm of black; original-table junction correction
  71.8s P1100 -> L60 R150: left pair, needs >2.8cm of black; original-table junction correction
  71.8s P1100 -> L60 R150: left pair, needs >2.8cm of black; original-table junction correction
  71.9s P1100 -> L60 R150: left pair, needs >2.8cm of black; original-table junction correction
  71.9s P1100 -> L60 R150: left pair, needs >2.8cm of black; original-table junction correction
  71.9s P1100 -> L60 R150: left pair, needs >2.8cm of black; original-table junction correction
  71.9s P1100 -> L60 R150: left pair, needs >2.8cm of black; original-table junction correction
  71.9s P1100 -> L60 R150: left pair, needs >2.8cm of black; original-table junction correction
  71.9s P1100 -> L60 R150: left pair, needs >2.8cm of black; original-table junction correction
  71.9s P1100 -> L60 R150: left pair, needs >2.8cm of black; original-table junction correction
  71.9s P1100 -> L60 R150: left pair, needs >2.8cm of black; original-table junction correction
  71.9s P1100 -> L60 R150: left pair, needs >2.8cm of black; original-table junction correction
  71.9s P1100 -> L60 R150: left pair, needs >2.8cm of black; original-table junction correction
  72.0s P1100 -> L60 R150: left pair, needs >2.8cm of black; original-table junction correction
  72.0s P1100 -> L60 R150: left pair, needs >2.8cm of black; original-table junction correction
  72.0s P1100 -> L60 R150: left pair, needs >2.8cm of black; original-table junction correction
  72.0s P1100 -> L60 R150: left pair, needs >2.8cm of black; original-table junction correction
  72.0s P1100 -> L60 R150: left pair, needs >2.8cm of black; original-table junction correction
  72.0s P1100 -> L60 R150: left pair, needs >2.8cm of black; original-table junction correction
  72.0s P1100 -> L60 R150: left pair, needs >2.8cm of black; original-table junction correction
  72.0s P1100 -> L60 R150: left pair, needs >2.8cm of black; original-table junction correction
  72.0s P1100 -> L60 R150: left pair, needs >2.8cm of black; original-table junction correction
  72.0s P0100 -> L110 R150: drifting left, slight; original-table correction
  72.1s P0100 -> L110 R150: drifting left, slight; original-table correction
  72.1s P0100 -> L110 R150: drifting left, slight; original-table correction
  72.1s P0100 -> L110 R150: drifting left, slight; original-table correction
  72.1s P0100 -> L110 R150: drifting left, slight; original-table correction
  72.1s P0100 -> L110 R150: drifting left, slight; original-table correction
  72.1s P0100 -> L110 R150: drifting left, slight; original-table correction
  72.1s P0100 -> L110 R150: drifting left, slight; original-table correction
  72.1s P0100 -> L110 R150: drifting left, slight; original-table correction
  72.1s P0100 -> L110 R150: drifting left, slight; original-table correction
  72.1s P0100 -> L110 R150: drifting left, slight; original-table correction
  72.2s P0100 -> L110 R150: drifting left, slight; original-table correction
  72.2s P0100 -> L110 R150: drifting left, slight; original-table correction
  72.2s P0100 -> L110 R150: drifting left, slight; original-table correction
  72.2s P0100 -> L110 R150: drifting left, slight; original-table correction
  72.2s P0100 -> L110 R150: drifting left, slight; original-table correction
  72.2s P0100 -> L110 R150: drifting left, slight; original-table correction
  72.2s P0100 -> L110 R150: drifting left, slight; original-table correction
  72.2s P0100 -> L110 R150: drifting left, slight; original-table correction
  72.2s P0100 -> L110 R150: drifting left, slight; original-table correction
  72.2s P0100 -> L110 R150: drifting left, slight; original-table correction
  72.3s P0100 -> L110 R150: drifting left, slight; original-table correction
  72.3s P0100 -> L110 R150: drifting left, slight; original-table correction
  72.3s P0100 -> L110 R150: drifting left, slight; original-table correction
  72.3s P0100 -> L110 R150: drifting left, slight; original-table correction
  72.3s P0100 -> L110 R150: drifting left, slight; original-table correction
  72.3s P0100 -> L110 R150: drifting left, slight; original-table correction
  72.3s P0100 -> L110 R150: drifting left, slight; original-table correction
  72.3s P0100 -> L110 R150: drifting left, slight; original-table correction
  72.3s P0100 -> L110 R150: drifting left, slight; original-table correction
  72.3s P0100 -> L110 R150: drifting left, slight; original-table correction
  72.4s P0100 -> L110 R150: drifting left, slight; original-table correction
  72.4s P0100 -> L110 R150: drifting left, slight; original-table correction
  72.4s P0100 -> L110 R150: drifting left, slight; original-table correction
  72.4s P0100 -> L110 R150: drifting left, slight; original-table correction
  72.4s P0100 -> L110 R150: drifting left, slight; original-table correction
  72.4s P0000 -> L60 R150: blind band; original-table correction
  72.4s P0000 -> L60 R150: blind band; original-table correction
  72.4s P0000 -> L60 R150: blind band; original-table correction
  72.4s P0000 -> L60 R150: blind band; original-table correction
  72.4s P0000 -> L60 R150: blind band; original-table correction
  72.5s P0000 -> L60 R150: blind band; original-table correction
  72.5s P0000 -> L60 R150: blind band; original-table correction
  72.5s P1000 -> L-150 R150: far left, outer sensor only; hard left; original-table correction
  72.5s P1000 -> L-150 R150: far left, outer sensor only; hard left; original-table correction
  72.5s P1000 -> L-150 R150: far left, outer sensor only; hard left; original-table correction
  72.5s P1000 -> L-150 R150: far left, outer sensor only; hard left; original-table correction
  72.5s P1000 -> L-150 R150: far left, outer sensor only; hard left; original-table correction
  72.5s P1000 -> L-150 R150: far left, outer sensor only; hard left; original-table correction
  72.5s P1000 -> L-150 R150: far left, outer sensor only; hard left; original-table correction
  72.5s P1000 -> L-150 R150: far left, outer sensor only; hard left; original-table correction
  72.6s P1000 -> L-150 R150: far left, outer sensor only; hard left; original-table correction
  72.6s P1000 -> L-150 R150: far left, outer sensor only; hard left; original-table correction
  72.6s P1100 -> L60 R150: left pair, needs >2.8cm of black; original-table junction correction
  72.6s P1100 -> L60 R150: left pair, needs >2.8cm of black; original-table junction correction
  72.6s P1100 -> L60 R150: left pair, needs >2.8cm of black; original-table junction correction
  72.6s P1100 -> L60 R150: left pair, needs >2.8cm of black; original-table junction correction
  72.6s P1100 -> L60 R150: left pair, needs >2.8cm of black; original-table junction correction
  72.6s P1100 -> L60 R150: left pair, needs >2.8cm of black; original-table junction correction
  72.6s P1100 -> L60 R150: left pair, needs >2.8cm of black; original-table junction correction
  72.6s P1100 -> L60 R150: left pair, needs >2.8cm of black; original-table junction correction
  72.7s P1100 -> L60 R150: left pair, needs >2.8cm of black; original-table junction correction
  72.7s P1100 -> L60 R150: left pair, needs >2.8cm of black; original-table junction correction
  72.7s P1100 -> L60 R150: left pair, needs >2.8cm of black; original-table junction correction
  72.7s P1100 -> L60 R150: left pair, needs >2.8cm of black; original-table junction correction
  72.7s P1100 -> L60 R150: left pair, needs >2.8cm of black; original-table junction correction
  72.7s P1100 -> L60 R150: left pair, needs >2.8cm of black; original-table junction correction
  72.7s P1100 -> L60 R150: left pair, needs >2.8cm of black; original-table junction correction
  72.7s P1100 -> L60 R150: left pair, needs >2.8cm of black; original-table junction correction
  72.7s P1100 -> L60 R150: left pair, needs >2.8cm of black; original-table junction correction
  72.7s P1100 -> L60 R150: left pair, needs >2.8cm of black; original-table junction correction
  72.8s P1100 -> L60 R150: left pair, needs >2.8cm of black; original-table junction correction
  72.8s P1100 -> L60 R150: left pair, needs >2.8cm of black; original-table junction correction
  72.8s P1100 -> L60 R150: left pair, needs >2.8cm of black; original-table junction correction
  72.8s P1100 -> L60 R150: left pair, needs >2.8cm of black; original-table junction correction
  72.8s P1100 -> L60 R150: left pair, needs >2.8cm of black; original-table junction correction
  72.8s P1100 -> L60 R150: left pair, needs >2.8cm of black; original-table junction correction
  72.8s P1100 -> L60 R150: left pair, needs >2.8cm of black; original-table junction correction
  72.8s P1100 -> L60 R150: left pair, needs >2.8cm of black; original-table junction correction
  72.8s P1100 -> L60 R150: left pair, needs >2.8cm of black; original-table junction correction
  72.8s P1100 -> L60 R150: left pair, needs >2.8cm of black; original-table junction correction
  72.9s P1100 -> L60 R150: left pair, needs >2.8cm of black; original-table junction correction
  72.9s P1100 -> L60 R150: left pair, needs >2.8cm of black; original-table junction correction
  72.9s P0100 -> L110 R150: drifting left, slight; original-table correction
  72.9s P0100 -> L110 R150: drifting left, slight; original-table correction
  72.9s P0100 -> L110 R150: drifting left, slight; original-table correction
  72.9s P0100 -> L110 R150: drifting left, slight; original-table correction
  72.9s P0100 -> L110 R150: drifting left, slight; original-table correction
  72.9s P0100 -> L110 R150: drifting left, slight; original-table correction
  72.9s P0100 -> L110 R150: drifting left, slight; original-table correction
  72.9s P0100 -> L110 R150: drifting left, slight; original-table correction
  73.0s P0100 -> L110 R150: drifting left, slight; original-table correction
  73.0s P0100 -> L110 R150: drifting left, slight; original-table correction
  73.0s P0100 -> L110 R150: drifting left, slight; original-table correction
  73.0s P0100 -> L110 R150: drifting left, slight; original-table correction
  73.0s P0100 -> L110 R150: drifting left, slight; original-table correction
  73.0s P0100 -> L110 R150: drifting left, slight; original-table correction
  73.0s P0100 -> L110 R150: drifting left, slight; original-table correction
  73.0s P0100 -> L110 R150: drifting left, slight; original-table correction
  73.0s P0100 -> L110 R150: drifting left, slight; original-table correction
  73.0s P0100 -> L110 R150: drifting left, slight; original-table correction
  73.1s P0100 -> L110 R150: drifting left, slight; original-table correction
  73.1s P0100 -> L110 R150: drifting left, slight; original-table correction
  73.1s P0100 -> L110 R150: drifting left, slight; original-table correction
  73.1s P0100 -> L110 R150: drifting left, slight; original-table correction
  73.1s P0100 -> L110 R150: drifting left, slight; original-table correction
  73.1s P0100 -> L110 R150: drifting left, slight; original-table correction
  73.1s P0100 -> L110 R150: drifting left, slight; original-table correction
  73.1s P0100 -> L110 R150: drifting left, slight; original-table correction
  73.1s P0100 -> L110 R150: drifting left, slight; original-table correction
  73.1s P0100 -> L110 R150: drifting left, slight; original-table correction
  73.2s P0100 -> L110 R150: drifting left, slight; original-table correction
  73.2s P0100 -> L110 R150: drifting left, slight; original-table correction
  73.2s P0000 -> L60 R150: blind band; original-table correction
  73.2s P0000 -> L60 R150: blind band; original-table correction
  73.2s P0000 -> L60 R150: blind band; original-table correction
  73.2s P0000 -> L60 R150: blind band; original-table correction
  73.2s P0000 -> L60 R150: blind band; original-table correction
  73.2s P0000 -> L60 R150: blind band; original-table correction
  73.2s P0000 -> L60 R150: blind band; original-table correction
  73.3s P0000 -> L60 R150: blind band; original-table correction
  73.3s P0000 -> L60 R150: blind band; original-table correction
  73.3s P1000 -> L-150 R150: far left, outer sensor only; hard left; original-table correction
  73.3s P1000 -> L-150 R150: far left, outer sensor only; hard left; original-table correction
  73.3s P1000 -> L-150 R150: far left, outer sensor only; hard left; original-table correction
  73.3s P1000 -> L-150 R150: far left, outer sensor only; hard left; original-table correction
  73.3s P1000 -> L-150 R150: far left, outer sensor only; hard left; original-table correction
  73.3s P1000 -> L-150 R150: far left, outer sensor only; hard left; original-table correction
  73.3s P1000 -> L-150 R150: far left, outer sensor only; hard left; original-table correction
  73.3s P1000 -> L-150 R150: far left, outer sensor only; hard left; original-table correction
  73.4s P1000 -> L-150 R150: far left, outer sensor only; hard left; original-table correction
  73.4s P1000 -> L-150 R150: far left, outer sensor only; hard left; original-table correction
  73.4s P1000 -> L-150 R150: far left, outer sensor only; hard left; original-table correction
  73.4s P1100 -> L60 R150: left pair, needs >2.8cm of black; original-table junction correction
  73.4s P1100 -> L60 R150: left pair, needs >2.8cm of black; original-table junction correction
  73.4s P1100 -> L60 R150: left pair, needs >2.8cm of black; original-table junction correction
  73.4s P1100 -> L60 R150: left pair, needs >2.8cm of black; original-table junction correction
  73.4s P1100 -> L60 R150: left pair, needs >2.8cm of black; original-table junction correction
  73.4s P1100 -> L60 R150: left pair, needs >2.8cm of black; original-table junction correction
  73.4s P1100 -> L60 R150: left pair, needs >2.8cm of black; original-table junction correction
  73.5s P1100 -> L60 R150: left pair, needs >2.8cm of black; original-table junction correction
  73.5s P1100 -> L60 R150: left pair, needs >2.8cm of black; original-table junction correction
  73.5s P1100 -> L60 R150: left pair, needs >2.8cm of black; original-table junction correction
  73.5s P1100 -> L60 R150: left pair, needs >2.8cm of black; original-table junction correction
  73.5s P1100 -> L60 R150: left pair, needs >2.8cm of black; original-table junction correction
  73.5s P1100 -> L60 R150: left pair, needs >2.8cm of black; original-table junction correction
  73.5s P1100 -> L60 R150: left pair, needs >2.8cm of black; original-table junction correction
  73.5s P1100 -> L60 R150: left pair, needs >2.8cm of black; original-table junction correction
  73.5s P1100 -> L60 R150: left pair, needs >2.8cm of black; original-table junction correction
  73.5s P1100 -> L60 R150: left pair, needs >2.8cm of black; original-table junction correction
  73.6s P1100 -> L60 R150: left pair, needs >2.8cm of black; original-table junction correction
  73.6s P1100 -> L60 R150: left pair, needs >2.8cm of black; original-table junction correction
  73.6s P1100 -> L60 R150: left pair, needs >2.8cm of black; original-table junction correction
  73.6s P0100 -> L110 R150: drifting left, slight; original-table correction
  73.6s P0100 -> L110 R150: drifting left, slight; original-table correction
  73.6s P0100 -> L110 R150: drifting left, slight; original-table correction
  73.6s P0100 -> L110 R150: drifting left, slight; original-table correction
  73.6s P0100 -> L110 R150: drifting left, slight; original-table correction
  73.6s P0100 -> L110 R150: drifting left, slight; original-table correction
  73.6s P0100 -> L110 R150: drifting left, slight; original-table correction
  73.7s P0100 -> L110 R150: drifting left, slight; original-table correction
  73.7s P0100 -> L110 R150: drifting left, slight; original-table correction
  73.7s P0000 -> L60 R150: blind band; original-table correction
  73.7s P0000 -> L60 R150: blind band; original-table correction
  73.7s P0000 -> L60 R150: blind band; original-table correction
  73.7s P0000 -> L60 R150: blind band; original-table correction
  73.7s P0000 -> L60 R150: blind band; original-table correction
  73.7s P0000 -> L60 R150: blind band; original-table correction
  73.7s P0000 -> L60 R150: blind band; original-table correction
  73.7s P0000 -> L60 R150: blind band; original-table correction
  73.8s P0000 -> L60 R150: blind band; original-table correction
  73.8s P0000 -> L60 R150: blind band; original-table correction
  73.8s P0000 -> L60 R150: blind band; original-table correction
  73.8s P0000 -> L60 R150: blind band; original-table correction
  73.8s P0000 -> L60 R150: blind band; original-table correction
  73.8s P0000 -> L60 R150: blind band; original-table correction
  73.8s P0000 -> L60 R150: blind band; original-table correction
  73.8s P0000 -> L60 R150: blind band; original-table correction
  73.8s P0000 -> L60 R150: blind band; original-table correction
  73.8s P0000 -> L60 R150: blind band; original-table correction
  73.9s P0000 -> L60 R150: blind band; original-table correction
  73.9s P0000 -> L60 R150: blind band; original-table correction
  73.9s P0000 -> L60 R150: blind band; original-table correction
  73.9s P0000 -> L60 R150: blind band; original-table correction
  73.9s P0000 -> L60 R150: blind band; original-table correction
  73.9s P0000 -> L60 R150: blind band; original-table correction
  73.9s P0000 -> L60 R150: blind band; original-table correction
  73.9s P0000 -> L60 R150: blind band; original-table correction
  73.9s P0000 -> L60 R150: blind band; original-table correction
  73.9s P0000 -> L60 R150: blind band; original-table correction
  74.0s P0000 -> L60 R150: blind band; original-table correction
  74.0s P0000 -> L60 R150: blind band; original-table correction
  74.0s P0000 -> L60 R150: blind band; original-table correction
  74.0s P0000 -> L60 R150: blind band; original-table correction
  74.0s P0000 -> L60 R150: blind band; original-table correction
  74.0s P0000 -> L60 R150: blind band; original-table correction
  74.0s P0000 -> L60 R150: blind band; original-table correction
  74.0s P0100 -> L110 R150: drifting left, slight; original-table correction
  74.0s P0100 -> L110 R150: drifting left, slight; original-table correction
  74.0s P0100 -> L110 R150: drifting left, slight; original-table correction
  74.1s P0100 -> L110 R150: drifting left, slight; original-table correction
  74.1s P0100 -> L110 R150: drifting left, slight; original-table correction
  74.1s P0100 -> L110 R150: drifting left, slight; original-table correction
  74.1s P0100 -> L110 R150: drifting left, slight; original-table correction
  74.1s P0100 -> L110 R150: drifting left, slight; original-table correction
  74.1s P0100 -> L110 R150: drifting left, slight; original-table correction
  74.1s P0100 -> L110 R150: drifting left, slight; original-table correction
  74.1s P0100 -> L110 R150: drifting left, slight; original-table correction
  74.1s P0000 -> L60 R150: blind band; original-table correction
  74.1s P0000 -> L60 R150: blind band; original-table correction
  74.2s P0000 -> L60 R150: blind band; original-table correction
  74.2s P0000 -> L60 R150: blind band; original-table correction
  74.2s P0000 -> L60 R150: blind band; original-table correction
  74.2s P0000 -> L60 R150: blind band; original-table correction
  74.2s P0000 -> L60 R150: blind band; original-table correction
  74.2s P0000 -> L60 R150: blind band; original-table correction
  74.2s P0000 -> L60 R150: blind band; original-table correction
  74.2s P0000 -> L60 R150: blind band; original-table correction
  74.2s P0000 -> L60 R150: blind band; original-table correction
  74.2s P0000 -> L60 R150: blind band; original-table correction
  74.3s P0000 -> L60 R150: blind band; original-table correction
  74.3s P0000 -> L60 R150: blind band; original-table correction
  74.3s P0000 -> L60 R150: blind band; original-table correction
  74.3s P0000 -> L60 R150: blind band; original-table correction
  74.3s P0000 -> L60 R150: blind band; original-table correction
  74.3s P0000 -> L60 R150: blind band; original-table correction
  74.3s P0000 -> L60 R150: blind band; original-table correction
  74.3s P0000 -> L60 R150: blind band; original-table correction
  74.3s P0000 -> L60 R150: blind band; original-table correction
  74.3s P0000 -> L60 R150: blind band; original-table correction
  74.4s P0000 -> L60 R150: blind band; original-table correction
  74.4s P0000 -> L60 R150: blind band; original-table correction
  74.4s P0000 -> L60 R150: blind band; original-table correction
  74.4s P0000 -> L60 R150: blind band; original-table correction
  74.4s P0000 -> L60 R150: blind band; original-table correction
  74.4s P0000 -> L60 R150: blind band; original-table correction
  74.4s P0000 -> L60 R150: blind band; original-table correction
  74.4s P0000 -> L60 R150: blind band; original-table correction
  74.4s P0000 -> L60 R150: blind band; original-table correction
  74.4s P0000 -> L60 R150: blind band; original-table correction
  74.5s P0000 -> L60 R150: blind band; original-table correction
  74.5s P0000 -> L60 R150: blind band; original-table correction
  74.5s P0000 -> L60 R150: blind band; original-table correction
  74.5s P0000 -> L60 R150: blind band; original-table correction
  74.5s P0000 -> L60 R150: blind band; original-table correction
  74.5s P0000 -> L60 R150: blind band; original-table correction
  74.5s P0100 -> L110 R150: drifting left, slight; original-table correction
  74.5s P0100 -> L110 R150: drifting left, slight; original-table correction
  74.5s P0100 -> L110 R150: drifting left, slight; original-table correction
  74.5s P0100 -> L110 R150: drifting left, slight; original-table correction
  74.6s P0100 -> L110 R150: drifting left, slight; original-table correction
  74.6s P0100 -> L110 R150: drifting left, slight; original-table correction
  74.6s P0100 -> L110 R150: drifting left, slight; original-table correction
  74.6s P0100 -> L110 R150: drifting left, slight; original-table correction
  74.6s P0100 -> L110 R150: drifting left, slight; original-table correction
  74.6s P0100 -> L110 R150: drifting left, slight; original-table correction
  74.6s P0100 -> L110 R150: drifting left, slight; original-table correction
  74.6s P0100 -> L110 R150: drifting left, slight; original-table correction
  74.6s P0100 -> L110 R150: drifting left, slight; original-table correction
  74.6s P0100 -> L110 R150: drifting left, slight; original-table correction
  74.7s P0100 -> L110 R150: drifting left, slight; original-table correction
  74.7s P0100 -> L110 R150: drifting left, slight; original-table correction
  74.7s P0100 -> L110 R150: drifting left, slight; original-table correction
  74.7s P0100 -> L110 R150: drifting left, slight; original-table correction
  74.7s P0100 -> L110 R150: drifting left, slight; original-table correction
  74.7s P0100 -> L110 R150: drifting left, slight; original-table correction
  74.7s P0100 -> L110 R150: drifting left, slight; original-table correction
  74.7s P0100 -> L110 R150: drifting left, slight; original-table correction
  74.7s P0100 -> L110 R150: drifting left, slight; original-table correction
  74.7s P0100 -> L110 R150: drifting left, slight; original-table correction
  74.8s P0100 -> L110 R150: drifting left, slight; original-table correction
  74.8s P0100 -> L110 R150: drifting left, slight; original-table correction
  74.8s P0100 -> L110 R150: drifting left, slight; original-table correction
  74.8s P0100 -> L110 R150: drifting left, slight; original-table correction
  74.8s P0100 -> L110 R150: drifting left, slight; original-table correction
  74.8s P0100 -> L110 R150: drifting left, slight; original-table correction
  74.8s P0100 -> L110 R150: drifting left, slight; original-table correction
  74.8s P0100 -> L110 R150: drifting left, slight; original-table correction
  74.8s P0100 -> L110 R150: drifting left, slight; original-table correction
  74.8s P0100 -> L110 R150: drifting left, slight; original-table correction
  74.9s P0100 -> L110 R150: drifting left, slight; original-table correction
  74.9s P0100 -> L110 R150: drifting left, slight; original-table correction
  74.9s P0100 -> L110 R150: drifting left, slight; original-table correction
  74.9s P0100 -> L110 R150: drifting left, slight; original-table correction
  74.9s P0100 -> L110 R150: drifting left, slight; original-table correction
  74.9s P0100 -> L110 R150: drifting left, slight; original-table correction
  74.9s P0100 -> L110 R150: drifting left, slight; original-table correction
  74.9s P0100 -> L110 R150: drifting left, slight; original-table correction
  74.9s P0100 -> L110 R150: drifting left, slight; original-table correction
  75.0s P0100 -> L110 R150: drifting left, slight; original-table correction
  75.0s P0100 -> L110 R150: drifting left, slight; original-table correction
  75.0s P0100 -> L110 R150: drifting left, slight; original-table correction
  75.0s P0100 -> L110 R150: drifting left, slight; original-table correction
  75.0s P0100 -> L110 R150: drifting left, slight; original-table correction
  75.0s P0100 -> L110 R150: drifting left, slight; original-table correction
  75.0s P0100 -> L110 R150: drifting left, slight; original-table correction
  75.0s P0100 -> L110 R150: drifting left, slight; original-table correction
  75.0s P0100 -> L110 R150: drifting left, slight; original-table correction
  75.0s P0100 -> L110 R150: drifting left, slight; original-table correction
  75.1s P0100 -> L110 R150: drifting left, slight; original-table correction
  75.1s P0100 -> L110 R150: drifting left, slight; original-table correction
  75.1s P0100 -> L110 R150: drifting left, slight; original-table correction
  75.1s P0100 -> L110 R150: drifting left, slight; original-table correction
  75.1s P0100 -> L110 R150: drifting left, slight; original-table correction
  75.1s P0100 -> L110 R150: drifting left, slight; original-table correction
  75.1s P0100 -> L110 R150: drifting left, slight; original-table correction
  75.1s P0100 -> L110 R150: drifting left, slight; original-table correction
  75.1s P0100 -> L110 R150: drifting left, slight; original-table correction
  75.1s P0100 -> L110 R150: drifting left, slight; original-table correction
  75.2s P0100 -> L110 R150: drifting left, slight; original-table correction
  75.2s P0100 -> L110 R150: drifting left, slight; original-table correction
  75.2s P0100 -> L110 R150: drifting left, slight; original-table correction
  75.2s P0000 -> L60 R150: blind band; original-table correction
  75.2s P0000 -> L60 R150: blind band; original-table correction
  75.2s P0000 -> L60 R150: blind band; original-table correction
  75.2s P0000 -> L60 R150: blind band; original-table correction
  75.2s P0000 -> L60 R150: blind band; original-table correction
  75.2s P0000 -> L60 R150: blind band; original-table correction
  75.2s P0000 -> L60 R150: blind band; original-table correction
  75.3s P0000 -> L60 R150: blind band; original-table correction
  75.3s P0000 -> L60 R150: blind band; original-table correction
  75.3s P0000 -> L60 R150: blind band; original-table correction
  75.3s P0000 -> L60 R150: blind band; original-table correction
  75.3s P0000 -> L60 R150: blind band; original-table correction
  75.3s P0000 -> L60 R150: blind band; original-table correction
  75.3s P0000 -> L60 R150: blind band; original-table correction
  75.3s P0000 -> L60 R150: blind band; original-table correction
  75.3s P0000 -> L60 R150: blind band; original-table correction
  75.3s P0000 -> L60 R150: blind band; original-table correction
  75.4s P0000 -> L60 R150: blind band; original-table correction
  75.4s P0000 -> L60 R150: blind band; original-table correction
  75.4s P0000 -> L60 R150: blind band; original-table correction
  75.4s P0000 -> L60 R150: blind band; original-table correction
  75.4s P0000 -> L60 R150: blind band; original-table correction
  75.4s P0000 -> L60 R150: blind band; original-table correction
  75.4s P0000 -> L60 R150: blind band; original-table correction
  75.4s P0000 -> L60 R150: blind band; original-table correction
  75.4s P0000 -> L60 R150: blind band; original-table correction
  75.4s P0000 -> L60 R150: blind band; original-table correction
  75.5s P0000 -> L60 R150: blind band; original-table correction
  75.5s P0000 -> L60 R150: blind band; original-table correction
  75.5s P0000 -> L60 R150: blind band; original-table correction
  75.5s P0000 -> L60 R150: blind band; original-table correction
  75.5s P0000 -> L60 R150: blind band; original-table correction
  75.5s P0000 -> L60 R150: blind band; original-table correction
  75.5s P0000 -> L60 R150: blind band; original-table correction
  75.5s P0000 -> L60 R150: blind band; original-table correction
  75.5s P0000 -> L60 R150: blind band; original-table correction
  75.5s P0000 -> L60 R150: blind band; original-table correction
  75.6s P0000 -> L60 R150: blind band; original-table correction
  75.6s P0000 -> L60 R150: blind band; original-table correction
  75.6s P0000 -> L60 R150: blind band; original-table correction
  75.6s P0000 -> L60 R150: blind band; original-table correction
  75.6s P0000 -> L60 R150: blind band; original-table correction
  75.6s P0000 -> L60 R150: blind band; original-table correction
  75.6s P0000 -> L60 R150: blind band; original-table correction
  75.6s P0000 -> L60 R150: blind band; original-table correction
  75.6s P0000 -> L60 R150: blind band; original-table correction
  75.6s P0100 -> L110 R150: drifting left, slight; original-table correction
  75.7s P0100 -> L110 R150: drifting left, slight; original-table correction
  75.7s P0100 -> L110 R150: drifting left, slight; original-table correction
  75.7s P0100 -> L110 R150: drifting left, slight; original-table correction
  75.7s P0100 -> L110 R150: drifting left, slight; original-table correction
  75.7s P0100 -> L110 R150: drifting left, slight; original-table correction
  75.7s P0100 -> L110 R150: drifting left, slight; original-table correction
  75.7s P0100 -> L110 R150: drifting left, slight; original-table correction
  75.7s P0100 -> L110 R150: drifting left, slight; original-table correction
  75.7s P0100 -> L110 R150: drifting left, slight; original-table correction
  75.7s P0100 -> L110 R150: drifting left, slight; original-table correction
  75.8s P0100 -> L110 R150: drifting left, slight; original-table correction
  75.8s P0100 -> L110 R150: drifting left, slight; original-table correction
  75.8s P0100 -> L110 R150: drifting left, slight; original-table correction
  75.8s P0100 -> L110 R150: drifting left, slight; original-table correction
  75.8s P0100 -> L110 R150: drifting left, slight; original-table correction
  75.8s P0100 -> L110 R150: drifting left, slight; original-table correction
  75.8s P0100 -> L110 R150: drifting left, slight; original-table correction
  75.8s P0100 -> L110 R150: drifting left, slight; original-table correction
  75.8s P0100 -> L110 R150: drifting left, slight; original-table correction
  75.8s P0100 -> L110 R150: drifting left, slight; original-table correction
  75.9s P0100 -> L110 R150: drifting left, slight; original-table correction
  75.9s P0100 -> L110 R150: drifting left, slight; original-table correction
  75.9s P0100 -> L110 R150: drifting left, slight; original-table correction
  75.9s P0100 -> L110 R150: drifting left, slight; original-table correction
  75.9s P0100 -> L110 R150: drifting left, slight; original-table correction
  75.9s P0100 -> L110 R150: drifting left, slight; original-table correction
  75.9s P0100 -> L110 R150: drifting left, slight; original-table correction
  75.9s P0100 -> L110 R150: drifting left, slight; original-table correction
  75.9s P0100 -> L110 R150: drifting left, slight; original-table correction
  75.9s P0100 -> L110 R150: drifting left, slight; original-table correction
  76.0s P0100 -> L110 R150: drifting left, slight; original-table correction
  76.0s P0100 -> L110 R150: drifting left, slight; original-table correction
  76.0s P0100 -> L110 R150: drifting left, slight; original-table correction
  76.0s P0100 -> L110 R150: drifting left, slight; original-table correction
  76.0s P0100 -> L110 R150: drifting left, slight; original-table correction
  76.0s P0100 -> L110 R150: drifting left, slight; original-table correction
  76.0s P0100 -> L110 R150: drifting left, slight; original-table correction
  76.0s P0100 -> L110 R150: drifting left, slight; original-table correction
  76.0s P0100 -> L110 R150: drifting left, slight; original-table correction
  76.0s P0100 -> L110 R150: drifting left, slight; original-table correction
  76.1s P0100 -> L110 R150: drifting left, slight; original-table correction
  76.1s P0100 -> L110 R150: drifting left, slight; original-table correction
  76.1s P0100 -> L110 R150: drifting left, slight; original-table correction
  76.1s P0100 -> L110 R150: drifting left, slight; original-table correction
  76.1s P0100 -> L110 R150: drifting left, slight; original-table correction
  76.1s P0100 -> L110 R150: drifting left, slight; original-table correction
  76.1s P0100 -> L110 R150: drifting left, slight; original-table correction
  76.1s P0100 -> L110 R150: drifting left, slight; original-table correction
  76.1s P0100 -> L110 R150: drifting left, slight; original-table correction
  76.1s P0100 -> L110 R150: drifting left, slight; original-table correction
  76.2s P0100 -> L110 R150: drifting left, slight; original-table correction
  76.2s P0100 -> L110 R150: drifting left, slight; original-table correction
  76.2s P0100 -> L110 R150: drifting left, slight; original-table correction
  76.2s P0100 -> L110 R150: drifting left, slight; original-table correction
  76.2s P0100 -> L110 R150: drifting left, slight; original-table correction
  76.2s P0100 -> L110 R150: drifting left, slight; original-table correction
  76.2s P0100 -> L110 R150: drifting left, slight; original-table correction
  76.2s P0100 -> L110 R150: drifting left, slight; original-table correction
  76.2s P0100 -> L110 R150: drifting left, slight; original-table correction
  76.2s P0100 -> L110 R150: drifting left, slight; original-table correction
  76.3s P0100 -> L110 R150: drifting left, slight; original-table correction
  76.3s P0100 -> L110 R150: drifting left, slight; original-table correction
  76.3s P0100 -> L110 R150: drifting left, slight; original-table correction
  76.3s P0100 -> L110 R150: drifting left, slight; original-table correction
  76.3s P0100 -> L110 R150: drifting left, slight; original-table correction
  76.3s P0100 -> L110 R150: drifting left, slight; original-table correction
  76.3s P0100 -> L110 R150: drifting left, slight; original-table correction
  76.3s P0100 -> L110 R150: drifting left, slight; original-table correction
  76.3s P0100 -> L110 R150: drifting left, slight; original-table correction
  76.3s P0100 -> L110 R150: drifting left, slight; original-table correction
  76.4s P0100 -> L110 R150: drifting left, slight; original-table correction
  76.4s P0100 -> L110 R150: drifting left, slight; original-table correction
  76.4s P0100 -> L110 R150: drifting left, slight; original-table correction
  76.4s P0100 -> L110 R150: drifting left, slight; original-table correction
  76.4s P0110 -> L150 R150: centred or unresolved; original-table forward
  76.4s P0110 -> L150 R150: centred or unresolved; original-table forward
  76.4s P0110 -> L150 R150: centred or unresolved; original-table forward
  76.4s P0110 -> L150 R150: centred or unresolved; original-table forward
  76.4s P0110 -> L150 R150: centred or unresolved; original-table forward
  76.4s P0110 -> L150 R150: centred or unresolved; original-table forward
  76.5s P0110 -> L150 R150: centred or unresolved; original-table forward
  76.5s P0110 -> L150 R150: centred or unresolved; original-table forward
  76.5s P0110 -> L150 R150: centred or unresolved; original-table forward
  76.5s P0110 -> L150 R150: centred or unresolved; original-table forward
  76.5s P0110 -> L150 R150: centred or unresolved; original-table forward
  76.5s P0110 -> L150 R150: centred or unresolved; original-table forward
  76.5s P0110 -> L150 R150: centred or unresolved; original-table forward
  76.5s P0100 -> L110 R150: drifting left, slight; original-table correction
  76.5s P0100 -> L110 R150: drifting left, slight; original-table correction
  76.5s P0100 -> L110 R150: drifting left, slight; original-table correction
  76.6s P0100 -> L110 R150: drifting left, slight; original-table correction
  76.6s P0100 -> L110 R150: drifting left, slight; original-table correction
  76.6s P0100 -> L110 R150: drifting left, slight; original-table correction
  76.6s P0100 -> L110 R150: drifting left, slight; original-table correction
  76.6s P0100 -> L110 R150: drifting left, slight; original-table correction
  76.6s P0100 -> L110 R150: drifting left, slight; original-table correction
  76.6s P0100 -> L110 R150: drifting left, slight; original-table correction
  76.6s P0100 -> L110 R150: drifting left, slight; original-table correction
  76.6s P0100 -> L110 R150: drifting left, slight; original-table correction
  76.6s P0100 -> L110 R150: drifting left, slight; original-table correction
  76.7s P0100 -> L110 R150: drifting left, slight; original-table correction
  76.7s P0100 -> L110 R150: drifting left, slight; original-table correction
  76.7s P0100 -> L110 R150: drifting left, slight; original-table correction
  76.7s P0100 -> L110 R150: drifting left, slight; original-table correction
  76.7s P0100 -> L110 R150: drifting left, slight; original-table correction
  76.7s P0100 -> L110 R150: drifting left, slight; original-table correction
  76.7s P0100 -> L110 R150: drifting left, slight; original-table correction
  76.7s P0100 -> L110 R150: drifting left, slight; original-table correction
  76.7s P0100 -> L110 R150: drifting left, slight; original-table correction
  76.8s P0100 -> L110 R150: drifting left, slight; original-table correction
  76.8s P0100 -> L110 R150: drifting left, slight; original-table correction
  76.8s P0100 -> L110 R150: drifting left, slight; original-table correction
  76.8s P0100 -> L110 R150: drifting left, slight; original-table correction
  76.8s P0100 -> L110 R150: drifting left, slight; original-table correction
  76.8s P0100 -> L110 R150: drifting left, slight; original-table correction
  76.8s P0100 -> L110 R150: drifting left, slight; original-table correction
  76.8s P0100 -> L110 R150: drifting left, slight; original-table correction
  76.8s P0100 -> L110 R150: drifting left, slight; original-table correction
  76.8s P0100 -> L110 R150: drifting left, slight; original-table correction
  76.9s P0100 -> L110 R150: drifting left, slight; original-table correction
  76.9s P0100 -> L110 R150: drifting left, slight; original-table correction
  76.9s P0100 -> L110 R150: drifting left, slight; original-table correction
  76.9s P0100 -> L110 R150: drifting left, slight; original-table correction
  76.9s P0100 -> L110 R150: drifting left, slight; original-table correction
  76.9s P0100 -> L110 R150: drifting left, slight; original-table correction
  76.9s P0100 -> L110 R150: drifting left, slight; original-table correction
  76.9s P0100 -> L110 R150: drifting left, slight; original-table correction
  76.9s P0100 -> L110 R150: drifting left, slight; original-table correction
  76.9s P0100 -> L110 R150: drifting left, slight; original-table correction
  77.0s P0100 -> L110 R150: drifting left, slight; original-table correction
  77.0s P0100 -> L110 R150: drifting left, slight; original-table correction
  77.0s P0100 -> L110 R150: drifting left, slight; original-table correction
  77.0s P0100 -> L110 R150: drifting left, slight; original-table correction
  77.0s P0100 -> L110 R150: drifting left, slight; original-table correction
  77.0s P0100 -> L110 R150: drifting left, slight; original-table correction
  77.0s P0100 -> L110 R150: drifting left, slight; original-table correction
  77.0s P0100 -> L110 R150: drifting left, slight; original-table correction
  77.0s P0000 -> L60 R150: blind band; original-table correction
  77.0s P0000 -> L60 R150: blind band; original-table correction
  77.1s P0000 -> L60 R150: blind band; original-table correction
  77.1s P0000 -> L60 R150: blind band; original-table correction
  77.1s P0000 -> L60 R150: blind band; original-table correction
  77.1s P0000 -> L60 R150: blind band; original-table correction
  77.1s P0000 -> L60 R150: blind band; original-table correction
  77.1s P0000 -> L60 R150: blind band; original-table correction
  77.1s P0000 -> L60 R150: blind band; original-table correction
  77.1s P0000 -> L60 R150: blind band; original-table correction
  77.1s P0000 -> L60 R150: blind band; original-table correction
  77.1s P0000 -> L60 R150: blind band; original-table correction
  77.2s P0000 -> L60 R150: blind band; original-table correction
  77.2s P0000 -> L60 R150: blind band; original-table correction
  77.2s P0000 -> L60 R150: blind band; original-table correction
  77.2s P0000 -> L60 R150: blind band; original-table correction
  77.2s P0000 -> L60 R150: blind band; original-table correction
  77.2s P0000 -> L60 R150: blind band; original-table correction
  77.2s P0000 -> L60 R150: blind band; original-table correction
  77.2s P0000 -> L60 R150: blind band; original-table correction
  77.2s P0000 -> L60 R150: blind band; original-table correction
  77.2s P0000 -> L60 R150: blind band; original-table correction
  77.3s P0000 -> L60 R150: blind band; original-table correction
  77.3s P0100 -> L110 R150: drifting left, slight; original-table correction
  77.3s P0100 -> L110 R150: drifting left, slight; original-table correction
  77.3s P0100 -> L110 R150: drifting left, slight; original-table correction
  77.3s P0100 -> L110 R150: drifting left, slight; original-table correction
  77.3s P0100 -> L110 R150: drifting left, slight; original-table correction
  77.3s P0100 -> L110 R150: drifting left, slight; original-table correction
  77.3s P0100 -> L110 R150: drifting left, slight; original-table correction
  77.3s P0100 -> L110 R150: drifting left, slight; original-table correction
  77.3s P0100 -> L110 R150: drifting left, slight; original-table correction
  77.4s P0100 -> L110 R150: drifting left, slight; original-table correction
  77.4s P0100 -> L110 R150: drifting left, slight; original-table correction
  77.4s P0100 -> L110 R150: drifting left, slight; original-table correction
  77.4s P0100 -> L110 R150: drifting left, slight; original-table correction
  77.4s P0100 -> L110 R150: drifting left, slight; original-table correction
  77.4s P0000 -> L60 R150: blind band; original-table correction
  77.4s P0000 -> L60 R150: blind band; original-table correction
  77.4s P0000 -> L60 R150: blind band; original-table correction
  77.4s P0000 -> L60 R150: blind band; original-table correction
  77.4s P0000 -> L60 R150: blind band; original-table correction
  77.5s P0000 -> L60 R150: blind band; original-table correction
  77.5s P0000 -> L60 R150: blind band; original-table correction
  77.5s P0000 -> L60 R150: blind band; original-table correction
  77.5s P0000 -> L60 R150: blind band; original-table correction
  77.5s P0000 -> L60 R150: blind band; original-table correction
  77.5s P0000 -> L60 R150: blind band; original-table correction
  77.5s P0000 -> L60 R150: blind band; original-table correction
  77.5s P0000 -> L60 R150: blind band; original-table correction
  77.5s P0000 -> L60 R150: blind band; original-table correction
  77.5s P0000 -> L60 R150: blind band; original-table correction
  77.6s P0000 -> L60 R150: blind band; original-table correction
  77.6s P0000 -> L60 R150: blind band; original-table correction
  77.6s P0000 -> L60 R150: blind band; original-table correction
  77.6s P0000 -> L60 R150: blind band; original-table correction
  77.6s P0000 -> L60 R150: blind band; original-table correction
  77.6s P0000 -> L60 R150: blind band; original-table correction
  77.6s P0000 -> L60 R150: blind band; original-table correction
  77.6s P0000 -> L60 R150: blind band; original-table correction
  77.6s P0000 -> L60 R150: blind band; original-table correction
  77.6s P0000 -> L60 R150: blind band; original-table correction
  77.7s P0000 -> L60 R150: blind band; original-table correction
  77.7s P0000 -> L60 R150: blind band; original-table correction
  77.7s P0000 -> L60 R150: blind band; original-table correction
  77.7s P0000 -> L60 R150: blind band; original-table correction
  77.7s P0000 -> L60 R150: blind band; original-table correction
  77.7s P0000 -> L60 R150: blind band; original-table correction
  77.7s P0000 -> L60 R150: blind band; original-table correction
  77.7s P0000 -> L60 R150: blind band; original-table correction
  77.7s P0000 -> L60 R150: blind band; original-table correction
  77.7s P0000 -> L60 R150: blind band; original-table correction
  77.8s P0000 -> L60 R150: blind band; original-table correction
  77.8s P0000 -> L60 R150: blind band; original-table correction
  77.8s P0000 -> L60 R150: blind band; original-table correction
  77.8s P0000 -> L60 R150: blind band; original-table correction
  77.8s P0000 -> L60 R150: blind band; original-table correction
  77.8s P0000 -> L60 R150: blind band; original-table correction
  77.8s P0000 -> L60 R150: blind band; original-table correction
  77.8s P0000 -> L60 R150: blind band; original-table correction
  77.8s P0000 -> L60 R150: blind band; original-table correction
  77.8s P0000 -> L60 R150: blind band; original-table correction
  77.9s P0000 -> L60 R150: blind band; original-table correction
  77.9s P0000 -> L60 R150: blind band; original-table correction
  77.9s P0000 -> L60 R150: blind band; original-table correction
  77.9s P0000 -> L60 R150: blind band; original-table correction
  77.9s P0000 -> L60 R150: blind band; original-table correction
  77.9s P0000 -> L60 R150: blind band; original-table correction
  77.9s P0000 -> L60 R150: blind band; original-table correction
  77.9s P0000 -> L60 R150: blind band; original-table correction
  77.9s P0000 -> L60 R150: blind band; original-table correction
  77.9s P0000 -> L60 R150: blind band; original-table correction
  78.0s P0000 -> L60 R150: blind band; original-table correction
  78.0s P0000 -> L60 R150: blind band; original-table correction
  78.0s P0000 -> L60 R150: blind band; original-table correction
  78.0s P0000 -> L60 R150: blind band; original-table correction
  78.0s P0000 -> L60 R150: blind band; original-table correction
  78.0s P0000 -> L60 R150: blind band; original-table correction
  78.0s P0000 -> L60 R150: blind band; original-table correction
  78.0s P0000 -> L60 R150: blind band; original-table correction
  78.0s P0000 -> L60 R150: blind band; original-table correction
  78.0s P0000 -> L60 R150: blind band; original-table correction
  78.1s P0100 -> L110 R150: drifting left, slight; original-table correction
  78.1s P0100 -> L110 R150: drifting left, slight; original-table correction
  78.1s P0100 -> L110 R150: drifting left, slight; original-table correction
  78.1s P0100 -> L110 R150: drifting left, slight; original-table correction
  78.1s P0100 -> L110 R150: drifting left, slight; original-table correction
  78.1s P0100 -> L110 R150: drifting left, slight; original-table correction
  78.1s P0100 -> L110 R150: drifting left, slight; original-table correction
  78.1s P0100 -> L110 R150: drifting left, slight; original-table correction
  78.1s P0100 -> L110 R150: drifting left, slight; original-table correction
  78.1s P0100 -> L110 R150: drifting left, slight; original-table correction
  78.2s P0100 -> L110 R150: drifting left, slight; original-table correction
  78.2s P0100 -> L110 R150: drifting left, slight; original-table correction
  78.2s P0100 -> L110 R150: drifting left, slight; original-table correction
  78.2s P0100 -> L110 R150: drifting left, slight; original-table correction
  78.2s P0100 -> L110 R150: drifting left, slight; original-table correction
  78.2s P0100 -> L110 R150: drifting left, slight; original-table correction
  78.2s P0100 -> L110 R150: drifting left, slight; original-table correction
  78.2s P0100 -> L110 R150: drifting left, slight; original-table correction
  78.2s P0100 -> L110 R150: drifting left, slight; original-table correction
  78.2s P0000 -> L60 R150: blind band; original-table correction
  78.3s P0000 -> L60 R150: blind band; original-table correction
  78.3s P0000 -> L60 R150: blind band; original-table correction
  78.3s P0000 -> L60 R150: blind band; original-table correction
  78.3s P0000 -> L60 R150: blind band; original-table correction
  78.3s P0000 -> L60 R150: blind band; original-table correction
  78.3s P0000 -> L60 R150: blind band; original-table correction
  78.3s P0000 -> L60 R150: blind band; original-table correction
  78.3s P0000 -> L60 R150: blind band; original-table correction
  78.3s P0000 -> L60 R150: blind band; original-table correction
  78.4s P0100 -> L110 R150: drifting left, slight; original-table correction
  78.4s P0100 -> L110 R150: drifting left, slight; original-table correction
  78.4s P0100 -> L110 R150: drifting left, slight; original-table correction
  78.4s P0100 -> L110 R150: drifting left, slight; original-table correction
  78.4s P0100 -> L110 R150: drifting left, slight; original-table correction
  78.4s P0100 -> L110 R150: drifting left, slight; original-table correction
  78.4s P0100 -> L110 R150: drifting left, slight; original-table correction
  78.4s P0100 -> L110 R150: drifting left, slight; original-table correction
  78.4s P0100 -> L110 R150: drifting left, slight; original-table correction
  78.4s P0100 -> L110 R150: drifting left, slight; original-table correction
  78.5s P0100 -> L110 R150: drifting left, slight; original-table correction
  78.5s P0100 -> L110 R150: drifting left, slight; original-table correction
  78.5s P0100 -> L110 R150: drifting left, slight; original-table correction
  78.5s P0100 -> L110 R150: drifting left, slight; original-table correction
  78.5s P0100 -> L110 R150: drifting left, slight; original-table correction
  78.5s P0100 -> L110 R150: drifting left, slight; original-table correction
  78.5s P0100 -> L110 R150: drifting left, slight; original-table correction
  78.5s P0100 -> L110 R150: drifting left, slight; original-table correction
  78.5s P0100 -> L110 R150: drifting left, slight; original-table correction
  78.5s P0100 -> L110 R150: drifting left, slight; original-table correction
  78.6s P0100 -> L110 R150: drifting left, slight; original-table correction
  78.6s P0100 -> L110 R150: drifting left, slight; original-table correction
  78.6s P0100 -> L110 R150: drifting left, slight; original-table correction
  78.6s P0100 -> L110 R150: drifting left, slight; original-table correction
  78.6s P0100 -> L110 R150: drifting left, slight; original-table correction
  78.6s P0100 -> L110 R150: drifting left, slight; original-table correction
  78.6s P0100 -> L110 R150: drifting left, slight; original-table correction
  78.6s P0100 -> L110 R150: drifting left, slight; original-table correction
  78.6s P0100 -> L110 R150: drifting left, slight; original-table correction
  78.6s P0100 -> L110 R150: drifting left, slight; original-table correction
  78.7s P0100 -> L110 R150: drifting left, slight; original-table correction
  78.7s P0100 -> L110 R150: drifting left, slight; original-table correction
  78.7s P0000 -> L60 R150: blind band; original-table correction
  78.7s P0000 -> L60 R150: blind band; original-table correction
  78.7s P0000 -> L60 R150: blind band; original-table correction
  78.7s P0000 -> L60 R150: blind band; original-table correction
  78.7s P0000 -> L60 R150: blind band; original-table correction
  78.7s P0000 -> L60 R150: blind band; original-table correction
  78.7s P0000 -> L60 R150: blind band; original-table correction
  78.7s P0000 -> L60 R150: blind band; original-table correction
  78.8s P0000 -> L60 R150: blind band; original-table correction
  78.8s P0000 -> L60 R150: blind band; original-table correction
  78.8s P0000 -> L60 R150: blind band; original-table correction
  78.8s P0000 -> L60 R150: blind band; original-table correction
  78.8s P0000 -> L60 R150: blind band; original-table correction
  78.8s P0000 -> L60 R150: blind band; original-table correction
  78.8s P0000 -> L60 R150: blind band; original-table correction
  78.8s P0000 -> L60 R150: blind band; original-table correction
  78.8s P0000 -> L60 R150: blind band; original-table correction
  78.8s P0000 -> L60 R150: blind band; original-table correction
  78.9s P0000 -> L60 R150: blind band; original-table correction
  78.9s P0000 -> L60 R150: blind band; original-table correction
  78.9s P0000 -> L60 R150: blind band; original-table correction
  78.9s P1000 -> L-150 R150: far left, outer sensor only; hard left; original-table correction
  78.9s P1000 -> L-150 R150: far left, outer sensor only; hard left; original-table correction
  78.9s P1000 -> L-150 R150: far left, outer sensor only; hard left; original-table correction
  78.9s P1000 -> L-150 R150: far left, outer sensor only; hard left; original-table correction
  78.9s P1000 -> L-150 R150: far left, outer sensor only; hard left; original-table correction
  78.9s P1000 -> L-150 R150: far left, outer sensor only; hard left; original-table correction
  78.9s P1000 -> L-150 R150: far left, outer sensor only; hard left; original-table correction
  79.0s P1000 -> L-150 R150: far left, outer sensor only; hard left; original-table correction
  79.0s P1000 -> L-150 R150: far left, outer sensor only; hard left; original-table correction
  79.0s P1000 -> L-150 R150: far left, outer sensor only; hard left; original-table correction
  79.0s P1000 -> L-150 R150: far left, outer sensor only; hard left; original-table correction
  79.0s P1000 -> L-150 R150: far left, outer sensor only; hard left; original-table correction
  79.0s P1000 -> L-150 R150: far left, outer sensor only; hard left; original-table correction
  79.0s P1000 -> L-150 R150: far left, outer sensor only; hard left; original-table correction
  79.0s P1000 -> L-150 R150: far left, outer sensor only; hard left; original-table correction
  79.0s P1000 -> L-150 R150: far left, outer sensor only; hard left; original-table correction
  79.0s P1000 -> L-150 R150: far left, outer sensor only; hard left; original-table correction
  79.1s P1000 -> L-150 R150: far left, outer sensor only; hard left; original-table correction
  79.1s P0000 -> L150 R150: blind band or line lost; original-table forward
  79.1s P0000 -> L150 R150: blind band or line lost; original-table forward
  79.1s P0000 -> L150 R150: blind band or line lost; original-table forward
  79.1s P0100 -> L110 R150: drifting left, slight; original-table correction
  79.1s P0100 -> L110 R150: drifting left, slight; original-table correction
  79.1s P0100 -> L110 R150: drifting left, slight; original-table correction
  79.1s P0100 -> L110 R150: drifting left, slight; original-table correction
  79.1s P0100 -> L110 R150: drifting left, slight; original-table correction
  79.1s P0100 -> L110 R150: drifting left, slight; original-table correction
  79.2s P0100 -> L110 R150: drifting left, slight; original-table correction
  79.2s P0100 -> L110 R150: drifting left, slight; original-table correction
  79.2s P0000 -> L60 R150: blind band; original-table correction
  79.2s P0000 -> L60 R150: blind band; original-table correction
  79.2s P0000 -> L60 R150: blind band; original-table correction
  79.2s P0000 -> L60 R150: blind band; original-table correction
  79.2s P0000 -> L60 R150: blind band; original-table correction
  79.2s P0000 -> L60 R150: blind band; original-table correction
  79.2s P0000 -> L60 R150: blind band; original-table correction
  79.2s P0000 -> L60 R150: blind band; original-table correction
  79.3s P0000 -> L60 R150: blind band; original-table correction
  79.3s P0000 -> L60 R150: blind band; original-table correction
  79.3s P0000 -> L60 R150: blind band; original-table correction
  79.3s P0000 -> L60 R150: blind band; original-table correction
  79.3s P0000 -> L60 R150: blind band; original-table correction
  79.3s P0000 -> L60 R150: blind band; original-table correction
  79.3s P0000 -> L60 R150: blind band; original-table correction
  79.3s P0000 -> L60 R150: blind band; original-table correction
  79.3s P0000 -> L60 R150: blind band; original-table correction
  79.3s P0000 -> L60 R150: blind band; original-table correction
  79.4s P0000 -> L60 R150: blind band; original-table correction
  79.4s P0000 -> L60 R150: blind band; original-table correction
  79.4s P0000 -> L60 R150: blind band; original-table correction
  79.4s P0000 -> L60 R150: blind band; original-table correction
  79.4s P0000 -> L60 R150: blind band; original-table correction
  79.4s P0000 -> L60 R150: blind band; original-table correction
  79.4s P0000 -> L60 R150: blind band; original-table correction
  79.4s P0100 -> L110 R150: drifting left, slight; original-table correction
  79.4s P0100 -> L110 R150: drifting left, slight; original-table correction
  79.4s P0100 -> L110 R150: drifting left, slight; original-table correction
  79.5s P0100 -> L110 R150: drifting left, slight; original-table correction
  79.5s P0100 -> L110 R150: drifting left, slight; original-table correction
  79.5s P0100 -> L110 R150: drifting left, slight; original-table correction
  79.5s P0100 -> L110 R150: drifting left, slight; original-table correction
  79.5s P0100 -> L110 R150: drifting left, slight; original-table correction
  79.5s P0100 -> L110 R150: drifting left, slight; original-table correction
  79.5s P0100 -> L110 R150: drifting left, slight; original-table correction
  79.5s P0100 -> L110 R150: drifting left, slight; original-table correction
  79.5s P0100 -> L110 R150: drifting left, slight; original-table correction
  79.5s P0100 -> L110 R150: drifting left, slight; original-table correction
  79.6s P0100 -> L110 R150: drifting left, slight; original-table correction
  79.6s P0100 -> L110 R150: drifting left, slight; original-table correction
  79.6s P0100 -> L110 R150: drifting left, slight; original-table correction
  79.6s P0100 -> L110 R150: drifting left, slight; original-table correction
  79.6s P0100 -> L110 R150: drifting left, slight; original-table correction
  79.6s P0100 -> L110 R150: drifting left, slight; original-table correction
  79.6s P0100 -> L110 R150: drifting left, slight; original-table correction
  79.6s P0100 -> L110 R150: drifting left, slight; original-table correction
  79.6s P0100 -> L110 R150: drifting left, slight; original-table correction
  79.6s P0100 -> L110 R150: drifting left, slight; original-table correction
  79.7s P0100 -> L110 R150: drifting left, slight; original-table correction
  79.7s P0100 -> L110 R150: drifting left, slight; original-table correction
  79.7s P0100 -> L110 R150: drifting left, slight; original-table correction
  79.7s P0100 -> L110 R150: drifting left, slight; original-table correction
  79.7s P0100 -> L110 R150: drifting left, slight; original-table correction
  79.7s P0100 -> L110 R150: drifting left, slight; original-table correction
  79.7s P0100 -> L110 R150: drifting left, slight; original-table correction
  79.7s P0100 -> L110 R150: drifting left, slight; original-table correction
  79.7s P0100 -> L110 R150: drifting left, slight; original-table correction
  79.7s P0100 -> L110 R150: drifting left, slight; original-table correction
  79.8s P0100 -> L110 R150: drifting left, slight; original-table correction
  79.8s P0100 -> L110 R150: drifting left, slight; original-table correction
  79.8s P0100 -> L110 R150: drifting left, slight; original-table correction
  79.8s P0100 -> L110 R150: drifting left, slight; original-table correction
  79.8s P1100 -> L60 R150: left pair, needs >2.8cm of black; original-table junction correction
  79.8s P1100 -> L60 R150: left pair, needs >2.8cm of black; original-table junction correction
  79.8s P1100 -> L60 R150: left pair, needs >2.8cm of black; original-table junction correction
  79.8s P1100 -> L60 R150: left pair, needs >2.8cm of black; original-table junction correction
  79.8s P1100 -> L60 R150: left pair, needs >2.8cm of black; original-table junction correction
  79.8s P1100 -> L60 R150: left pair, needs >2.8cm of black; original-table junction correction
  79.9s P1100 -> L60 R150: left pair, needs >2.8cm of black; original-table junction correction
  79.9s P1100 -> L60 R150: left pair, needs >2.8cm of black; original-table junction correction
  79.9s P1100 -> L60 R150: left pair, needs >2.8cm of black; original-table junction correction
  79.9s P1100 -> L60 R150: left pair, needs >2.8cm of black; original-table junction correction
  79.9s P0100 -> L110 R150: drifting left, slight; original-table correction
  79.9s P0100 -> L110 R150: drifting left, slight; original-table correction
  79.9s P0100 -> L110 R150: drifting left, slight; original-table correction
  79.9s P0100 -> L110 R150: drifting left, slight; original-table correction
  79.9s P0100 -> L110 R150: drifting left, slight; original-table correction
  79.9s P0100 -> L110 R150: drifting left, slight; original-table correction
  80.0s P0100 -> L110 R150: drifting left, slight; original-table correction
  80.0s P0100 -> L110 R150: drifting left, slight; original-table correction
  80.0s P0100 -> L110 R150: drifting left, slight; original-table correction
  80.0s P0100 -> L110 R150: drifting left, slight; original-table correction
  80.0s P0100 -> L110 R150: drifting left, slight; original-table correction
  80.0s P0100 -> L110 R150: drifting left, slight; original-table correction
  80.0s P0100 -> L110 R150: drifting left, slight; original-table correction
  80.0s P0100 -> L110 R150: drifting left, slight; original-table correction
  80.0s P0100 -> L110 R150: drifting left, slight; original-table correction
  80.0s P0100 -> L110 R150: drifting left, slight; original-table correction
  80.1s P0100 -> L110 R150: drifting left, slight; original-table correction
  80.1s P0110 -> L150 R150: centred or unresolved; original-table forward
  80.1s P0110 -> L150 R150: centred or unresolved; original-table forward
  80.1s P0110 -> L150 R150: centred or unresolved; original-table forward
  80.1s P0110 -> L150 R150: centred or unresolved; original-table forward
  80.1s P0110 -> L150 R150: centred or unresolved; original-table forward
  80.1s P0110 -> L150 R150: centred or unresolved; original-table forward
  80.1s P0110 -> L150 R150: centred or unresolved; original-table forward
  80.1s P0110 -> L150 R150: centred or unresolved; original-table forward
  80.2s P0110 -> L150 R150: centred or unresolved; original-table forward
  80.2s P0110 -> L150 R150: centred or unresolved; original-table forward
  80.2s P0110 -> L150 R150: centred or unresolved; original-table forward
  80.2s P0100 -> L110 R150: drifting left, slight; original-table correction
  80.2s P0100 -> L110 R150: drifting left, slight; original-table correction
  80.2s P0100 -> L110 R150: drifting left, slight; original-table correction
  80.2s P0100 -> L110 R150: drifting left, slight; original-table correction
  80.2s P0100 -> L110 R150: drifting left, slight; original-table correction
  80.2s P0100 -> L110 R150: drifting left, slight; original-table correction
  80.2s P0100 -> L110 R150: drifting left, slight; original-table correction
  80.3s P0100 -> L110 R150: drifting left, slight; original-table correction
  80.3s P0100 -> L110 R150: drifting left, slight; original-table correction
  80.3s P0100 -> L110 R150: drifting left, slight; original-table correction
  80.3s P0100 -> L110 R150: drifting left, slight; original-table correction
  80.3s P0100 -> L110 R150: drifting left, slight; original-table correction
  80.3s P0100 -> L110 R150: drifting left, slight; original-table correction
  80.3s P0100 -> L110 R150: drifting left, slight; original-table correction
  80.3s P0100 -> L110 R150: drifting left, slight; original-table correction
  80.3s P0100 -> L110 R150: drifting left, slight; original-table correction
  80.3s P0100 -> L110 R150: drifting left, slight; original-table correction
  80.4s P0100 -> L110 R150: drifting left, slight; original-table correction
  80.4s P0100 -> L110 R150: drifting left, slight; original-table correction
  80.4s P0100 -> L110 R150: drifting left, slight; original-table correction
  80.4s P0100 -> L110 R150: drifting left, slight; original-table correction
  80.4s P0100 -> L110 R150: drifting left, slight; original-table correction
  80.4s P0100 -> L110 R150: drifting left, slight; original-table correction
  80.4s P0100 -> L110 R150: drifting left, slight; original-table correction
  80.4s P0100 -> L110 R150: drifting left, slight; original-table correction
  80.4s P0100 -> L110 R150: drifting left, slight; original-table correction
  80.4s P0000 -> L60 R150: blind band; original-table correction
  80.5s P0000 -> L60 R150: blind band; original-table correction
  80.5s P0000 -> L60 R150: blind band; original-table correction
  80.5s P0000 -> L60 R150: blind band; original-table correction
  80.5s P0000 -> L60 R150: blind band; original-table correction
  80.5s P0000 -> L60 R150: blind band; original-table correction
  80.5s P0000 -> L60 R150: blind band; original-table correction
  80.5s P0000 -> L60 R150: blind band; original-table correction
  80.5s P0000 -> L60 R150: blind band; original-table correction
  80.5s P0000 -> L60 R150: blind band; original-table correction
  80.5s P0000 -> L60 R150: blind band; original-table correction
  80.6s P0000 -> L60 R150: blind band; original-table correction
  80.6s P0000 -> L60 R150: blind band; original-table correction
  80.6s P0000 -> L60 R150: blind band; original-table correction
  80.6s P0000 -> L60 R150: blind band; original-table correction
  80.6s P0000 -> L60 R150: blind band; original-table correction
  80.6s P0000 -> L60 R150: blind band; original-table correction
  80.6s P0000 -> L60 R150: blind band; original-table correction
  80.6s P0000 -> L60 R150: blind band; original-table correction
  80.6s P0000 -> L60 R150: blind band; original-table correction
  80.6s P0000 -> L60 R150: blind band; original-table correction
  80.7s P0000 -> L60 R150: blind band; original-table correction
  80.7s P1000 -> L-150 R150: far left, outer sensor only; hard left; original-table correction
  80.7s P1000 -> L-150 R150: far left, outer sensor only; hard left; original-table correction
  80.7s P1000 -> L-150 R150: far left, outer sensor only; hard left; original-table correction
  80.7s P1100 -> L60 R150: left pair, needs >2.8cm of black; original-table junction correction
  80.7s P1100 -> L60 R150: left pair, needs >2.8cm of black; original-table junction correction
  80.7s P1100 -> L60 R150: left pair, needs >2.8cm of black; original-table junction correction
  80.7s P1100 -> L60 R150: left pair, needs >2.8cm of black; original-table junction correction
  80.7s P1100 -> L60 R150: left pair, needs >2.8cm of black; original-table junction correction
  80.7s P0100 -> L110 R150: drifting left, slight; original-table correction
  80.8s P0100 -> L110 R150: drifting left, slight; original-table correction
  80.8s P0100 -> L110 R150: drifting left, slight; original-table correction
  80.8s P0100 -> L110 R150: drifting left, slight; original-table correction
  80.8s P0100 -> L110 R150: drifting left, slight; original-table correction
  80.8s P0100 -> L110 R150: drifting left, slight; original-table correction
  80.8s P0100 -> L110 R150: drifting left, slight; original-table correction
  80.8s P0100 -> L110 R150: drifting left, slight; original-table correction
  80.8s P0100 -> L110 R150: drifting left, slight; original-table correction
  80.8s P0100 -> L110 R150: drifting left, slight; original-table correction
  80.8s P0100 -> L110 R150: drifting left, slight; original-table correction
  80.9s P0100 -> L110 R150: drifting left, slight; original-table correction
  80.9s P0100 -> L110 R150: drifting left, slight; original-table correction
  80.9s P0000 -> L60 R150: blind band; original-table correction
  80.9s P0000 -> L60 R150: blind band; original-table correction
  80.9s P0000 -> L60 R150: blind band; original-table correction
  80.9s P0000 -> L60 R150: blind band; original-table correction
  80.9s P0000 -> L60 R150: blind band; original-table correction
  80.9s P0000 -> L60 R150: blind band; original-table correction
  80.9s P0000 -> L60 R150: blind band; original-table correction
  80.9s P0000 -> L60 R150: blind band; original-table correction
  81.0s P0000 -> L60 R150: blind band; original-table correction
  81.0s P0000 -> L60 R150: blind band; original-table correction
  81.0s P0000 -> L60 R150: blind band; original-table correction
  81.0s P0000 -> L60 R150: blind band; original-table correction
  81.0s P0000 -> L60 R150: blind band; original-table correction
  81.0s P0000 -> L60 R150: blind band; original-table correction
  81.0s P0000 -> L60 R150: blind band; original-table correction
  81.0s P0000 -> L60 R150: blind band; original-table correction
  81.0s P0000 -> L60 R150: blind band; original-table correction
  81.0s P0000 -> L60 R150: blind band; original-table correction
  81.1s P0000 -> L60 R150: blind band; original-table correction
  81.1s P0000 -> L60 R150: blind band; original-table correction
  81.1s P0100 -> L110 R150: drifting left, slight; original-table correction
  81.1s P0100 -> L110 R150: drifting left, slight; original-table correction
  81.1s P0100 -> L110 R150: drifting left, slight; original-table correction
  81.1s P0100 -> L110 R150: drifting left, slight; original-table correction
  81.1s P0100 -> L110 R150: drifting left, slight; original-table correction
  81.1s P0100 -> L110 R150: drifting left, slight; original-table correction
  81.1s P0100 -> L110 R150: drifting left, slight; original-table correction
  81.1s P0100 -> L110 R150: drifting left, slight; original-table correction
  81.2s P0100 -> L110 R150: drifting left, slight; original-table correction
  81.2s P0100 -> L110 R150: drifting left, slight; original-table correction
  81.2s P0100 -> L110 R150: drifting left, slight; original-table correction
  81.2s P0100 -> L110 R150: drifting left, slight; original-table correction
  81.2s P0100 -> L110 R150: drifting left, slight; original-table correction
  81.2s P0100 -> L110 R150: drifting left, slight; original-table correction
  81.2s P0100 -> L110 R150: drifting left, slight; original-table correction
  81.2s P0100 -> L110 R150: drifting left, slight; original-table correction
  81.2s P0100 -> L110 R150: drifting left, slight; original-table correction
  81.2s P0100 -> L110 R150: drifting left, slight; original-table correction
  81.3s P0000 -> L60 R150: blind band; original-table correction
  81.3s P0000 -> L60 R150: blind band; original-table correction
  81.3s P0000 -> L60 R150: blind band; original-table correction
  81.3s P0000 -> L60 R150: blind band; original-table correction
  81.3s P0000 -> L60 R150: blind band; original-table correction
  81.3s P0000 -> L60 R150: blind band; original-table correction
  81.3s P0000 -> L60 R150: blind band; original-table correction
  81.3s P0000 -> L60 R150: blind band; original-table correction
  81.3s P0000 -> L60 R150: blind band; original-table correction
  81.3s P0000 -> L60 R150: blind band; original-table correction
  81.4s P0000 -> L60 R150: blind band; original-table correction
  81.4s P0000 -> L60 R150: blind band; original-table correction
  81.4s P0100 -> L110 R150: drifting left, slight; original-table correction
  81.4s P0100 -> L110 R150: drifting left, slight; original-table correction
  81.4s P0100 -> L110 R150: drifting left, slight; original-table correction
  81.4s P0100 -> L110 R150: drifting left, slight; original-table correction
  81.4s P0100 -> L110 R150: drifting left, slight; original-table correction
  81.4s P0100 -> L110 R150: drifting left, slight; original-table correction
  81.4s P0100 -> L110 R150: drifting left, slight; original-table correction
  81.4s P0100 -> L110 R150: drifting left, slight; original-table correction
  81.5s P0100 -> L110 R150: drifting left, slight; original-table correction
  81.5s P0100 -> L110 R150: drifting left, slight; original-table correction
  81.5s P0100 -> L110 R150: drifting left, slight; original-table correction
  81.5s P0000 -> L60 R150: blind band; original-table correction
  81.5s P0000 -> L60 R150: blind band; original-table correction
  81.5s P0000 -> L60 R150: blind band; original-table correction
  81.5s P0000 -> L60 R150: blind band; original-table correction
  81.5s P0000 -> L60 R150: blind band; original-table correction
  81.5s P0000 -> L60 R150: blind band; original-table correction
  81.5s P0000 -> L60 R150: blind band; original-table correction
  81.6s P0000 -> L60 R150: blind band; original-table correction
  81.6s P0000 -> L60 R150: blind band; original-table correction
  81.6s P0000 -> L60 R150: blind band; original-table correction
  81.6s P0000 -> L60 R150: blind band; original-table correction
  81.6s P0100 -> L110 R150: drifting left, slight; original-table correction
  81.6s P0100 -> L110 R150: drifting left, slight; original-table correction
  81.6s P0100 -> L110 R150: drifting left, slight; original-table correction
  81.6s P0100 -> L110 R150: drifting left, slight; original-table correction
  81.6s P0100 -> L110 R150: drifting left, slight; original-table correction
  81.6s P0100 -> L110 R150: drifting left, slight; original-table correction
  81.7s P0100 -> L110 R150: drifting left, slight; original-table correction
  81.7s P0100 -> L110 R150: drifting left, slight; original-table correction
  81.7s P0100 -> L110 R150: drifting left, slight; original-table correction
  81.7s P0100 -> L110 R150: drifting left, slight; original-table correction
  81.7s P0100 -> L110 R150: drifting left, slight; original-table correction
  81.7s P0100 -> L110 R150: drifting left, slight; original-table correction
  81.7s P0100 -> L110 R150: drifting left, slight; original-table correction
  81.7s P0100 -> L110 R150: drifting left, slight; original-table correction
  81.7s P0100 -> L110 R150: drifting left, slight; original-table correction
  81.7s P0100 -> L110 R150: drifting left, slight; original-table correction
  81.8s P0100 -> L110 R150: drifting left, slight; original-table correction
  81.8s P0100 -> L110 R150: drifting left, slight; original-table correction
  81.8s P0100 -> L110 R150: drifting left, slight; original-table correction
  81.8s P0000 -> L60 R150: blind band; original-table correction
  81.8s P0000 -> L60 R150: blind band; original-table correction
  81.8s P0000 -> L60 R150: blind band; original-table correction
  81.8s P0000 -> L60 R150: blind band; original-table correction
  81.8s P0000 -> L60 R150: blind band; original-table correction
  81.8s P0000 -> L60 R150: blind band; original-table correction
  81.9s P0000 -> L60 R150: blind band; original-table correction
  81.9s P0000 -> L60 R150: blind band; original-table correction
  81.9s P0000 -> L60 R150: blind band; original-table correction
  81.9s P0100 -> L110 R150: drifting left, slight; original-table correction
  81.9s P0100 -> L110 R150: drifting left, slight; original-table correction
  81.9s P0100 -> L110 R150: drifting left, slight; original-table correction
  81.9s P0100 -> L110 R150: drifting left, slight; original-table correction
  81.9s P0100 -> L110 R150: drifting left, slight; original-table correction
  81.9s P0100 -> L110 R150: drifting left, slight; original-table correction
  81.9s P0100 -> L110 R150: drifting left, slight; original-table correction
  82.0s P0000 -> L60 R150: blind band; original-table correction
  82.0s P0000 -> L60 R150: blind band; original-table correction
  82.0s P0000 -> L60 R150: blind band; original-table correction
  82.0s P0000 -> L60 R150: blind band; original-table correction
  82.0s P0000 -> L60 R150: blind band; original-table correction
  82.0s P0000 -> L60 R150: blind band; original-table correction
  82.0s P0000 -> L60 R150: blind band; original-table correction
  82.0s P0000 -> L60 R150: blind band; original-table correction
  82.0s P0000 -> L60 R150: blind band; original-table correction
  82.0s P0000 -> L60 R150: blind band; original-table correction
  82.1s P0000 -> L60 R150: blind band; original-table correction
  82.1s P0000 -> L60 R150: blind band; original-table correction
  82.1s P1000 -> L-150 R150: far left, outer sensor only; hard left; original-table correction
  82.1s P1000 -> L-150 R150: far left, outer sensor only; hard left; original-table correction
  82.1s P1000 -> L-150 R150: far left, outer sensor only; hard left; original-table correction
  82.1s P1000 -> L-150 R150: far left, outer sensor only; hard left; original-table correction
  82.1s P1000 -> L-150 R150: far left, outer sensor only; hard left; original-table correction
  82.1s P1000 -> L-150 R150: far left, outer sensor only; hard left; original-table correction
  82.1s P1000 -> L-150 R150: far left, outer sensor only; hard left; original-table correction
  82.1s P1000 -> L-150 R150: far left, outer sensor only; hard left; original-table correction
  82.2s P1000 -> L-150 R150: far left, outer sensor only; hard left; original-table correction
  82.2s P1000 -> L-150 R150: far left, outer sensor only; hard left; original-table correction
  82.2s P1100 -> L60 R150: left pair, needs >2.8cm of black; original-table junction correction
  82.2s P1100 -> L60 R150: left pair, needs >2.8cm of black; original-table junction correction
  82.2s P1100 -> L60 R150: left pair, needs >2.8cm of black; original-table junction correction
  82.2s P1100 -> L60 R150: left pair, needs >2.8cm of black; original-table junction correction
  82.2s P1100 -> L60 R150: left pair, needs >2.8cm of black; original-table junction correction
  82.2s P1100 -> L60 R150: left pair, needs >2.8cm of black; original-table junction correction
  82.2s P1100 -> L60 R150: left pair, needs >2.8cm of black; original-table junction correction
  82.2s P1100 -> L60 R150: left pair, needs >2.8cm of black; original-table junction correction
  82.3s P1100 -> L60 R150: left pair, needs >2.8cm of black; original-table junction correction
  82.3s P1100 -> L60 R150: left pair, needs >2.8cm of black; original-table junction correction
  82.3s P1100 -> L60 R150: left pair, needs >2.8cm of black; original-table junction correction
  82.3s P1100 -> L60 R150: left pair, needs >2.8cm of black; original-table junction correction
  82.3s P1100 -> L60 R150: left pair, needs >2.8cm of black; original-table junction correction
  82.3s P1100 -> L60 R150: left pair, needs >2.8cm of black; original-table junction correction
  82.3s P1100 -> L60 R150: left pair, needs >2.8cm of black; original-table junction correction
  82.3s P1100 -> L60 R150: left pair, needs >2.8cm of black; original-table junction correction
  82.3s P1100 -> L60 R150: left pair, needs >2.8cm of black; original-table junction correction
  82.3s P1100 -> L60 R150: left pair, needs >2.8cm of black; original-table junction correction
  82.4s P1100 -> L60 R150: left pair, needs >2.8cm of black; original-table junction correction
  82.4s P1100 -> L60 R150: left pair, needs >2.8cm of black; original-table junction correction
  82.4s P1100 -> L60 R150: left pair, needs >2.8cm of black; original-table junction correction
  82.4s P1100 -> L60 R150: left pair, needs >2.8cm of black; original-table junction correction
  82.4s P1100 -> L60 R150: left pair, needs >2.8cm of black; original-table junction correction
  82.4s P1100 -> L60 R150: left pair, needs >2.8cm of black; original-table junction correction
  82.4s P1100 -> L60 R150: left pair, needs >2.8cm of black; original-table junction correction
  82.4s P1100 -> L60 R150: left pair, needs >2.8cm of black; original-table junction correction
  82.4s P1100 -> L60 R150: left pair, needs >2.8cm of black; original-table junction correction
  82.4s P1100 -> L60 R150: left pair, needs >2.8cm of black; original-table junction correction
  82.5s P1100 -> L60 R150: left pair, needs >2.8cm of black; original-table junction correction
  82.5s P1100 -> L60 R150: left pair, needs >2.8cm of black; original-table junction correction
  82.5s P1100 -> L60 R150: left pair, needs >2.8cm of black; original-table junction correction
  82.5s P1100 -> L60 R150: left pair, needs >2.8cm of black; original-table junction correction
  82.5s P1100 -> L60 R150: left pair, needs >2.8cm of black; original-table junction correction
  82.5s P1100 -> L60 R150: left pair, needs >2.8cm of black; original-table junction correction
  82.5s P1100 -> L60 R150: left pair, needs >2.8cm of black; original-table junction correction
  82.5s P1100 -> L60 R150: left pair, needs >2.8cm of black; original-table junction correction
  82.5s P1100 -> L60 R150: left pair, needs >2.8cm of black; original-table junction correction
  82.5s P0100 -> L110 R150: drifting left, slight; original-table correction
  82.6s P0100 -> L110 R150: drifting left, slight; original-table correction
  82.6s P0100 -> L110 R150: drifting left, slight; original-table correction
  82.6s P0100 -> L110 R150: drifting left, slight; original-table correction
  82.6s P0100 -> L110 R150: drifting left, slight; original-table correction
  82.6s P0100 -> L110 R150: drifting left, slight; original-table correction
  82.6s P0100 -> L110 R150: drifting left, slight; original-table correction
  82.6s P0100 -> L110 R150: drifting left, slight; original-table correction
  82.6s P0100 -> L110 R150: drifting left, slight; original-table correction
  82.6s P0100 -> L110 R150: drifting left, slight; original-table correction
  82.6s P0100 -> L110 R150: drifting left, slight; original-table correction
  82.7s P0100 -> L110 R150: drifting left, slight; original-table correction
  82.7s P0100 -> L110 R150: drifting left, slight; original-table correction
  82.7s P0100 -> L110 R150: drifting left, slight; original-table correction
  82.7s P0100 -> L110 R150: drifting left, slight; original-table correction
  82.7s P0100 -> L110 R150: drifting left, slight; original-table correction
  82.7s P0100 -> L110 R150: drifting left, slight; original-table correction
  82.7s P0100 -> L110 R150: drifting left, slight; original-table correction
  82.7s P0100 -> L110 R150: drifting left, slight; original-table correction
  82.7s P0100 -> L110 R150: drifting left, slight; original-table correction
  82.7s P0100 -> L110 R150: drifting left, slight; original-table correction
  82.8s P0100 -> L110 R150: drifting left, slight; original-table correction
  82.8s P0100 -> L110 R150: drifting left, slight; original-table correction
  82.8s P0100 -> L110 R150: drifting left, slight; original-table correction
  82.8s P0100 -> L110 R150: drifting left, slight; original-table correction
  82.8s P0100 -> L110 R150: drifting left, slight; original-table correction
  82.8s P0100 -> L110 R150: drifting left, slight; original-table correction
  82.8s P0100 -> L110 R150: drifting left, slight; original-table correction
  82.8s P0100 -> L110 R150: drifting left, slight; original-table correction
  82.8s P0100 -> L110 R150: drifting left, slight; original-table correction
  82.8s P0100 -> L110 R150: drifting left, slight; original-table correction
  82.9s P0100 -> L110 R150: drifting left, slight; original-table correction
  82.9s P0100 -> L110 R150: drifting left, slight; original-table correction
  82.9s P0100 -> L110 R150: drifting left, slight; original-table correction
  82.9s P0100 -> L110 R150: drifting left, slight; original-table correction
  82.9s P0100 -> L110 R150: drifting left, slight; original-table correction
  82.9s P0100 -> L110 R150: drifting left, slight; original-table correction
  82.9s P0100 -> L110 R150: drifting left, slight; original-table correction
  82.9s P0100 -> L110 R150: drifting left, slight; original-table correction
  82.9s P0100 -> L110 R150: drifting left, slight; original-table correction
  82.9s P0000 -> L60 R150: blind band; original-table correction
  83.0s P0000 -> L60 R150: blind band; original-table correction
  83.0s P1000 -> L-150 R150: far left, outer sensor only; hard left; original-table correction
  83.0s P1000 -> L-150 R150: far left, outer sensor only; hard left; original-table correction
  83.0s P1000 -> L-150 R150: far left, outer sensor only; hard left; original-table correction
  83.0s P1000 -> L-150 R150: far left, outer sensor only; hard left; original-table correction
  83.0s P1000 -> L-150 R150: far left, outer sensor only; hard left; original-table correction
  83.0s P1000 -> L-150 R150: far left, outer sensor only; hard left; original-table correction
  83.0s P1000 -> L-150 R150: far left, outer sensor only; hard left; original-table correction
  83.0s P1000 -> L-150 R150: far left, outer sensor only; hard left; original-table correction
  83.0s P1100 -> L60 R150: left pair, needs >2.8cm of black; original-table junction correction
  83.1s P1100 -> L60 R150: left pair, needs >2.8cm of black; original-table junction correction
  83.1s P1100 -> L60 R150: left pair, needs >2.8cm of black; original-table junction correction
  83.1s P1100 -> L60 R150: left pair, needs >2.8cm of black; original-table junction correction
  83.1s P1100 -> L60 R150: left pair, needs >2.8cm of black; original-table junction correction
  83.1s P1100 -> L60 R150: left pair, needs >2.8cm of black; original-table junction correction
  83.1s P1100 -> L60 R150: left pair, needs >2.8cm of black; original-table junction correction
  83.1s P1100 -> L60 R150: left pair, needs >2.8cm of black; original-table junction correction
  83.1s P1100 -> L60 R150: left pair, needs >2.8cm of black; original-table junction correction
  83.1s P1100 -> L60 R150: left pair, needs >2.8cm of black; original-table junction correction
  83.1s P1100 -> L60 R150: left pair, needs >2.8cm of black; original-table junction correction
  83.2s P1100 -> L60 R150: left pair, needs >2.8cm of black; original-table junction correction
  83.2s P1100 -> L60 R150: left pair, needs >2.8cm of black; original-table junction correction
  83.2s P1100 -> L60 R150: left pair, needs >2.8cm of black; original-table junction correction
  83.2s P1100 -> L60 R150: left pair, needs >2.8cm of black; original-table junction correction
  83.2s P1100 -> L60 R150: left pair, needs >2.8cm of black; original-table junction correction
  83.2s P1100 -> L60 R150: left pair, needs >2.8cm of black; original-table junction correction
  83.2s P1100 -> L60 R150: left pair, needs >2.8cm of black; original-table junction correction
  83.2s P1100 -> L60 R150: left pair, needs >2.8cm of black; original-table junction correction
  83.2s P1100 -> L60 R150: left pair, needs >2.8cm of black; original-table junction correction
  83.2s P1100 -> L60 R150: left pair, needs >2.8cm of black; original-table junction correction
  83.3s P1100 -> L60 R150: left pair, needs >2.8cm of black; original-table junction correction
  83.3s P1100 -> L60 R150: left pair, needs >2.8cm of black; original-table junction correction
  83.3s P1100 -> L60 R150: left pair, needs >2.8cm of black; original-table junction correction
  83.3s P1100 -> L60 R150: left pair, needs >2.8cm of black; original-table junction correction
  83.3s P1100 -> L60 R150: left pair, needs >2.8cm of black; original-table junction correction
  83.3s P1100 -> L60 R150: left pair, needs >2.8cm of black; original-table junction correction
  83.3s P1100 -> L60 R150: left pair, needs >2.8cm of black; original-table junction correction
  83.3s P1110 -> L60 R150: branch or curve on the left; original-table junction correction
  83.3s P1110 -> L60 R150: branch or curve on the left; original-table junction correction
  83.3s P1110 -> L60 R150: branch or curve on the left; original-table junction correction
  83.4s P1110 -> L60 R150: branch or curve on the left; original-table junction correction
  83.4s P1110 -> L60 R150: branch or curve on the left; original-table junction correction
  83.4s P1110 -> L60 R150: branch or curve on the left; original-table junction correction
  83.4s P1110 -> L60 R150: branch or curve on the left; original-table junction correction
  83.4s P1110 -> L60 R150: branch or curve on the left; original-table junction correction
  83.4s P1110 -> L60 R150: branch or curve on the left; original-table junction correction
  83.4s P1110 -> L60 R150: branch or curve on the left; original-table junction correction
  83.4s P1110 -> L60 R150: branch or curve on the left; original-table junction correction
  83.4s P1110 -> L60 R150: branch or curve on the left; original-table junction correction
  83.4s P1110 -> L60 R150: branch or curve on the left; original-table junction correction
  83.5s P1110 -> L60 R150: branch or curve on the left; original-table junction correction
  83.5s P1110 -> L60 R150: branch or curve on the left; original-table junction correction
  83.5s P1110 -> L60 R150: branch or curve on the left; original-table junction correction
  83.5s P1110 -> L60 R150: branch or curve on the left; original-table junction correction
  83.5s P1110 -> L60 R150: branch or curve on the left; original-table junction correction
  83.5s P1110 -> L60 R150: branch or curve on the left; original-table junction correction
  83.5s P1110 -> L60 R150: branch or curve on the left; original-table junction correction
  83.5s P1110 -> L60 R150: branch or curve on the left; original-table junction correction
  83.5s P1110 -> L60 R150: branch or curve on the left; original-table junction correction
  83.6s P1110 -> L60 R150: branch or curve on the left; original-table junction correction
  83.6s P1110 -> L60 R150: branch or curve on the left; original-table junction correction
  83.6s P1110 -> L60 R150: branch or curve on the left; original-table junction correction
  83.6s P0110 -> L150 R150: centred or unresolved; original-table forward
  83.6s P0110 -> L150 R150: centred or unresolved; original-table forward
  83.6s P0110 -> L150 R150: centred or unresolved; original-table forward
  83.6s P0110 -> L150 R150: centred or unresolved; original-table forward
  83.6s P0110 -> L150 R150: centred or unresolved; original-table forward
  83.6s P0110 -> L150 R150: centred or unresolved; original-table forward
  83.6s P0110 -> L150 R150: centred or unresolved; original-table forward
  83.7s P0110 -> L150 R150: centred or unresolved; original-table forward
  83.7s P0111 -> L150 R60: branch or curve on the right; original-table junction correction
  83.7s P0111 -> L150 R60: branch or curve on the right; original-table junction correction
  83.7s P0111 -> L150 R60: branch or curve on the right; original-table junction correction
  83.7s P0111 -> L150 R60: branch or curve on the right; original-table junction correction
  83.7s P0111 -> L150 R60: branch or curve on the right; original-table junction correction
  83.7s P0111 -> L150 R60: branch or curve on the right; original-table junction correction
  83.7s P0111 -> L150 R60: branch or curve on the right; original-table junction correction
  83.7s P0111 -> L150 R60: branch or curve on the right; original-table junction correction
  83.7s P0111 -> L150 R60: branch or curve on the right; original-table junction correction
  83.8s P0111 -> L150 R60: branch or curve on the right; original-table junction correction
  83.8s P0111 -> L150 R60: branch or curve on the right; original-table junction correction
  83.8s P0111 -> L150 R60: branch or curve on the right; original-table junction correction
  83.8s P0111 -> L150 R60: branch or curve on the right; original-table junction correction
  83.8s P0111 -> L150 R60: branch or curve on the right; original-table junction correction
  83.8s P0111 -> L150 R60: branch or curve on the right; original-table junction correction
  83.8s P0111 -> L150 R60: branch or curve on the right; original-table junction correction
  83.8s P0111 -> L150 R60: branch or curve on the right; original-table junction correction
  83.8s P0111 -> L150 R60: branch or curve on the right; original-table junction correction
  83.8s P0001 -> L150 R20: far right, outer sensor only; original-table correction
  83.9s P0001 -> L150 R20: far right, outer sensor only; original-table correction
  83.9s P1001 -> L150 R20: far right, outer sensor only; original-table correction
  83.9s P1001 -> L150 R20: far right, outer sensor only; original-table correction
  83.9s P1001 -> L150 R20: far right, outer sensor only; original-table correction
  83.9s P1001 -> L150 R20: far right, outer sensor only; original-table correction
  83.9s P1001 -> L150 R20: far right, outer sensor only; original-table correction
  83.9s P1001 -> L150 R20: far right, outer sensor only; original-table correction
  83.9s P1001 -> L150 R20: far right, outer sensor only; original-table correction
  83.9s P1001 -> L150 R20: far right, outer sensor only; original-table correction
  83.9s P1001 -> L150 R20: far right, outer sensor only; original-table correction
  84.0s P1001 -> L150 R20: far right, outer sensor only; original-table correction
  84.0s P1001 -> L150 R20: far right, outer sensor only; original-table correction
  84.0s P1001 -> L150 R20: far right, outer sensor only; original-table correction
  84.0s P1001 -> L150 R20: far right, outer sensor only; original-table correction
  84.0s P1001 -> L150 R20: far right, outer sensor only; original-table correction
  84.0s P1001 -> L150 R20: far right, outer sensor only; original-table correction
  84.0s P1001 -> L150 R20: far right, outer sensor only; original-table correction
  84.0s P1001 -> L150 R20: far right, outer sensor only; original-table correction
  84.0s P1001 -> L150 R20: far right, outer sensor only; original-table correction
  84.0s P1001 -> L150 R20: far right, outer sensor only; original-table correction
  84.1s P1001 -> L150 R20: far right, outer sensor only; original-table correction
  84.1s P1001 -> L150 R20: far right, outer sensor only; original-table correction
  84.1s P1001 -> L150 R20: far right, outer sensor only; original-table correction
  84.1s P1001 -> L150 R20: far right, outer sensor only; original-table correction
  84.1s P1001 -> L150 R20: far right, outer sensor only; original-table correction
  84.1s P1001 -> L150 R20: far right, outer sensor only; original-table correction
  84.1s P1001 -> L150 R20: far right, outer sensor only; original-table correction
  84.1s P1001 -> L150 R20: far right, outer sensor only; original-table correction
  84.1s P1001 -> L150 R20: far right, outer sensor only; original-table correction
  84.1s P1001 -> L150 R20: far right, outer sensor only; original-table correction
  84.2s P1001 -> L150 R20: far right, outer sensor only; original-table correction
  84.2s P1001 -> L150 R20: far right, outer sensor only; original-table correction
  84.2s P1001 -> L150 R20: far right, outer sensor only; original-table correction
  84.2s P1001 -> L150 R20: far right, outer sensor only; original-table correction
  84.2s P1001 -> L150 R20: far right, outer sensor only; original-table correction
  84.2s P1001 -> L150 R20: far right, outer sensor only; original-table correction
  84.2s P1001 -> L150 R20: far right, outer sensor only; original-table correction
  84.2s P0001 -> L150 R20: far right, outer sensor only; original-table correction
  84.2s P0001 -> L150 R20: far right, outer sensor only; original-table correction
  84.2s P0001 -> L150 R20: far right, outer sensor only; original-table correction
  84.3s P0001 -> L150 R20: far right, outer sensor only; original-table correction
  84.3s P0001 -> L150 R20: far right, outer sensor only; original-table correction
  84.3s P0001 -> L150 R20: far right, outer sensor only; original-table correction
  84.3s P0001 -> L150 R20: far right, outer sensor only; original-table correction
  84.3s P0001 -> L150 R20: far right, outer sensor only; original-table correction
  84.3s P0001 -> L150 R20: far right, outer sensor only; original-table correction
  84.3s P0001 -> L150 R20: far right, outer sensor only; original-table correction
  84.3s P0001 -> L150 R20: far right, outer sensor only; original-table correction
  84.3s P0001 -> L150 R20: far right, outer sensor only; original-table correction
  84.3s P0001 -> L150 R20: far right, outer sensor only; original-table correction
  84.4s P0001 -> L150 R20: far right, outer sensor only; original-table correction
  84.4s P0001 -> L150 R20: far right, outer sensor only; original-table correction
  84.4s P0001 -> L150 R20: far right, outer sensor only; original-table correction
  84.4s P0001 -> L150 R20: far right, outer sensor only; original-table correction
  84.4s P0001 -> L150 R20: far right, outer sensor only; original-table correction
  84.4s P0001 -> L150 R20: far right, outer sensor only; original-table correction
  84.4s P0001 -> L150 R20: far right, outer sensor only; original-table correction
  84.4s P0001 -> L150 R20: far right, outer sensor only; original-table correction
  84.4s P0001 -> L150 R20: far right, outer sensor only; original-table correction
  84.4s P0001 -> L150 R20: far right, outer sensor only; original-table correction
  84.5s P0001 -> L150 R20: far right, outer sensor only; original-table correction
  84.5s P0001 -> L150 R20: far right, outer sensor only; original-table correction
  84.5s P0001 -> L150 R20: far right, outer sensor only; original-table correction
  84.5s P0001 -> L150 R20: far right, outer sensor only; original-table correction
  84.5s P0001 -> L150 R20: far right, outer sensor only; original-table correction
  84.5s P0001 -> L150 R20: far right, outer sensor only; original-table correction
  84.5s P0001 -> L150 R20: far right, outer sensor only; original-table correction
  84.5s P0001 -> L150 R20: far right, outer sensor only; original-table correction
  84.5s P0001 -> L150 R20: far right, outer sensor only; original-table correction
  84.5s P0001 -> L150 R20: far right, outer sensor only; original-table correction
  84.6s P0001 -> L150 R20: far right, outer sensor only; original-table correction
  84.6s P0001 -> L150 R20: far right, outer sensor only; original-table correction
  84.6s P0001 -> L150 R20: far right, outer sensor only; original-table correction
  84.6s P0001 -> L150 R20: far right, outer sensor only; original-table correction
  84.6s P0001 -> L150 R20: far right, outer sensor only; original-table correction
  84.6s P0001 -> L150 R20: far right, outer sensor only; original-table correction
  84.6s P0001 -> L150 R20: far right, outer sensor only; original-table correction
  84.6s P0001 -> L150 R20: far right, outer sensor only; original-table correction
  84.6s P0001 -> L150 R20: far right, outer sensor only; original-table correction
  84.6s P0001 -> L150 R20: far right, outer sensor only; original-table correction
  84.7s P0001 -> L150 R20: far right, outer sensor only; original-table correction
  84.7s P0001 -> L150 R20: far right, outer sensor only; original-table correction
  84.7s P0001 -> L150 R20: far right, outer sensor only; original-table correction
  84.7s P0001 -> L150 R20: far right, outer sensor only; original-table correction
  84.7s P0001 -> L150 R20: far right, outer sensor only; original-table correction
  84.7s P0001 -> L150 R20: far right, outer sensor only; original-table correction
  84.7s P0001 -> L150 R20: far right, outer sensor only; original-table correction
  84.7s P0001 -> L150 R20: far right, outer sensor only; original-table correction
  84.7s P0001 -> L150 R20: far right, outer sensor only; original-table correction
  84.7s P0001 -> L150 R20: far right, outer sensor only; original-table correction
  84.8s P0001 -> L150 R20: far right, outer sensor only; original-table correction
  84.8s P0001 -> L150 R20: far right, outer sensor only; original-table correction
  84.8s P0001 -> L150 R20: far right, outer sensor only; original-table correction
  84.8s P0001 -> L150 R20: far right, outer sensor only; original-table correction
  84.8s P0001 -> L150 R20: far right, outer sensor only; original-table correction
  84.8s P0001 -> L150 R20: far right, outer sensor only; original-table correction
  84.8s P0001 -> L150 R20: far right, outer sensor only; original-table correction
  84.8s P0001 -> L150 R20: far right, outer sensor only; original-table correction
  84.8s P0001 -> L150 R20: far right, outer sensor only; original-table correction
  84.8s P0001 -> L150 R20: far right, outer sensor only; original-table correction
  84.9s P0001 -> L150 R20: far right, outer sensor only; original-table correction
  84.9s P0001 -> L150 R20: far right, outer sensor only; original-table correction
  84.9s P0001 -> L150 R20: far right, outer sensor only; original-table correction
  84.9s P0001 -> L150 R20: far right, outer sensor only; original-table correction
  84.9s P0001 -> L150 R20: far right, outer sensor only; original-table correction
  84.9s P0001 -> L150 R20: far right, outer sensor only; original-table correction
  84.9s P0001 -> L150 R20: far right, outer sensor only; original-table correction
  84.9s P0001 -> L150 R20: far right, outer sensor only; original-table correction
  84.9s P0001 -> L150 R20: far right, outer sensor only; original-table correction
  84.9s P0001 -> L150 R20: far right, outer sensor only; original-table correction
  85.0s P0001 -> L150 R20: far right, outer sensor only; original-table correction
  85.0s P0001 -> L150 R20: far right, outer sensor only; original-table correction
  85.0s P0001 -> L150 R20: far right, outer sensor only; original-table correction
  85.0s P0001 -> L150 R20: far right, outer sensor only; original-table correction
  85.0s P0001 -> L150 R20: far right, outer sensor only; original-table correction
  85.0s P0001 -> L150 R20: far right, outer sensor only; original-table correction
  85.0s P0001 -> L150 R20: far right, outer sensor only; original-table correction
  85.0s P0001 -> L150 R20: far right, outer sensor only; original-table correction
  85.0s P0001 -> L150 R20: far right, outer sensor only; original-table correction
  85.0s P0001 -> L150 R20: far right, outer sensor only; original-table correction
  85.1s P0001 -> L150 R20: far right, outer sensor only; original-table correction
  85.1s P0001 -> L150 R20: far right, outer sensor only; original-table correction
  85.1s P0001 -> L150 R20: far right, outer sensor only; original-table correction
  85.1s P0001 -> L150 R20: far right, outer sensor only; original-table correction
  85.1s P0001 -> L150 R20: far right, outer sensor only; original-table correction
  85.1s P0001 -> L150 R20: far right, outer sensor only; original-table correction
  85.1s P0001 -> L150 R20: far right, outer sensor only; original-table correction
  85.1s P0001 -> L150 R20: far right, outer sensor only; original-table correction
  85.1s P0001 -> L150 R20: far right, outer sensor only; original-table correction
  85.1s P0001 -> L150 R20: far right, outer sensor only; original-table correction
  85.2s P0001 -> L150 R20: far right, outer sensor only; original-table correction
  85.2s P0001 -> L150 R20: far right, outer sensor only; original-table correction
  85.2s P0001 -> L150 R20: far right, outer sensor only; original-table correction
  85.2s P0001 -> L150 R20: far right, outer sensor only; original-table correction
  85.2s P0001 -> L150 R20: far right, outer sensor only; original-table correction
  85.2s P0001 -> L150 R20: far right, outer sensor only; original-table correction
  85.2s P0001 -> L150 R20: far right, outer sensor only; original-table correction
  85.2s P0001 -> L150 R20: far right, outer sensor only; original-table correction
  85.2s P0001 -> L150 R20: far right, outer sensor only; original-table correction
  85.3s P0001 -> L150 R20: far right, outer sensor only; original-table correction
  85.3s P0001 -> L150 R20: far right, outer sensor only; original-table correction
  85.3s P0001 -> L150 R20: far right, outer sensor only; original-table correction
  85.3s P0001 -> L150 R20: far right, outer sensor only; original-table correction
  85.3s P0001 -> L150 R20: far right, outer sensor only; original-table correction
  85.3s P0001 -> L150 R20: far right, outer sensor only; original-table correction
  85.3s P0001 -> L150 R20: far right, outer sensor only; original-table correction
  85.3s P0001 -> L150 R20: far right, outer sensor only; original-table correction
  85.3s P0001 -> L150 R20: far right, outer sensor only; original-table correction
  85.3s P0001 -> L150 R20: far right, outer sensor only; original-table correction
  85.4s P0001 -> L150 R20: far right, outer sensor only; original-table correction
  85.4s P0001 -> L150 R20: far right, outer sensor only; original-table correction
  85.4s P0001 -> L150 R20: far right, outer sensor only; original-table correction
  85.4s P0001 -> L150 R20: far right, outer sensor only; original-table correction
  85.4s P0001 -> L150 R20: far right, outer sensor only; original-table correction
  85.4s P0001 -> L150 R20: far right, outer sensor only; original-table correction
  85.4s P0001 -> L150 R20: far right, outer sensor only; original-table correction
  85.4s P0001 -> L150 R20: far right, outer sensor only; original-table correction
  85.4s P0001 -> L150 R20: far right, outer sensor only; original-table correction
  85.4s P0001 -> L150 R20: far right, outer sensor only; original-table correction
  85.5s P0001 -> L150 R20: far right, outer sensor only; original-table correction
  85.5s P0001 -> L150 R20: far right, outer sensor only; original-table correction
  85.5s P0001 -> L150 R20: far right, outer sensor only; original-table correction
  85.5s P0001 -> L150 R20: far right, outer sensor only; original-table correction
  85.5s P0001 -> L150 R20: far right, outer sensor only; original-table correction
  85.5s P0001 -> L150 R20: far right, outer sensor only; original-table correction
  85.5s P0001 -> L150 R20: far right, outer sensor only; original-table correction
  85.5s P0001 -> L150 R20: far right, outer sensor only; original-table correction
  85.5s P0001 -> L150 R20: far right, outer sensor only; original-table correction
  85.5s P0001 -> L150 R20: far right, outer sensor only; original-table correction
  85.6s P0001 -> L150 R20: far right, outer sensor only; original-table correction
  85.6s P0001 -> L150 R20: far right, outer sensor only; original-table correction
  85.6s P0001 -> L150 R20: far right, outer sensor only; original-table correction
  85.6s P0001 -> L150 R20: far right, outer sensor only; original-table correction
  85.6s P0001 -> L150 R20: far right, outer sensor only; original-table correction
  85.6s P0001 -> L150 R20: far right, outer sensor only; original-table correction
  85.6s P0001 -> L150 R20: far right, outer sensor only; original-table correction
  85.6s P0001 -> L150 R20: far right, outer sensor only; original-table correction
  85.6s P0001 -> L150 R20: far right, outer sensor only; original-table correction
  85.6s P0001 -> L150 R20: far right, outer sensor only; original-table correction
  85.7s P0001 -> L150 R20: far right, outer sensor only; original-table correction
  85.7s P0001 -> L150 R20: far right, outer sensor only; original-table correction
  85.7s P0001 -> L150 R20: far right, outer sensor only; original-table correction
  85.7s P0001 -> L150 R20: far right, outer sensor only; original-table correction
  85.7s P0001 -> L150 R20: far right, outer sensor only; original-table correction
  85.7s P0001 -> L150 R20: far right, outer sensor only; original-table correction
  85.7s P0001 -> L150 R20: far right, outer sensor only; original-table correction
  85.7s P0001 -> L150 R20: far right, outer sensor only; original-table correction
  85.7s P0001 -> L150 R20: far right, outer sensor only; original-table correction
  85.7s P0001 -> L150 R20: far right, outer sensor only; original-table correction
  85.8s P0001 -> L150 R20: far right, outer sensor only; original-table correction
  85.8s P0001 -> L150 R20: far right, outer sensor only; original-table correction
  85.8s P0001 -> L150 R20: far right, outer sensor only; original-table correction
  85.8s P0001 -> L150 R20: far right, outer sensor only; original-table correction
  85.8s P0001 -> L150 R20: far right, outer sensor only; original-table correction
  85.8s P0001 -> L150 R20: far right, outer sensor only; original-table correction
  85.8s P0001 -> L150 R20: far right, outer sensor only; original-table correction
  85.8s P0001 -> L150 R20: far right, outer sensor only; original-table correction
  85.8s P0001 -> L150 R20: far right, outer sensor only; original-table correction
  85.8s P0001 -> L150 R20: far right, outer sensor only; original-table correction
  85.9s P0001 -> L150 R20: far right, outer sensor only; original-table correction
  85.9s P0001 -> L150 R20: far right, outer sensor only; original-table correction
  85.9s P0001 -> L150 R20: far right, outer sensor only; original-table correction
  85.9s P0001 -> L150 R20: far right, outer sensor only; original-table correction
  85.9s P0001 -> L150 R20: far right, outer sensor only; original-table correction
  85.9s P0001 -> L150 R20: far right, outer sensor only; original-table correction
  85.9s P0001 -> L150 R20: far right, outer sensor only; original-table correction
  85.9s P0001 -> L150 R20: far right, outer sensor only; original-table correction
  85.9s P0001 -> L150 R20: far right, outer sensor only; original-table correction
  85.9s P0001 -> L150 R20: far right, outer sensor only; original-table correction
  86.0s P0001 -> L150 R20: far right, outer sensor only; original-table correction
  86.0s P0001 -> L150 R20: far right, outer sensor only; original-table correction
  86.0s P0001 -> L150 R20: far right, outer sensor only; original-table correction
  86.0s P0001 -> L150 R20: far right, outer sensor only; original-table correction
  86.0s P0001 -> L150 R20: far right, outer sensor only; original-table correction
  86.0s P0001 -> L150 R20: far right, outer sensor only; original-table correction
  86.0s P0001 -> L150 R20: far right, outer sensor only; original-table correction
  86.0s P0001 -> L150 R20: far right, outer sensor only; original-table correction
  86.0s P0001 -> L150 R20: far right, outer sensor only; original-table correction
  86.0s P0001 -> L150 R20: far right, outer sensor only; original-table correction
  86.1s P0001 -> L150 R20: far right, outer sensor only; original-table correction
  86.1s P0001 -> L150 R20: far right, outer sensor only; original-table correction
  86.1s P0001 -> L150 R20: far right, outer sensor only; original-table correction
  86.1s P0001 -> L150 R20: far right, outer sensor only; original-table correction
  86.1s P0001 -> L150 R20: far right, outer sensor only; original-table correction
  86.1s P0001 -> L150 R20: far right, outer sensor only; original-table correction
  86.1s P0001 -> L150 R20: far right, outer sensor only; original-table correction
  86.1s P0001 -> L150 R20: far right, outer sensor only; original-table correction
  86.1s P0001 -> L150 R20: far right, outer sensor only; original-table correction
  86.1s P0001 -> L150 R20: far right, outer sensor only; original-table correction
  86.2s P0001 -> L150 R20: far right, outer sensor only; original-table correction
  86.2s P0001 -> L150 R20: far right, outer sensor only; original-table correction
  86.2s P0001 -> L150 R20: far right, outer sensor only; original-table correction
  86.2s P0001 -> L150 R20: far right, outer sensor only; original-table correction
  86.2s P0001 -> L150 R20: far right, outer sensor only; original-table correction
  86.2s P0001 -> L150 R20: far right, outer sensor only; original-table correction
  86.2s P0001 -> L150 R20: far right, outer sensor only; original-table correction
  86.2s P0001 -> L150 R20: far right, outer sensor only; original-table correction
  86.2s P0010 -> L150 R110: drifting right, slight; original-table correction
  86.2s P0010 -> L150 R110: drifting right, slight; original-table correction
  86.3s P0010 -> L150 R110: drifting right, slight; original-table correction
  86.3s P0010 -> L150 R110: drifting right, slight; original-table correction
  86.3s P0010 -> L150 R110: drifting right, slight; original-table correction
  86.3s P0010 -> L150 R110: drifting right, slight; original-table correction
  86.3s P0010 -> L150 R110: drifting right, slight; original-table correction
  86.3s P0010 -> L150 R110: drifting right, slight; original-table correction
  86.3s P0010 -> L150 R110: drifting right, slight; original-table correction
  86.3s P0011 -> L150 R60: right pair, needs >2.8cm of black; original-table junction correction
  86.3s P0011 -> L150 R60: right pair, needs >2.8cm of black; original-table junction correction
  86.3s P0011 -> L150 R60: right pair, needs >2.8cm of black; original-table junction correction
  86.4s P0011 -> L150 R60: right pair, needs >2.8cm of black; original-table junction correction
  86.4s P0011 -> L150 R60: right pair, needs >2.8cm of black; original-table junction correction
  86.4s P0011 -> L150 R60: right pair, needs >2.8cm of black; original-table junction correction
  86.4s P0010 -> L150 R110: drifting right, slight; original-table correction
  86.4s P0010 -> L150 R110: drifting right, slight; original-table correction
  86.4s P0011 -> L150 R60: right pair, needs >2.8cm of black; original-table junction correction
  86.4s P0011 -> L150 R60: right pair, needs >2.8cm of black; original-table junction correction
  86.4s P0011 -> L150 R60: right pair, needs >2.8cm of black; original-table junction correction
  86.4s P0011 -> L150 R60: right pair, needs >2.8cm of black; original-table junction correction
  86.4s P0011 -> L150 R60: right pair, needs >2.8cm of black; original-table junction correction
  86.5s P0011 -> L150 R60: right pair, needs >2.8cm of black; original-table junction correction
  86.5s P0011 -> L150 R60: right pair, needs >2.8cm of black; original-table junction correction
  86.5s P0011 -> L150 R60: right pair, needs >2.8cm of black; original-table junction correction
  86.5s P0011 -> L150 R60: right pair, needs >2.8cm of black; original-table junction correction
  86.5s P0011 -> L150 R60: right pair, needs >2.8cm of black; original-table junction correction
  86.5s P0011 -> L150 R60: right pair, needs >2.8cm of black; original-table junction correction
  86.5s P0011 -> L150 R60: right pair, needs >2.8cm of black; original-table junction correction
  86.5s P0011 -> L150 R60: right pair, needs >2.8cm of black; original-table junction correction
  86.5s P0011 -> L150 R60: right pair, needs >2.8cm of black; original-table junction correction
  86.5s P0010 -> L150 R110: drifting right, slight; original-table correction
  86.6s P0010 -> L150 R110: drifting right, slight; original-table correction
  86.6s P0010 -> L150 R110: drifting right, slight; original-table correction
  86.6s P0010 -> L150 R110: drifting right, slight; original-table correction
  86.6s P0010 -> L150 R110: drifting right, slight; original-table correction
  86.6s P0010 -> L150 R110: drifting right, slight; original-table correction
  86.6s P0010 -> L150 R110: drifting right, slight; original-table correction
  86.6s P0010 -> L150 R110: drifting right, slight; original-table correction
  86.6s P0010 -> L150 R110: drifting right, slight; original-table correction
  86.6s P0010 -> L150 R110: drifting right, slight; original-table correction
  86.6s P0000 -> L150 R60: blind band; original-table correction
  86.7s P0000 -> L150 R60: blind band; original-table correction
  86.7s P0000 -> L150 R60: blind band; original-table correction
  86.7s P0000 -> L150 R60: blind band; original-table correction
  86.7s P0000 -> L150 R60: blind band; original-table correction
  86.7s P0000 -> L150 R60: blind band; original-table correction
  86.7s P0000 -> L150 R60: blind band; original-table correction
  86.7s P0000 -> L150 R60: blind band; original-table correction
  86.7s P0000 -> L150 R60: blind band; original-table correction
  86.7s P0000 -> L150 R60: blind band; original-table correction
  86.7s P0000 -> L150 R60: blind band; original-table correction
  86.8s P0000 -> L150 R60: blind band; original-table correction
  86.8s P0000 -> L150 R60: blind band; original-table correction
  86.8s P0000 -> L150 R60: blind band; original-table correction
  86.8s P0000 -> L150 R60: blind band; original-table correction
  86.8s P0000 -> L150 R60: blind band; original-table correction
  86.8s P0000 -> L150 R60: blind band; original-table correction
  86.8s P0000 -> L150 R60: blind band; original-table correction
  86.8s P0000 -> L150 R60: blind band; original-table correction
  86.8s P0000 -> L150 R60: blind band; original-table correction
  86.8s P0000 -> L150 R60: blind band; original-table correction
  86.9s P0000 -> L150 R60: blind band; original-table correction
  86.9s P0000 -> L150 R60: blind band; original-table correction
  86.9s P0000 -> L150 R60: blind band; original-table correction
  86.9s P0000 -> L150 R60: blind band; original-table correction
  86.9s P0000 -> L150 R60: blind band; original-table correction
  86.9s P0000 -> L150 R60: blind band; original-table correction
  86.9s P0000 -> L150 R60: blind band; original-table correction
  86.9s P0000 -> L150 R60: blind band; original-table correction
  86.9s P0000 -> L150 R60: blind band; original-table correction
  87.0s P0000 -> L150 R60: blind band; original-table correction
  87.0s P0000 -> L150 R60: blind band; original-table correction
  87.0s P0000 -> L150 R60: blind band; original-table correction
  87.0s P0000 -> L150 R60: blind band; original-table correction
  87.0s P0000 -> L150 R60: blind band; original-table correction
  87.0s P0000 -> L150 R60: blind band; original-table correction
  87.0s P0000 -> L150 R60: blind band; original-table correction
  87.0s P0000 -> L150 R60: blind band; original-table correction
  87.0s P0000 -> L150 R60: blind band; original-table correction
  87.0s P0000 -> L150 R60: blind band; original-table correction
  87.1s P0000 -> L150 R60: blind band; original-table correction
  87.1s P0000 -> L150 R60: blind band; original-table correction
  87.1s P0000 -> L150 R60: blind band; original-table correction
  87.1s P0000 -> L150 R60: blind band; original-table correction
  87.1s P0000 -> L150 R60: blind band; original-table correction
  87.1s P0000 -> L150 R60: blind band; original-table correction
  87.1s P0000 -> L150 R60: blind band; original-table correction
  87.1s P0000 -> L150 R60: blind band; original-table correction
  87.1s P0000 -> L150 R60: blind band; original-table correction
  87.1s P0000 -> L150 R60: blind band; original-table correction
  87.2s P0000 -> L150 R60: blind band; original-table correction
  87.2s P0000 -> L150 R60: blind band; original-table correction
  87.2s P0000 -> L150 R60: blind band; original-table correction
  87.2s P0000 -> L150 R60: blind band; original-table correction
  87.2s P0000 -> L150 R60: blind band; original-table correction
  87.2s P0000 -> L150 R60: blind band; original-table correction
  87.2s P0000 -> L150 R60: blind band; original-table correction
  87.2s P0000 -> L150 R60: blind band; original-table correction
  87.2s P0000 -> L150 R60: blind band; original-table correction
  87.2s P0000 -> L150 R60: blind band; original-table correction
  87.3s P0010 -> L150 R110: drifting right, slight; original-table correction
  87.3s P0010 -> L150 R110: drifting right, slight; original-table correction
  87.3s P0010 -> L150 R110: drifting right, slight; original-table correction
  87.3s P0010 -> L150 R110: drifting right, slight; original-table correction
  87.3s P0010 -> L150 R110: drifting right, slight; original-table correction
  87.3s P0010 -> L150 R110: drifting right, slight; original-table correction
  87.3s P0010 -> L150 R110: drifting right, slight; original-table correction
  87.3s P0010 -> L150 R110: drifting right, slight; original-table correction
  87.3s P0010 -> L150 R110: drifting right, slight; original-table correction
  87.3s P0010 -> L150 R110: drifting right, slight; original-table correction
  87.4s P0010 -> L150 R110: drifting right, slight; original-table correction
  87.4s P0010 -> L150 R110: drifting right, slight; original-table correction
  87.4s P0010 -> L150 R110: drifting right, slight; original-table correction
  87.4s P0010 -> L150 R110: drifting right, slight; original-table correction
  87.4s P0000 -> L150 R60: blind band; original-table correction
  87.4s P0000 -> L150 R60: blind band; original-table correction
  87.4s P0000 -> L150 R60: blind band; original-table correction
  87.4s P0000 -> L150 R60: blind band; original-table correction
  87.4s P0000 -> L150 R60: blind band; original-table correction
  87.4s P0000 -> L150 R60: blind band; original-table correction
  87.5s P0000 -> L150 R60: blind band; original-table correction
  87.5s P0000 -> L150 R60: blind band; original-table correction
  87.5s P0000 -> L150 R60: blind band; original-table correction
  87.5s P0000 -> L150 R60: blind band; original-table correction
  87.5s P0000 -> L150 R60: blind band; original-table correction
  87.5s P0000 -> L150 R60: blind band; original-table correction
  87.5s P0000 -> L150 R60: blind band; original-table correction
  87.5s P0000 -> L150 R60: blind band; original-table correction
  87.5s P0000 -> L150 R60: blind band; original-table correction
  87.5s P0000 -> L150 R60: blind band; original-table correction
  87.6s P0000 -> L150 R60: blind band; original-table correction
  87.6s P0000 -> L150 R60: blind band; original-table correction
  87.6s P0000 -> L150 R60: blind band; original-table correction
  87.6s P0000 -> L150 R60: blind band; original-table correction
  87.6s P0000 -> L150 R60: blind band; original-table correction
  87.6s P0000 -> L150 R60: blind band; original-table correction
  87.6s P0000 -> L150 R60: blind band; original-table correction
  87.6s P0010 -> L150 R110: drifting right, slight; original-table correction
  87.6s P0010 -> L150 R110: drifting right, slight; original-table correction
  87.6s P0010 -> L150 R110: drifting right, slight; original-table correction
  87.7s P0010 -> L150 R110: drifting right, slight; original-table correction
  87.7s P0010 -> L150 R110: drifting right, slight; original-table correction
  87.7s P0010 -> L150 R110: drifting right, slight; original-table correction
  87.7s P0010 -> L150 R110: drifting right, slight; original-table correction
  87.7s P0010 -> L150 R110: drifting right, slight; original-table correction
  87.7s P0010 -> L150 R110: drifting right, slight; original-table correction
  87.7s P0010 -> L150 R110: drifting right, slight; original-table correction
  87.7s P0010 -> L150 R110: drifting right, slight; original-table correction
  87.7s P0010 -> L150 R110: drifting right, slight; original-table correction
  87.7s P0010 -> L150 R110: drifting right, slight; original-table correction
  87.8s P0010 -> L150 R110: drifting right, slight; original-table correction
  87.8s P0010 -> L150 R110: drifting right, slight; original-table correction
  87.8s P0010 -> L150 R110: drifting right, slight; original-table correction
  87.8s P0010 -> L150 R110: drifting right, slight; original-table correction
  87.8s P0010 -> L150 R110: drifting right, slight; original-table correction
  87.8s P0010 -> L150 R110: drifting right, slight; original-table correction
  87.8s P0010 -> L150 R110: drifting right, slight; original-table correction
  87.8s P0010 -> L150 R110: drifting right, slight; original-table correction
  87.8s P0010 -> L150 R110: drifting right, slight; original-table correction
  87.8s P0010 -> L150 R110: drifting right, slight; original-table correction
  87.9s P0010 -> L150 R110: drifting right, slight; original-table correction
  87.9s P0010 -> L150 R110: drifting right, slight; original-table correction
  87.9s P0010 -> L150 R110: drifting right, slight; original-table correction
  87.9s P0010 -> L150 R110: drifting right, slight; original-table correction
  87.9s P0010 -> L150 R110: drifting right, slight; original-table correction
  87.9s P0010 -> L150 R110: drifting right, slight; original-table correction
  87.9s P0010 -> L150 R110: drifting right, slight; original-table correction
  87.9s P0010 -> L150 R110: drifting right, slight; original-table correction
  87.9s P0010 -> L150 R110: drifting right, slight; original-table correction
  87.9s P0010 -> L150 R110: drifting right, slight; original-table correction
  88.0s P0010 -> L150 R110: drifting right, slight; original-table correction
  88.0s P0010 -> L150 R110: drifting right, slight; original-table correction
  88.0s P0010 -> L150 R110: drifting right, slight; original-table correction
  88.0s P0010 -> L150 R110: drifting right, slight; original-table correction
  88.0s P0010 -> L150 R110: drifting right, slight; original-table correction
  88.0s P0010 -> L150 R110: drifting right, slight; original-table correction
  88.0s P0010 -> L150 R110: drifting right, slight; original-table correction
  88.0s P0010 -> L150 R110: drifting right, slight; original-table correction
  88.0s P0010 -> L150 R110: drifting right, slight; original-table correction
  88.0s P0010 -> L150 R110: drifting right, slight; original-table correction
  88.1s P0010 -> L150 R110: drifting right, slight; original-table correction
  88.1s P0010 -> L150 R110: drifting right, slight; original-table correction
  88.1s P0010 -> L150 R110: drifting right, slight; original-table correction
  88.1s P0010 -> L150 R110: drifting right, slight; original-table correction
  88.1s P0010 -> L150 R110: drifting right, slight; original-table correction
  88.1s P0000 -> L150 R60: blind band; original-table correction
  88.1s P0010 -> L150 R110: drifting right, slight; original-table correction
  88.1s P0010 -> L150 R110: drifting right, slight; original-table correction
  88.1s P0010 -> L150 R110: drifting right, slight; original-table correction
  88.1s P0010 -> L150 R110: drifting right, slight; original-table correction
  88.2s P0010 -> L150 R110: drifting right, slight; original-table correction
  88.2s P0010 -> L150 R110: drifting right, slight; original-table correction
  88.2s P0010 -> L150 R110: drifting right, slight; original-table correction
  88.2s P0010 -> L150 R110: drifting right, slight; original-table correction
  88.2s P0010 -> L150 R110: drifting right, slight; original-table correction
  88.2s P0010 -> L150 R110: drifting right, slight; original-table correction
  88.2s P0010 -> L150 R110: drifting right, slight; original-table correction
  88.2s P0010 -> L150 R110: drifting right, slight; original-table correction
  88.2s P0010 -> L150 R110: drifting right, slight; original-table correction
  88.2s P0011 -> L150 R60: right pair, needs >2.8cm of black; original-table junction correction
  88.3s P0011 -> L150 R60: right pair, needs >2.8cm of black; original-table junction correction
  88.3s P0011 -> L150 R60: right pair, needs >2.8cm of black; original-table junction correction
  88.3s P0011 -> L150 R60: right pair, needs >2.8cm of black; original-table junction correction
  88.3s P0011 -> L150 R60: right pair, needs >2.8cm of black; original-table junction correction
  88.3s P0011 -> L150 R60: right pair, needs >2.8cm of black; original-table junction correction
  88.3s P0011 -> L150 R60: right pair, needs >2.8cm of black; original-table junction correction
  88.3s P0011 -> L150 R60: right pair, needs >2.8cm of black; original-table junction correction
  88.3s P0011 -> L150 R60: right pair, needs >2.8cm of black; original-table junction correction
  88.3s P0011 -> L150 R60: right pair, needs >2.8cm of black; original-table junction correction
  88.3s P0011 -> L150 R60: right pair, needs >2.8cm of black; original-table junction correction
  88.4s P0011 -> L150 R60: right pair, needs >2.8cm of black; original-table junction correction
  88.4s P0011 -> L150 R60: right pair, needs >2.8cm of black; original-table junction correction
  88.4s P0011 -> L150 R60: right pair, needs >2.8cm of black; original-table junction correction
  88.4s P0011 -> L150 R60: right pair, needs >2.8cm of black; original-table junction correction
  88.4s P0011 -> L150 R60: right pair, needs >2.8cm of black; original-table junction correction
  88.4s P0011 -> L150 R60: right pair, needs >2.8cm of black; original-table junction correction
  88.4s P0011 -> L150 R60: right pair, needs >2.8cm of black; original-table junction correction
  88.4s P0011 -> L150 R60: right pair, needs >2.8cm of black; original-table junction correction
  88.4s P0011 -> L150 R60: right pair, needs >2.8cm of black; original-table junction correction
  88.4s P0011 -> L150 R60: right pair, needs >2.8cm of black; original-table junction correction
  88.5s P0011 -> L150 R60: right pair, needs >2.8cm of black; original-table junction correction
  88.5s P0011 -> L150 R60: right pair, needs >2.8cm of black; original-table junction correction
  88.5s P0011 -> L150 R60: right pair, needs >2.8cm of black; original-table junction correction
  88.5s P0011 -> L150 R60: right pair, needs >2.8cm of black; original-table junction correction
  88.5s P0011 -> L150 R60: right pair, needs >2.8cm of black; original-table junction correction
  88.5s P0011 -> L150 R60: right pair, needs >2.8cm of black; original-table junction correction
  88.5s P0011 -> L150 R60: right pair, needs >2.8cm of black; original-table junction correction
  88.5s P0011 -> L150 R60: right pair, needs >2.8cm of black; original-table junction correction
  88.5s P0011 -> L150 R60: right pair, needs >2.8cm of black; original-table junction correction
  88.5s P0011 -> L150 R60: right pair, needs >2.8cm of black; original-table junction correction
  88.6s P0011 -> L150 R60: right pair, needs >2.8cm of black; original-table junction correction
  88.6s P0011 -> L150 R60: right pair, needs >2.8cm of black; original-table junction correction
  88.6s P0011 -> L150 R60: right pair, needs >2.8cm of black; original-table junction correction
  88.6s P0111 -> L150 R60: branch or curve on the right; original-table junction correction
  88.6s P0111 -> L150 R60: branch or curve on the right; original-table junction correction
  88.6s P0111 -> L150 R60: branch or curve on the right; original-table junction correction
  88.6s P0111 -> L150 R60: branch or curve on the right; original-table junction correction
  88.6s P0111 -> L150 R60: branch or curve on the right; original-table junction correction
  88.6s P0111 -> L150 R60: branch or curve on the right; original-table junction correction
  88.6s P0111 -> L150 R60: branch or curve on the right; original-table junction correction
  88.7s P0111 -> L150 R60: branch or curve on the right; original-table junction correction
  88.7s P0111 -> L150 R60: branch or curve on the right; original-table junction correction
  88.7s P0111 -> L150 R60: branch or curve on the right; original-table junction correction
  88.7s P0111 -> L150 R60: branch or curve on the right; original-table junction correction
  88.7s P0111 -> L150 R60: branch or curve on the right; original-table junction correction
  88.7s P0111 -> L150 R60: branch or curve on the right; original-table junction correction
  88.7s P0111 -> L150 R60: branch or curve on the right; original-table junction correction
  88.7s P0111 -> L150 R60: branch or curve on the right; original-table junction correction
  88.7s P0111 -> L150 R60: branch or curve on the right; original-table junction correction
  88.8s P0111 -> L150 R60: branch or curve on the right; original-table junction correction
  88.8s P0111 -> L150 R60: branch or curve on the right; original-table junction correction
  88.8s P0111 -> L150 R60: branch or curve on the right; original-table junction correction
  88.8s P0111 -> L150 R60: branch or curve on the right; original-table junction correction
  88.8s P0111 -> L150 R60: branch or curve on the right; original-table junction correction
  88.8s P0111 -> L150 R60: branch or curve on the right; original-table junction correction
  88.8s P0111 -> L150 R60: branch or curve on the right; original-table junction correction
  88.8s P0111 -> L150 R60: branch or curve on the right; original-table junction correction
  88.8s P0111 -> L150 R60: branch or curve on the right; original-table junction correction
  88.8s P0111 -> L150 R60: branch or curve on the right; original-table junction correction
  88.9s P0111 -> L150 R60: branch or curve on the right; original-table junction correction
  88.9s P0111 -> L150 R60: branch or curve on the right; original-table junction correction
  88.9s P0111 -> L150 R60: branch or curve on the right; original-table junction correction
  88.9s P0111 -> L150 R60: branch or curve on the right; original-table junction correction
  88.9s P0111 -> L150 R60: branch or curve on the right; original-table junction correction
  88.9s P0111 -> L150 R60: branch or curve on the right; original-table junction correction
  88.9s P0111 -> L150 R60: branch or curve on the right; original-table junction correction
  88.9s P0111 -> L150 R60: branch or curve on the right; original-table junction correction
  88.9s P0111 -> L150 R60: branch or curve on the right; original-table junction correction
  88.9s P0111 -> L150 R60: branch or curve on the right; original-table junction correction
  89.0s P0111 -> L150 R60: branch or curve on the right; original-table junction correction
  89.0s P0111 -> L150 R60: branch or curve on the right; original-table junction correction
  89.0s P0111 -> L150 R60: branch or curve on the right; original-table junction correction
  89.0s P0111 -> L150 R60: branch or curve on the right; original-table junction correction
  89.0s P0111 -> L150 R60: branch or curve on the right; original-table junction correction
  89.0s P0111 -> L150 R60: branch or curve on the right; original-table junction correction
  89.0s P0111 -> L150 R60: branch or curve on the right; original-table junction correction
  89.0s P0110 -> L150 R150: centred or unresolved; original-table forward
  89.0s P0110 -> L150 R150: centred or unresolved; original-table forward
  89.0s P0110 -> L150 R150: centred or unresolved; original-table forward
  89.1s P0110 -> L150 R150: centred or unresolved; original-table forward
  89.1s P0110 -> L150 R150: centred or unresolved; original-table forward
  89.1s P0110 -> L150 R150: centred or unresolved; original-table forward
  89.1s P0110 -> L150 R150: centred or unresolved; original-table forward
  89.1s P0110 -> L150 R150: centred or unresolved; original-table forward
  89.1s P0110 -> L150 R150: centred or unresolved; original-table forward
  89.1s P0110 -> L150 R150: centred or unresolved; original-table forward
  89.1s P0110 -> L150 R150: centred or unresolved; original-table forward
  89.1s P0110 -> L150 R150: centred or unresolved; original-table forward
  89.1s P0110 -> L150 R150: centred or unresolved; original-table forward
  89.2s P0110 -> L150 R150: centred or unresolved; original-table forward
  89.2s P0110 -> L150 R150: centred or unresolved; original-table forward
  89.2s P0110 -> L150 R150: centred or unresolved; original-table forward
  89.2s P0110 -> L150 R150: centred or unresolved; original-table forward
  89.2s P0110 -> L150 R150: centred or unresolved; original-table forward
  89.2s P0110 -> L150 R150: centred or unresolved; original-table forward
  89.2s P0110 -> L150 R150: centred or unresolved; original-table forward
  89.2s P0110 -> L150 R150: centred or unresolved; original-table forward
  89.2s P0110 -> L150 R150: centred or unresolved; original-table forward
  89.2s P0110 -> L150 R150: centred or unresolved; original-table forward
  89.3s P0110 -> L150 R150: centred or unresolved; original-table forward
  89.3s P0110 -> L150 R150: centred or unresolved; original-table forward
  89.3s P0110 -> L150 R150: centred or unresolved; original-table forward
  89.3s P0110 -> L150 R150: centred or unresolved; original-table forward
  89.3s P0110 -> L150 R150: centred or unresolved; original-table forward
  89.3s P0110 -> L150 R150: centred or unresolved; original-table forward
  89.3s P0110 -> L150 R150: centred or unresolved; original-table forward
  89.3s P0110 -> L150 R150: centred or unresolved; original-table forward
  89.3s P0110 -> L150 R150: centred or unresolved; original-table forward
  89.3s P0110 -> L150 R150: centred or unresolved; original-table forward
  89.4s P0110 -> L150 R150: centred or unresolved; original-table forward
  89.4s P0110 -> L150 R150: centred or unresolved; original-table forward
  89.4s P0110 -> L150 R150: centred or unresolved; original-table forward
  89.4s P0110 -> L150 R150: centred or unresolved; original-table forward
  89.4s P0110 -> L150 R150: centred or unresolved; original-table forward
  89.4s P0110 -> L150 R150: centred or unresolved; original-table forward
  89.4s P0110 -> L150 R150: centred or unresolved; original-table forward
  89.4s P0110 -> L150 R150: centred or unresolved; original-table forward
  89.4s P0110 -> L150 R150: centred or unresolved; original-table forward
  89.4s P0110 -> L150 R150: centred or unresolved; original-table forward
  89.5s P0110 -> L150 R150: centred or unresolved; original-table forward
  89.5s P0110 -> L150 R150: centred or unresolved; original-table forward
  89.5s P0110 -> L150 R150: centred or unresolved; original-table forward
  89.5s P0110 -> L150 R150: centred or unresolved; original-table forward
  89.5s P0110 -> L150 R150: centred or unresolved; original-table forward
  89.5s P0110 -> L150 R150: centred or unresolved; original-table forward
  89.5s P0110 -> L150 R150: centred or unresolved; original-table forward
  89.5s P0110 -> L150 R150: centred or unresolved; original-table forward
  89.5s P0110 -> L150 R150: centred or unresolved; original-table forward
  89.5s P0110 -> L150 R150: centred or unresolved; original-table forward
  89.6s P0110 -> L150 R150: centred or unresolved; original-table forward
  89.6s P0110 -> L150 R150: centred or unresolved; original-table forward
  89.6s P0110 -> L150 R150: centred or unresolved; original-table forward
  89.6s P0110 -> L150 R150: centred or unresolved; original-table forward
  89.6s P0110 -> L150 R150: centred or unresolved; original-table forward
  89.6s P0110 -> L150 R150: centred or unresolved; original-table forward
  89.6s P0110 -> L150 R150: centred or unresolved; original-table forward
  89.6s P0110 -> L150 R150: centred or unresolved; original-table forward
  89.6s P0110 -> L150 R150: centred or unresolved; original-table forward
  89.6s P0110 -> L150 R150: centred or unresolved; original-table forward
  89.7s P0110 -> L150 R150: centred or unresolved; original-table forward
  89.7s P0110 -> L150 R150: centred or unresolved; original-table forward
  89.7s P0110 -> L150 R150: centred or unresolved; original-table forward
  89.7s P0110 -> L150 R150: centred or unresolved; original-table forward
  89.7s P0110 -> L150 R150: centred or unresolved; original-table forward
  89.7s P0110 -> L150 R150: centred or unresolved; original-table forward
  89.7s P0110 -> L150 R150: centred or unresolved; original-table forward
  89.7s P0110 -> L150 R150: centred or unresolved; original-table forward
  89.7s P0110 -> L150 R150: centred or unresolved; original-table forward
  89.7s P0110 -> L150 R150: centred or unresolved; original-table forward
  89.8s P0110 -> L150 R150: centred or unresolved; original-table forward
  89.8s P0110 -> L150 R150: centred or unresolved; original-table forward
  89.8s P0110 -> L150 R150: centred or unresolved; original-table forward
  89.8s P0110 -> L150 R150: centred or unresolved; original-table forward
  89.8s P0110 -> L150 R150: centred or unresolved; original-table forward
  89.8s P0110 -> L150 R150: centred or unresolved; original-table forward
  89.8s P0110 -> L150 R150: centred or unresolved; original-table forward
  89.8s P0110 -> L150 R150: centred or unresolved; original-table forward
  89.8s P0110 -> L150 R150: centred or unresolved; original-table forward
  89.8s P0110 -> L150 R150: centred or unresolved; original-table forward
  89.9s P0110 -> L150 R150: centred or unresolved; original-table forward
  89.9s P0110 -> L150 R150: centred or unresolved; original-table forward
  89.9s P0110 -> L150 R150: centred or unresolved; original-table forward
  89.9s P0110 -> L150 R150: centred or unresolved; original-table forward
  89.9s P0110 -> L150 R150: centred or unresolved; original-table forward
  89.9s P0110 -> L150 R150: centred or unresolved; original-table forward
  89.9s P0110 -> L150 R150: centred or unresolved; original-table forward
  89.9s P0110 -> L150 R150: centred or unresolved; original-table forward
  89.9s P0110 -> L150 R150: centred or unresolved; original-table forward
  89.9s P0110 -> L150 R150: centred or unresolved; original-table forward
  90.0s P0110 -> L150 R150: centred or unresolved; original-table forward
  90.0s P0110 -> L150 R150: centred or unresolved; original-table forward
  90.0s P0110 -> L150 R150: centred or unresolved; original-table forward
  90.0s P0110 -> L150 R150: centred or unresolved; original-table forward
  90.0s P0110 -> L150 R150: centred or unresolved; original-table forward
  90.0s P0110 -> L150 R150: centred or unresolved; original-table forward
  90.0s P0110 -> L150 R150: centred or unresolved; original-table forward
  90.0s P0110 -> L150 R150: centred or unresolved; original-table forward
  90.0s P0110 -> L150 R150: centred or unresolved; original-table forward
  90.0s P0110 -> L150 R150: centred or unresolved; original-table forward
  90.1s P0110 -> L150 R150: centred or unresolved; original-table forward
  90.1s P0110 -> L150 R150: centred or unresolved; original-table forward
  90.1s P0110 -> L150 R150: centred or unresolved; original-table forward
  90.1s P0110 -> L150 R150: centred or unresolved; original-table forward
  90.1s P0110 -> L150 R150: centred or unresolved; original-table forward
  90.1s P0110 -> L150 R150: centred or unresolved; original-table forward
  90.1s P0110 -> L150 R150: centred or unresolved; original-table forward
  90.1s P0110 -> L150 R150: centred or unresolved; original-table forward
  90.1s P0110 -> L150 R150: centred or unresolved; original-table forward
  90.1s P0110 -> L150 R150: centred or unresolved; original-table forward
  90.2s P0110 -> L150 R150: centred or unresolved; original-table forward
  90.2s P0110 -> L150 R150: centred or unresolved; original-table forward
  90.2s P0110 -> L150 R150: centred or unresolved; original-table forward
  90.2s P0110 -> L150 R150: centred or unresolved; original-table forward
  90.2s P0110 -> L150 R150: centred or unresolved; original-table forward
  90.2s P0110 -> L150 R150: centred or unresolved; original-table forward
  90.2s P0110 -> L150 R150: centred or unresolved; original-table forward
  90.2s P0110 -> L150 R150: centred or unresolved; original-table forward
  90.2s P0110 -> L150 R150: centred or unresolved; original-table forward
  90.2s P0110 -> L150 R150: centred or unresolved; original-table forward
  90.3s P0110 -> L150 R150: centred or unresolved; original-table forward
  90.3s P0110 -> L150 R150: centred or unresolved; original-table forward
  90.3s P0110 -> L150 R150: centred or unresolved; original-table forward
  90.3s P0110 -> L150 R150: centred or unresolved; original-table forward
  90.3s P0110 -> L150 R150: centred or unresolved; original-table forward
  90.3s P0110 -> L150 R150: centred or unresolved; original-table forward
  90.3s P0110 -> L150 R150: centred or unresolved; original-table forward
  90.3s P0110 -> L150 R150: centred or unresolved; original-table forward
  90.3s P0110 -> L150 R150: centred or unresolved; original-table forward
  90.4s P0110 -> L150 R150: centred or unresolved; original-table forward
  90.4s P0110 -> L150 R150: centred or unresolved; original-table forward
  90.4s P0110 -> L150 R150: centred or unresolved; original-table forward
  90.4s P0110 -> L150 R150: centred or unresolved; original-table forward
  90.4s P0110 -> L150 R150: centred or unresolved; original-table forward
  90.4s P0110 -> L150 R150: centred or unresolved; original-table forward
  90.4s P0110 -> L150 R150: centred or unresolved; original-table forward
  90.4s P0110 -> L150 R150: centred or unresolved; original-table forward
  90.4s P0110 -> L150 R150: centred or unresolved; original-table forward
  90.4s P0110 -> L150 R150: centred or unresolved; original-table forward
  90.5s P0110 -> L150 R150: centred or unresolved; original-table forward
  90.5s P0110 -> L150 R150: centred or unresolved; original-table forward
  90.5s P0110 -> L150 R150: centred or unresolved; original-table forward
  90.5s P0110 -> L150 R150: centred or unresolved; original-table forward
  90.5s P0110 -> L150 R150: centred or unresolved; original-table forward
  90.5s P0110 -> L150 R150: centred or unresolved; original-table forward
  90.5s P0110 -> L150 R150: centred or unresolved; original-table forward
  90.5s P0110 -> L150 R150: centred or unresolved; original-table forward
  90.5s P0110 -> L150 R150: centred or unresolved; original-table forward
  90.5s P0110 -> L150 R150: centred or unresolved; original-table forward
  90.6s P0110 -> L150 R150: centred or unresolved; original-table forward
  90.6s P0110 -> L150 R150: centred or unresolved; original-table forward
  90.6s P0110 -> L150 R150: centred or unresolved; original-table forward
  90.6s P0110 -> L150 R150: centred or unresolved; original-table forward
  90.6s P0110 -> L150 R150: centred or unresolved; original-table forward
  90.6s P0110 -> L150 R150: centred or unresolved; original-table forward
  90.6s P0110 -> L150 R150: centred or unresolved; original-table forward
  90.6s P0110 -> L150 R150: centred or unresolved; original-table forward
  90.6s P0110 -> L150 R150: centred or unresolved; original-table forward
  90.6s P0110 -> L150 R150: centred or unresolved; original-table forward
  90.7s P0110 -> L150 R150: centred or unresolved; original-table forward
  90.7s P0110 -> L150 R150: centred or unresolved; original-table forward
  90.7s P0110 -> L150 R150: centred or unresolved; original-table forward
  90.7s P0110 -> L150 R150: centred or unresolved; original-table forward
  90.7s P0110 -> L150 R150: centred or unresolved; original-table forward
  90.7s P0110 -> L150 R150: centred or unresolved; original-table forward
  90.7s P0110 -> L150 R150: centred or unresolved; original-table forward
  90.7s P0100 -> L110 R150: drifting left, slight; original-table correction
  90.7s P0100 -> L110 R150: drifting left, slight; original-table correction
  90.7s P0100 -> L110 R150: drifting left, slight; original-table correction
  90.8s P0100 -> L110 R150: drifting left, slight; original-table correction
  90.8s P0100 -> L110 R150: drifting left, slight; original-table correction
  90.8s P0100 -> L110 R150: drifting left, slight; original-table correction
  90.8s P0100 -> L110 R150: drifting left, slight; original-table correction
  90.8s P0100 -> L110 R150: drifting left, slight; original-table correction
  90.8s P0100 -> L110 R150: drifting left, slight; original-table correction
  90.8s P0100 -> L110 R150: drifting left, slight; original-table correction
  90.8s P0100 -> L110 R150: drifting left, slight; original-table correction
  90.8s P0100 -> L110 R150: drifting left, slight; original-table correction
  90.8s P0100 -> L110 R150: drifting left, slight; original-table correction
  90.9s P0100 -> L110 R150: drifting left, slight; original-table correction
  90.9s P0100 -> L110 R150: drifting left, slight; original-table correction
  90.9s P0100 -> L110 R150: drifting left, slight; original-table correction
  90.9s P0100 -> L110 R150: drifting left, slight; original-table correction
  90.9s P0100 -> L110 R150: drifting left, slight; original-table correction
  90.9s P0100 -> L110 R150: drifting left, slight; original-table correction
  90.9s P0100 -> L110 R150: drifting left, slight; original-table correction
  90.9s P0100 -> L110 R150: drifting left, slight; original-table correction
  90.9s P0100 -> L110 R150: drifting left, slight; original-table correction
  90.9s P0100 -> L110 R150: drifting left, slight; original-table correction
  91.0s P0100 -> L110 R150: drifting left, slight; original-table correction
  91.0s P0100 -> L110 R150: drifting left, slight; original-table correction
  91.0s P0100 -> L110 R150: drifting left, slight; original-table correction
  91.0s P0100 -> L110 R150: drifting left, slight; original-table correction
  91.0s P0100 -> L110 R150: drifting left, slight; original-table correction
  91.0s P0100 -> L110 R150: drifting left, slight; original-table correction
  91.0s P0100 -> L110 R150: drifting left, slight; original-table correction
  91.0s P0100 -> L110 R150: drifting left, slight; original-table correction
  91.0s P0100 -> L110 R150: drifting left, slight; original-table correction
  91.0s P0100 -> L110 R150: drifting left, slight; original-table correction
  91.1s P0100 -> L110 R150: drifting left, slight; original-table correction
  91.1s P0100 -> L110 R150: drifting left, slight; original-table correction
  91.1s P0100 -> L110 R150: drifting left, slight; original-table correction
  91.1s P0100 -> L110 R150: drifting left, slight; original-table correction
  91.1s P0100 -> L110 R150: drifting left, slight; original-table correction
  91.1s P0100 -> L110 R150: drifting left, slight; original-table correction
  91.1s P0100 -> L110 R150: drifting left, slight; original-table correction
  91.1s P0100 -> L110 R150: drifting left, slight; original-table correction
  91.1s P0100 -> L110 R150: drifting left, slight; original-table correction
  91.1s P0100 -> L110 R150: drifting left, slight; original-table correction
  91.2s P0100 -> L110 R150: drifting left, slight; original-table correction
  91.2s P0000 -> L60 R150: blind band; original-table correction
  91.2s P0000 -> L60 R150: blind band; original-table correction
  91.2s P0000 -> L60 R150: blind band; original-table correction
  91.2s P0000 -> L60 R150: blind band; original-table correction
  91.2s P0000 -> L60 R150: blind band; original-table correction
  91.2s P0000 -> L60 R150: blind band; original-table correction
  91.2s P0000 -> L60 R150: blind band; original-table correction
  91.2s P0000 -> L60 R150: blind band; original-table correction
  91.2s P0000 -> L60 R150: blind band; original-table correction
  91.3s P0000 -> L60 R150: blind band; original-table correction
  91.3s P0000 -> L60 R150: blind band; original-table correction
  91.3s P0000 -> L60 R150: blind band; original-table correction
  91.3s P0000 -> L60 R150: blind band; original-table correction
  91.3s P0000 -> L60 R150: blind band; original-table correction
  91.3s P0000 -> L60 R150: blind band; original-table correction
  91.3s P0000 -> L60 R150: blind band; original-table correction
  91.3s P0000 -> L60 R150: blind band; original-table correction
  91.3s P0000 -> L60 R150: blind band; original-table correction
  91.3s P0000 -> L60 R150: blind band; original-table correction
  91.4s P0000 -> L60 R150: blind band; original-table correction
  91.4s P1000 -> L-150 R150: far left, outer sensor only; hard left; original-table correction
  91.4s P1000 -> L-150 R150: far left, outer sensor only; hard left; original-table correction
  91.4s P1000 -> L-150 R150: far left, outer sensor only; hard left; original-table correction
  91.4s P1000 -> L-150 R150: far left, outer sensor only; hard left; original-table correction
  91.4s P1000 -> L-150 R150: far left, outer sensor only; hard left; original-table correction
  91.4s P1000 -> L-150 R150: far left, outer sensor only; hard left; original-table correction
  91.4s P1000 -> L-150 R150: far left, outer sensor only; hard left; original-table correction
  91.4s P1000 -> L-150 R150: far left, outer sensor only; hard left; original-table correction
  91.4s P1000 -> L-150 R150: far left, outer sensor only; hard left; original-table correction
  91.5s P1000 -> L-150 R150: far left, outer sensor only; hard left; original-table correction
  91.5s P1000 -> L-150 R150: far left, outer sensor only; hard left; original-table correction
  91.5s P1000 -> L-150 R150: far left, outer sensor only; hard left; original-table correction
  91.5s P1000 -> L-150 R150: far left, outer sensor only; hard left; original-table correction
  91.5s P1000 -> L-150 R150: far left, outer sensor only; hard left; original-table correction
  91.5s P1000 -> L-150 R150: far left, outer sensor only; hard left; original-table correction
  91.5s P1000 -> L-150 R150: far left, outer sensor only; hard left; original-table correction
  91.5s P1000 -> L-150 R150: far left, outer sensor only; hard left; original-table correction
  91.5s P1000 -> L-150 R150: far left, outer sensor only; hard left; original-table correction
  91.5s P1000 -> L-150 R150: far left, outer sensor only; hard left; original-table correction
  91.6s P1100 -> L60 R150: left pair, needs >2.8cm of black; original-table junction correction
  91.6s P1100 -> L60 R150: left pair, needs >2.8cm of black; original-table junction correction
  91.6s P1100 -> L60 R150: left pair, needs >2.8cm of black; original-table junction correction
  91.6s P1100 -> L60 R150: left pair, needs >2.8cm of black; original-table junction correction
  91.6s P1100 -> L60 R150: left pair, needs >2.8cm of black; original-table junction correction
  91.6s P1100 -> L60 R150: left pair, needs >2.8cm of black; original-table junction correction
  91.6s P1100 -> L60 R150: left pair, needs >2.8cm of black; original-table junction correction
  91.6s P1100 -> L60 R150: left pair, needs >2.8cm of black; original-table junction correction
  91.6s P1100 -> L60 R150: left pair, needs >2.8cm of black; original-table junction correction
  91.6s P1100 -> L60 R150: left pair, needs >2.8cm of black; original-table junction correction
  91.7s P1100 -> L60 R150: left pair, needs >2.8cm of black; original-table junction correction
  91.7s P1100 -> L60 R150: left pair, needs >2.8cm of black; original-table junction correction
  91.7s P1100 -> L60 R150: left pair, needs >2.8cm of black; original-table junction correction
  91.7s P1100 -> L60 R150: left pair, needs >2.8cm of black; original-table junction correction
  91.7s P1100 -> L60 R150: left pair, needs >2.8cm of black; original-table junction correction
  91.7s P1100 -> L60 R150: left pair, needs >2.8cm of black; original-table junction correction
  91.7s P1000 -> L-150 R150: far left, outer sensor only; hard left; original-table correction
  91.7s P1000 -> L-150 R150: far left, outer sensor only; hard left; original-table correction
  91.7s P1000 -> L-150 R150: far left, outer sensor only; hard left; original-table correction
  91.7s P1100 -> L60 R150: left pair, needs >2.8cm of black; original-table junction correction
  91.8s P1100 -> L60 R150: left pair, needs >2.8cm of black; original-table junction correction
  91.8s P1100 -> L60 R150: left pair, needs >2.8cm of black; original-table junction correction
  91.8s P1100 -> L60 R150: left pair, needs >2.8cm of black; original-table junction correction
  91.8s P1100 -> L60 R150: left pair, needs >2.8cm of black; original-table junction correction
  91.8s P1100 -> L60 R150: left pair, needs >2.8cm of black; original-table junction correction
  91.8s P1100 -> L60 R150: left pair, needs >2.8cm of black; original-table junction correction
  91.8s P1100 -> L60 R150: left pair, needs >2.8cm of black; original-table junction correction
  91.8s P1100 -> L60 R150: left pair, needs >2.8cm of black; original-table junction correction
  91.8s P1100 -> L60 R150: left pair, needs >2.8cm of black; original-table junction correction
  91.8s P1100 -> L60 R150: left pair, needs >2.8cm of black; original-table junction correction
  91.9s P1100 -> L60 R150: left pair, needs >2.8cm of black; original-table junction correction
  91.9s P1100 -> L60 R150: left pair, needs >2.8cm of black; original-table junction correction
  91.9s P1100 -> L60 R150: left pair, needs >2.8cm of black; original-table junction correction
  91.9s P1100 -> L60 R150: left pair, needs >2.8cm of black; original-table junction correction
  91.9s P1100 -> L60 R150: left pair, needs >2.8cm of black; original-table junction correction
  91.9s P1100 -> L60 R150: left pair, needs >2.8cm of black; original-table junction correction
  91.9s P1100 -> L60 R150: left pair, needs >2.8cm of black; original-table junction correction
  91.9s P1100 -> L60 R150: left pair, needs >2.8cm of black; original-table junction correction
  91.9s P1100 -> L60 R150: left pair, needs >2.8cm of black; original-table junction correction
  91.9s P1000 -> L-150 R150: far left, outer sensor only; hard left; original-table correction
  92.0s P1000 -> L-150 R150: far left, outer sensor only; hard left; original-table correction
  92.0s P1000 -> L-150 R150: far left, outer sensor only; hard left; original-table correction
  92.0s P1000 -> L-150 R150: far left, outer sensor only; hard left; original-table correction
  92.0s P1000 -> L-150 R150: far left, outer sensor only; hard left; original-table correction
  92.0s P1000 -> L-150 R150: far left, outer sensor only; hard left; original-table correction
  92.0s P1100 -> L60 R150: left pair, needs >2.8cm of black; original-table junction correction
  92.0s P1100 -> L60 R150: left pair, needs >2.8cm of black; original-table junction correction
  92.0s P1100 -> L60 R150: left pair, needs >2.8cm of black; original-table junction correction
  92.0s P1100 -> L60 R150: left pair, needs >2.8cm of black; original-table junction correction
  92.1s P1100 -> L60 R150: left pair, needs >2.8cm of black; original-table junction correction
  92.1s P1100 -> L60 R150: left pair, needs >2.8cm of black; original-table junction correction
  92.1s P1100 -> L60 R150: left pair, needs >2.8cm of black; original-table junction correction
  92.1s P1100 -> L60 R150: left pair, needs >2.8cm of black; original-table junction correction
  92.1s P1100 -> L60 R150: left pair, needs >2.8cm of black; original-table junction correction
  92.1s P1100 -> L60 R150: left pair, needs >2.8cm of black; original-table junction correction
  92.1s P1000 -> L-150 R150: far left, outer sensor only; hard left; original-table correction
  92.1s P1000 -> L-150 R150: far left, outer sensor only; hard left; original-table correction
  92.1s P1000 -> L-150 R150: far left, outer sensor only; hard left; original-table correction
  92.1s P1000 -> L-150 R150: far left, outer sensor only; hard left; original-table correction
  92.2s P1000 -> L-150 R150: far left, outer sensor only; hard left; original-table correction
  92.2s P1000 -> L-150 R150: far left, outer sensor only; hard left; original-table correction
  92.2s P1100 -> L60 R150: left pair, needs >2.8cm of black; original-table junction correction
  92.2s P1100 -> L60 R150: left pair, needs >2.8cm of black; original-table junction correction
  92.2s P1100 -> L60 R150: left pair, needs >2.8cm of black; original-table junction correction
  92.2s P1100 -> L60 R150: left pair, needs >2.8cm of black; original-table junction correction
  92.2s P1100 -> L60 R150: left pair, needs >2.8cm of black; original-table junction correction
  92.2s P1100 -> L60 R150: left pair, needs >2.8cm of black; original-table junction correction
  92.2s P1100 -> L60 R150: left pair, needs >2.8cm of black; original-table junction correction
  92.2s P1100 -> L60 R150: left pair, needs >2.8cm of black; original-table junction correction
  92.3s P1100 -> L60 R150: left pair, needs >2.8cm of black; original-table junction correction
  92.3s P1100 -> L60 R150: left pair, needs >2.8cm of black; original-table junction correction
  92.3s P1100 -> L60 R150: left pair, needs >2.8cm of black; original-table junction correction
  92.3s P1100 -> L60 R150: left pair, needs >2.8cm of black; original-table junction correction
  92.3s P1100 -> L60 R150: left pair, needs >2.8cm of black; original-table junction correction
  92.3s P1000 -> L-150 R150: far left, outer sensor only; hard left; original-table correction
  92.3s P1000 -> L-150 R150: far left, outer sensor only; hard left; original-table correction
  92.3s P1000 -> L-150 R150: far left, outer sensor only; hard left; original-table correction
  92.3s P1000 -> L-150 R150: far left, outer sensor only; hard left; original-table correction
  92.3s P1000 -> L-150 R150: far left, outer sensor only; hard left; original-table correction
  92.4s P1000 -> L-150 R150: far left, outer sensor only; hard left; original-table correction
  92.4s P1000 -> L-150 R150: far left, outer sensor only; hard left; original-table correction
  92.4s P1000 -> L-150 R150: far left, outer sensor only; hard left; original-table correction
  92.4s P1000 -> L-150 R150: far left, outer sensor only; hard left; original-table correction
  92.4s P1000 -> L-150 R150: far left, outer sensor only; hard left; original-table correction
  92.4s P1000 -> L-150 R150: far left, outer sensor only; hard left; original-table correction
  92.4s P1100 -> L60 R150: left pair, needs >2.8cm of black; original-table junction correction
  92.4s P1100 -> L60 R150: left pair, needs >2.8cm of black; original-table junction correction
  92.4s P1100 -> L60 R150: left pair, needs >2.8cm of black; original-table junction correction
  92.4s P1100 -> L60 R150: left pair, needs >2.8cm of black; original-table junction correction
  92.5s P1100 -> L60 R150: left pair, needs >2.8cm of black; original-table junction correction
  92.5s P1100 -> L60 R150: left pair, needs >2.8cm of black; original-table junction correction
  92.5s P1100 -> L60 R150: left pair, needs >2.8cm of black; original-table junction correction
  92.5s P1100 -> L60 R150: left pair, needs >2.8cm of black; original-table junction correction
  92.5s P1100 -> L60 R150: left pair, needs >2.8cm of black; original-table junction correction
  92.5s P1100 -> L60 R150: left pair, needs >2.8cm of black; original-table junction correction
  92.5s P1100 -> L60 R150: left pair, needs >2.8cm of black; original-table junction correction
  92.5s P1100 -> L60 R150: left pair, needs >2.8cm of black; original-table junction correction
  92.5s P1000 -> L-150 R150: far left, outer sensor only; hard left; original-table correction
  92.5s P1000 -> L-150 R150: far left, outer sensor only; hard left; original-table correction
  92.6s P1000 -> L-150 R150: far left, outer sensor only; hard left; original-table correction
  92.6s P1000 -> L-150 R150: far left, outer sensor only; hard left; original-table correction
  92.6s P1000 -> L-150 R150: far left, outer sensor only; hard left; original-table correction
  92.6s P1000 -> L-150 R150: far left, outer sensor only; hard left; original-table correction
  92.6s P1000 -> L-150 R150: far left, outer sensor only; hard left; original-table correction
  92.6s P1000 -> L-150 R150: far left, outer sensor only; hard left; original-table correction
  92.6s P1000 -> L-150 R150: far left, outer sensor only; hard left; original-table correction
  92.6s P1100 -> L60 R150: left pair, needs >2.8cm of black; original-table junction correction
  92.6s P1100 -> L60 R150: left pair, needs >2.8cm of black; original-table junction correction
  92.6s P1100 -> L60 R150: left pair, needs >2.8cm of black; original-table junction correction
  92.7s P1100 -> L60 R150: left pair, needs >2.8cm of black; original-table junction correction
  92.7s P1100 -> L60 R150: left pair, needs >2.8cm of black; original-table junction correction
  92.7s P1100 -> L60 R150: left pair, needs >2.8cm of black; original-table junction correction
  92.7s P1000 -> L-150 R150: far left, outer sensor only; hard left; original-table correction
  92.7s P1000 -> L-150 R150: far left, outer sensor only; hard left; original-table correction
  92.7s P1000 -> L-150 R150: far left, outer sensor only; hard left; original-table correction
  92.7s P1000 -> L-150 R150: far left, outer sensor only; hard left; original-table correction
  92.7s P1000 -> L-150 R150: far left, outer sensor only; hard left; original-table correction
  92.7s P1000 -> L-150 R150: far left, outer sensor only; hard left; original-table correction
  92.7s P1000 -> L-150 R150: far left, outer sensor only; hard left; original-table correction
  92.8s P1000 -> L-150 R150: far left, outer sensor only; hard left; original-table correction
  92.8s P1000 -> L-150 R150: far left, outer sensor only; hard left; original-table correction
  92.8s P1000 -> L-150 R150: far left, outer sensor only; hard left; original-table correction
  92.8s P1000 -> L-150 R150: far left, outer sensor only; hard left; original-table correction
  92.8s P1000 -> L-150 R150: far left, outer sensor only; hard left; original-table correction
  92.8s P1000 -> L-150 R150: far left, outer sensor only; hard left; original-table correction
  92.8s P1100 -> L60 R150: left pair, needs >2.8cm of black; original-table junction correction
  92.8s P1100 -> L60 R150: left pair, needs >2.8cm of black; original-table junction correction
  92.8s P1100 -> L60 R150: left pair, needs >2.8cm of black; original-table junction correction
  92.8s P1100 -> L60 R150: left pair, needs >2.8cm of black; original-table junction correction
  92.9s P1100 -> L60 R150: left pair, needs >2.8cm of black; original-table junction correction
  92.9s P1100 -> L60 R150: left pair, needs >2.8cm of black; original-table junction correction
  92.9s P1100 -> L60 R150: left pair, needs >2.8cm of black; original-table junction correction
  92.9s P1100 -> L60 R150: left pair, needs >2.8cm of black; original-table junction correction
  92.9s P1100 -> L60 R150: left pair, needs >2.8cm of black; original-table junction correction
  92.9s P1100 -> L60 R150: left pair, needs >2.8cm of black; original-table junction correction
  92.9s P1100 -> L60 R150: left pair, needs >2.8cm of black; original-table junction correction
  92.9s P1100 -> L60 R150: left pair, needs >2.8cm of black; original-table junction correction
  92.9s P1100 -> L60 R150: left pair, needs >2.8cm of black; original-table junction correction
  92.9s P1100 -> L60 R150: left pair, needs >2.8cm of black; original-table junction correction
  93.0s P1100 -> L60 R150: left pair, needs >2.8cm of black; original-table junction correction
  93.0s P1100 -> L60 R150: left pair, needs >2.8cm of black; original-table junction correction
  93.0s P1000 -> L-150 R150: far left, outer sensor only; hard left; original-table correction
  93.0s P1000 -> L-150 R150: far left, outer sensor only; hard left; original-table correction
  93.0s P1000 -> L-150 R150: far left, outer sensor only; hard left; original-table correction
  93.0s P1000 -> L-150 R150: far left, outer sensor only; hard left; original-table correction
  93.0s P1000 -> L-150 R150: far left, outer sensor only; hard left; original-table correction
  93.0s P1000 -> L-150 R150: far left, outer sensor only; hard left; original-table correction
  93.0s P1000 -> L-150 R150: far left, outer sensor only; hard left; original-table correction
  93.0s P1000 -> L-150 R150: far left, outer sensor only; hard left; original-table correction
  93.1s P1000 -> L-150 R150: far left, outer sensor only; hard left; original-table correction
  93.1s P1000 -> L-150 R150: far left, outer sensor only; hard left; original-table correction
  93.1s P1000 -> L-150 R150: far left, outer sensor only; hard left; original-table correction
  93.1s P1100 -> L60 R150: left pair, needs >2.8cm of black; original-table junction correction
  93.1s P1100 -> L60 R150: left pair, needs >2.8cm of black; original-table junction correction
  93.1s P1100 -> L60 R150: left pair, needs >2.8cm of black; original-table junction correction
  93.1s P1100 -> L60 R150: left pair, needs >2.8cm of black; original-table junction correction
  93.1s P1100 -> L60 R150: left pair, needs >2.8cm of black; original-table junction correction
  93.1s P1100 -> L60 R150: left pair, needs >2.8cm of black; original-table junction correction
  93.1s P1100 -> L60 R150: left pair, needs >2.8cm of black; original-table junction correction
  93.2s P1100 -> L60 R150: left pair, needs >2.8cm of black; original-table junction correction
  93.2s P1100 -> L60 R150: left pair, needs >2.8cm of black; original-table junction correction
  93.2s P1100 -> L60 R150: left pair, needs >2.8cm of black; original-table junction correction
  93.2s P1100 -> L60 R150: left pair, needs >2.8cm of black; original-table junction correction
  93.2s P1100 -> L60 R150: left pair, needs >2.8cm of black; original-table junction correction
  93.2s P1100 -> L60 R150: left pair, needs >2.8cm of black; original-table junction correction
  93.2s P1100 -> L60 R150: left pair, needs >2.8cm of black; original-table junction correction
  93.2s P1100 -> L60 R150: left pair, needs >2.8cm of black; original-table junction correction
  93.2s P1100 -> L60 R150: left pair, needs >2.8cm of black; original-table junction correction
  93.2s P1100 -> L60 R150: left pair, needs >2.8cm of black; original-table junction correction
  93.3s P1100 -> L60 R150: left pair, needs >2.8cm of black; original-table junction correction
  93.3s P1100 -> L60 R150: left pair, needs >2.8cm of black; original-table junction correction
  93.3s P1100 -> L60 R150: left pair, needs >2.8cm of black; original-table junction correction
  93.3s P1100 -> L60 R150: left pair, needs >2.8cm of black; original-table junction correction
  93.3s P1000 -> L-150 R150: far left, outer sensor only; hard left; original-table correction
  93.3s P1000 -> L-150 R150: far left, outer sensor only; hard left; original-table correction
  93.3s P1000 -> L-150 R150: far left, outer sensor only; hard left; original-table correction
  93.3s P1000 -> L-150 R150: far left, outer sensor only; hard left; original-table correction
  93.3s P1000 -> L-150 R150: far left, outer sensor only; hard left; original-table correction
  93.3s P1000 -> L-150 R150: far left, outer sensor only; hard left; original-table correction
  93.4s P1100 -> L60 R150: left pair, needs >2.8cm of black; original-table junction correction
  93.4s P1100 -> L60 R150: left pair, needs >2.8cm of black; original-table junction correction
  93.4s P1100 -> L60 R150: left pair, needs >2.8cm of black; original-table junction correction
  93.4s P1100 -> L60 R150: left pair, needs >2.8cm of black; original-table junction correction
  93.4s P1100 -> L60 R150: left pair, needs >2.8cm of black; original-table junction correction
  93.4s P1100 -> L60 R150: left pair, needs >2.8cm of black; original-table junction correction
  93.4s P1100 -> L60 R150: left pair, needs >2.8cm of black; original-table junction correction
  93.4s P1100 -> L60 R150: left pair, needs >2.8cm of black; original-table junction correction
  93.4s P1100 -> L60 R150: left pair, needs >2.8cm of black; original-table junction correction
  93.4s P1100 -> L60 R150: left pair, needs >2.8cm of black; original-table junction correction
  93.5s P1100 -> L60 R150: left pair, needs >2.8cm of black; original-table junction correction
  93.5s P1100 -> L60 R150: left pair, needs >2.8cm of black; original-table junction correction
  93.5s P1100 -> L60 R150: left pair, needs >2.8cm of black; original-table junction correction
  93.5s P1100 -> L60 R150: left pair, needs >2.8cm of black; original-table junction correction
  93.5s P1100 -> L60 R150: left pair, needs >2.8cm of black; original-table junction correction
  93.5s P1100 -> L60 R150: left pair, needs >2.8cm of black; original-table junction correction
  93.5s P1100 -> L60 R150: left pair, needs >2.8cm of black; original-table junction correction
  93.5s P1100 -> L60 R150: left pair, needs >2.8cm of black; original-table junction correction
  93.5s P1100 -> L60 R150: left pair, needs >2.8cm of black; original-table junction correction
  93.5s P1100 -> L60 R150: left pair, needs >2.8cm of black; original-table junction correction
  93.6s P1100 -> L60 R150: left pair, needs >2.8cm of black; original-table junction correction
  93.6s P1100 -> L60 R150: left pair, needs >2.8cm of black; original-table junction correction
  93.6s P1100 -> L60 R150: left pair, needs >2.8cm of black; original-table junction correction
  93.6s P1100 -> L60 R150: left pair, needs >2.8cm of black; original-table junction correction
  93.6s P1100 -> L60 R150: left pair, needs >2.8cm of black; original-table junction correction
  93.6s P1100 -> L60 R150: left pair, needs >2.8cm of black; original-table junction correction
  93.6s P1100 -> L60 R150: left pair, needs >2.8cm of black; original-table junction correction
  93.6s P1100 -> L60 R150: left pair, needs >2.8cm of black; original-table junction correction
  93.6s P1100 -> L60 R150: left pair, needs >2.8cm of black; original-table junction correction
  93.6s P1100 -> L60 R150: left pair, needs >2.8cm of black; original-table junction correction
  93.7s P1100 -> L60 R150: left pair, needs >2.8cm of black; original-table junction correction
  93.7s P1100 -> L60 R150: left pair, needs >2.8cm of black; original-table junction correction
  93.7s P1100 -> L60 R150: left pair, needs >2.8cm of black; original-table junction correction
  93.7s P1100 -> L60 R150: left pair, needs >2.8cm of black; original-table junction correction
  93.7s P1100 -> L60 R150: left pair, needs >2.8cm of black; original-table junction correction
  93.7s P1100 -> L60 R150: left pair, needs >2.8cm of black; original-table junction correction
  93.7s P1100 -> L60 R150: left pair, needs >2.8cm of black; original-table junction correction
  93.7s P1100 -> L60 R150: left pair, needs >2.8cm of black; original-table junction correction
  93.7s P1100 -> L60 R150: left pair, needs >2.8cm of black; original-table junction correction
  93.7s P1100 -> L60 R150: left pair, needs >2.8cm of black; original-table junction correction
  93.8s P1100 -> L60 R150: left pair, needs >2.8cm of black; original-table junction correction
  93.8s P1100 -> L60 R150: left pair, needs >2.8cm of black; original-table junction correction
  93.8s P1100 -> L60 R150: left pair, needs >2.8cm of black; original-table junction correction
  93.8s P1100 -> L60 R150: left pair, needs >2.8cm of black; original-table junction correction
  93.8s P1100 -> L60 R150: left pair, needs >2.8cm of black; original-table junction correction
  93.8s P1100 -> L60 R150: left pair, needs >2.8cm of black; original-table junction correction
  93.8s P1100 -> L60 R150: left pair, needs >2.8cm of black; original-table junction correction
  93.8s P1100 -> L60 R150: left pair, needs >2.8cm of black; original-table junction correction
  93.8s P1100 -> L60 R150: left pair, needs >2.8cm of black; original-table junction correction
  93.9s P1100 -> L60 R150: left pair, needs >2.8cm of black; original-table junction correction
  93.9s P1100 -> L60 R150: left pair, needs >2.8cm of black; original-table junction correction
  93.9s P1100 -> L60 R150: left pair, needs >2.8cm of black; original-table junction correction
  93.9s P1100 -> L60 R150: left pair, needs >2.8cm of black; original-table junction correction
  93.9s P1100 -> L60 R150: left pair, needs >2.8cm of black; original-table junction correction
  93.9s P1100 -> L60 R150: left pair, needs >2.8cm of black; original-table junction correction
  93.9s P1100 -> L60 R150: left pair, needs >2.8cm of black; original-table junction correction
  93.9s P1100 -> L60 R150: left pair, needs >2.8cm of black; original-table junction correction
  93.9s P1100 -> L60 R150: left pair, needs >2.8cm of black; original-table junction correction
  93.9s P1100 -> L60 R150: left pair, needs >2.8cm of black; original-table junction correction
  94.0s P0100 -> L110 R150: drifting left, slight; original-table correction
  94.0s P0100 -> L110 R150: drifting left, slight; original-table correction
  94.0s P0100 -> L110 R150: drifting left, slight; original-table correction
  94.0s P0100 -> L110 R150: drifting left, slight; original-table correction
  94.0s P0100 -> L110 R150: drifting left, slight; original-table correction
  94.0s P0100 -> L110 R150: drifting left, slight; original-table correction
  94.0s P0100 -> L110 R150: drifting left, slight; original-table correction
  94.0s P0100 -> L110 R150: drifting left, slight; original-table correction
  94.0s P0100 -> L110 R150: drifting left, slight; original-table correction
  94.0s P0100 -> L110 R150: drifting left, slight; original-table correction
  94.1s P0100 -> L110 R150: drifting left, slight; original-table correction
  94.1s P0000 -> L60 R150: blind band; original-table correction
  94.1s P0000 -> L60 R150: blind band; original-table correction
  94.1s P0000 -> L60 R150: blind band; original-table correction
  94.1s P0000 -> L60 R150: blind band; original-table correction
  94.1s P0000 -> L60 R150: blind band; original-table correction
  94.1s P0000 -> L60 R150: blind band; original-table correction
  94.1s P0000 -> L60 R150: blind band; original-table correction
  94.1s P0000 -> L60 R150: blind band; original-table correction
  94.1s P0000 -> L60 R150: blind band; original-table correction
  94.2s P0000 -> L60 R150: blind band; original-table correction
  94.2s P0000 -> L60 R150: blind band; original-table correction
  94.2s P0000 -> L60 R150: blind band; original-table correction
  94.2s P0000 -> L60 R150: blind band; original-table correction
  94.2s P0000 -> L60 R150: blind band; original-table correction
  94.2s P0000 -> L60 R150: blind band; original-table correction
  94.2s P0000 -> L60 R150: blind band; original-table correction
  94.2s P0000 -> L60 R150: blind band; original-table correction
  94.2s P0000 -> L60 R150: blind band; original-table correction
  94.2s P0000 -> L60 R150: blind band; original-table correction
  94.3s P0000 -> L60 R150: blind band; original-table correction
  94.3s P0000 -> L60 R150: blind band; original-table correction
  94.3s P0000 -> L60 R150: blind band; original-table correction
  94.3s P0000 -> L60 R150: blind band; original-table correction
  94.3s P0000 -> L60 R150: blind band; original-table correction
  94.3s P0000 -> L60 R150: blind band; original-table correction
  94.3s P0000 -> L60 R150: blind band; original-table correction
  94.3s P0000 -> L60 R150: blind band; original-table correction
  94.3s P0000 -> L60 R150: blind band; original-table correction
  94.3s P0000 -> L60 R150: blind band; original-table correction
  94.4s P0000 -> L60 R150: blind band; original-table correction
  94.4s P0000 -> L60 R150: blind band; original-table correction
  94.4s P0000 -> L60 R150: blind band; original-table correction
  94.4s P0000 -> L60 R150: blind band; original-table correction
  94.4s P0000 -> L60 R150: blind band; original-table correction
  94.4s P0000 -> L60 R150: blind band; original-table correction
  94.4s P0000 -> L60 R150: blind band; original-table correction
  94.4s P0000 -> L60 R150: blind band; original-table correction
  94.4s P0000 -> L60 R150: blind band; original-table correction
  94.4s P0000 -> L60 R150: blind band; original-table correction
  94.5s P0000 -> L60 R150: blind band; original-table correction
  94.5s P0000 -> L60 R150: blind band; original-table correction
  94.5s P0000 -> L60 R150: blind band; original-table correction
  94.5s P0100 -> L110 R150: drifting left, slight; original-table correction
  94.5s P0100 -> L110 R150: drifting left, slight; original-table correction
  94.5s P0100 -> L110 R150: drifting left, slight; original-table correction
  94.5s P0100 -> L110 R150: drifting left, slight; original-table correction
  94.5s P0100 -> L110 R150: drifting left, slight; original-table correction
  94.5s P0100 -> L110 R150: drifting left, slight; original-table correction
  94.5s P0100 -> L110 R150: drifting left, slight; original-table correction
  94.6s P0100 -> L110 R150: drifting left, slight; original-table correction
  94.6s P0100 -> L110 R150: drifting left, slight; original-table correction
  94.6s P0100 -> L110 R150: drifting left, slight; original-table correction
  94.6s P0100 -> L110 R150: drifting left, slight; original-table correction
  94.6s P0100 -> L110 R150: drifting left, slight; original-table correction
  94.6s P0100 -> L110 R150: drifting left, slight; original-table correction
  94.6s P0100 -> L110 R150: drifting left, slight; original-table correction
  94.6s P0100 -> L110 R150: drifting left, slight; original-table correction
  94.6s P0000 -> L60 R150: blind band; original-table correction
  94.6s P0000 -> L60 R150: blind band; original-table correction
  94.7s P0000 -> L60 R150: blind band; original-table correction
  94.7s P0000 -> L60 R150: blind band; original-table correction
  94.7s P0000 -> L60 R150: blind band; original-table correction
  94.7s P0000 -> L60 R150: blind band; original-table correction
  94.7s P0000 -> L60 R150: blind band; original-table correction
  94.7s P0000 -> L60 R150: blind band; original-table correction
  94.7s P0000 -> L60 R150: blind band; original-table correction
  94.7s P0000 -> L60 R150: blind band; original-table correction
  94.7s P0000 -> L60 R150: blind band; original-table correction
  94.7s P0000 -> L60 R150: blind band; original-table correction
  94.8s P0000 -> L60 R150: blind band; original-table correction
  94.8s P0000 -> L60 R150: blind band; original-table correction
  94.8s P0000 -> L60 R150: blind band; original-table correction
  94.8s P0000 -> L60 R150: blind band; original-table correction
  94.8s P0000 -> L60 R150: blind band; original-table correction
  94.8s P0000 -> L60 R150: blind band; original-table correction
  94.8s P0000 -> L60 R150: blind band; original-table correction
  94.8s P0000 -> L60 R150: blind band; original-table correction
  94.8s P0000 -> L60 R150: blind band; original-table correction
  94.8s P0000 -> L60 R150: blind band; original-table correction
  94.9s P0000 -> L60 R150: blind band; original-table correction
  94.9s P0000 -> L60 R150: blind band; original-table correction
  94.9s P0000 -> L60 R150: blind band; original-table correction
  94.9s P0000 -> L60 R150: blind band; original-table correction
  94.9s P0000 -> L60 R150: blind band; original-table correction
  94.9s P0100 -> L110 R150: drifting left, slight; original-table correction
  94.9s P0100 -> L110 R150: drifting left, slight; original-table correction
  94.9s P0100 -> L110 R150: drifting left, slight; original-table correction
  94.9s P0100 -> L110 R150: drifting left, slight; original-table correction
  94.9s P0100 -> L110 R150: drifting left, slight; original-table correction
  95.0s P0100 -> L110 R150: drifting left, slight; original-table correction
  95.0s P0100 -> L110 R150: drifting left, slight; original-table correction
  95.0s P0100 -> L110 R150: drifting left, slight; original-table correction
  95.0s P0100 -> L110 R150: drifting left, slight; original-table correction
  95.0s P0100 -> L110 R150: drifting left, slight; original-table correction
  95.0s P0100 -> L110 R150: drifting left, slight; original-table correction
  95.0s P0100 -> L110 R150: drifting left, slight; original-table correction
  95.0s P0100 -> L110 R150: drifting left, slight; original-table correction
  95.0s P0100 -> L110 R150: drifting left, slight; original-table correction
  95.0s P0100 -> L110 R150: drifting left, slight; original-table correction
  95.1s P0100 -> L110 R150: drifting left, slight; original-table correction
  95.1s P0100 -> L110 R150: drifting left, slight; original-table correction
  95.1s P0100 -> L110 R150: drifting left, slight; original-table correction
  95.1s P0100 -> L110 R150: drifting left, slight; original-table correction
  95.1s P0100 -> L110 R150: drifting left, slight; original-table correction
  95.1s P0100 -> L110 R150: drifting left, slight; original-table correction
  95.1s P0100 -> L110 R150: drifting left, slight; original-table correction
  95.1s P0100 -> L110 R150: drifting left, slight; original-table correction
  95.1s P0100 -> L110 R150: drifting left, slight; original-table correction
  95.1s P0100 -> L110 R150: drifting left, slight; original-table correction
  95.2s P0100 -> L110 R150: drifting left, slight; original-table correction
  95.2s P0100 -> L110 R150: drifting left, slight; original-table correction
  95.2s P0100 -> L110 R150: drifting left, slight; original-table correction
  95.2s P0100 -> L110 R150: drifting left, slight; original-table correction
  95.2s P0100 -> L110 R150: drifting left, slight; original-table correction
  95.2s P0100 -> L110 R150: drifting left, slight; original-table correction
  95.2s P0100 -> L110 R150: drifting left, slight; original-table correction
  95.2s P0100 -> L110 R150: drifting left, slight; original-table correction
  95.2s P0100 -> L110 R150: drifting left, slight; original-table correction
  95.2s P0100 -> L110 R150: drifting left, slight; original-table correction
  95.3s P0100 -> L110 R150: drifting left, slight; original-table correction
  95.3s P0100 -> L110 R150: drifting left, slight; original-table correction
  95.3s P0100 -> L110 R150: drifting left, slight; original-table correction
  95.3s P0100 -> L110 R150: drifting left, slight; original-table correction
  95.3s P0100 -> L110 R150: drifting left, slight; original-table correction
  95.3s P0100 -> L110 R150: drifting left, slight; original-table correction
  95.3s P0100 -> L110 R150: drifting left, slight; original-table correction
  95.3s P0100 -> L110 R150: drifting left, slight; original-table correction
  95.3s P0100 -> L110 R150: drifting left, slight; original-table correction
  95.3s P0100 -> L110 R150: drifting left, slight; original-table correction
  95.4s P0100 -> L110 R150: drifting left, slight; original-table correction
  95.4s P0100 -> L110 R150: drifting left, slight; original-table correction
  95.4s P0100 -> L110 R150: drifting left, slight; original-table correction
  95.4s P0100 -> L110 R150: drifting left, slight; original-table correction
  95.4s P0100 -> L110 R150: drifting left, slight; original-table correction
  95.4s P0100 -> L110 R150: drifting left, slight; original-table correction
  95.4s P0100 -> L110 R150: drifting left, slight; original-table correction
  95.4s P0100 -> L110 R150: drifting left, slight; original-table correction
  95.4s P0100 -> L110 R150: drifting left, slight; original-table correction
  95.4s P0100 -> L110 R150: drifting left, slight; original-table correction
  95.5s P0100 -> L110 R150: drifting left, slight; original-table correction
  95.5s P0100 -> L110 R150: drifting left, slight; original-table correction
  95.5s P0100 -> L110 R150: drifting left, slight; original-table correction
  95.5s P0100 -> L110 R150: drifting left, slight; original-table correction
  95.5s P0100 -> L110 R150: drifting left, slight; original-table correction
  95.5s P0100 -> L110 R150: drifting left, slight; original-table correction
  95.5s P0100 -> L110 R150: drifting left, slight; original-table correction
  95.5s P0100 -> L110 R150: drifting left, slight; original-table correction
  95.5s P0100 -> L110 R150: drifting left, slight; original-table correction
  95.6s P0100 -> L110 R150: drifting left, slight; original-table correction
  95.6s P0100 -> L110 R150: drifting left, slight; original-table correction
  95.6s P0100 -> L110 R150: drifting left, slight; original-table correction
  95.6s P0100 -> L110 R150: drifting left, slight; original-table correction
  95.6s P0100 -> L110 R150: drifting left, slight; original-table correction
  95.6s P0100 -> L110 R150: drifting left, slight; original-table correction
  95.6s P0100 -> L110 R150: drifting left, slight; original-table correction
  95.6s P0110 -> L150 R150: centred or unresolved; original-table forward
  95.6s P0110 -> L150 R150: centred or unresolved; original-table forward
  95.6s P0110 -> L150 R150: centred or unresolved; original-table forward
  95.7s P0110 -> L150 R150: centred or unresolved; original-table forward
  95.7s P0110 -> L150 R150: centred or unresolved; original-table forward
  95.7s P0110 -> L150 R150: centred or unresolved; original-table forward
  95.7s P0110 -> L150 R150: centred or unresolved; original-table forward
  95.7s P0110 -> L150 R150: centred or unresolved; original-table forward
  95.7s P0110 -> L150 R150: centred or unresolved; original-table forward
  95.7s P0110 -> L150 R150: centred or unresolved; original-table forward
  95.7s P0110 -> L150 R150: centred or unresolved; original-table forward
  95.7s P0100 -> L110 R150: drifting left, slight; original-table correction
  95.7s P0100 -> L110 R150: drifting left, slight; original-table correction
  95.8s P0100 -> L110 R150: drifting left, slight; original-table correction
  95.8s P0100 -> L110 R150: drifting left, slight; original-table correction
  95.8s P0100 -> L110 R150: drifting left, slight; original-table correction
  95.8s P0100 -> L110 R150: drifting left, slight; original-table correction
  95.8s P0100 -> L110 R150: drifting left, slight; original-table correction
  95.8s P0100 -> L110 R150: drifting left, slight; original-table correction
  95.8s P0110 -> L150 R150: centred or unresolved; original-table forward
  95.8s P0110 -> L150 R150: centred or unresolved; original-table forward
  95.8s P0110 -> L150 R150: centred or unresolved; original-table forward
  95.8s P0110 -> L150 R150: centred or unresolved; original-table forward
  95.9s P0110 -> L150 R150: centred or unresolved; original-table forward
  95.9s P0110 -> L150 R150: centred or unresolved; original-table forward
  95.9s P0110 -> L150 R150: centred or unresolved; original-table forward
  95.9s P0110 -> L150 R150: centred or unresolved; original-table forward
  95.9s P0110 -> L150 R150: centred or unresolved; original-table forward
  95.9s P0110 -> L150 R150: centred or unresolved; original-table forward
  95.9s P0110 -> L150 R150: centred or unresolved; original-table forward
  95.9s P0110 -> L150 R150: centred or unresolved; original-table forward
  95.9s P0110 -> L150 R150: centred or unresolved; original-table forward
  95.9s P0110 -> L150 R150: centred or unresolved; original-table forward
  96.0s P0110 -> L150 R150: centred or unresolved; original-table forward
  96.0s P0110 -> L150 R150: centred or unresolved; original-table forward
  96.0s P0110 -> L150 R150: centred or unresolved; original-table forward
  96.0s P0110 -> L150 R150: centred or unresolved; original-table forward
  96.0s P0110 -> L150 R150: centred or unresolved; original-table forward
  96.0s P0110 -> L150 R150: centred or unresolved; original-table forward
  96.0s P0110 -> L150 R150: centred or unresolved; original-table forward
  96.0s P0110 -> L150 R150: centred or unresolved; original-table forward
  96.0s P0110 -> L150 R150: centred or unresolved; original-table forward
  96.0s P0110 -> L150 R150: centred or unresolved; original-table forward
  96.1s P0110 -> L150 R150: centred or unresolved; original-table forward
  96.1s P0110 -> L150 R150: centred or unresolved; original-table forward
  96.1s P0110 -> L150 R150: centred or unresolved; original-table forward
  96.1s P0100 -> L110 R150: drifting left, slight; original-table correction
  96.1s P0100 -> L110 R150: drifting left, slight; original-table correction
  96.1s P0100 -> L110 R150: drifting left, slight; original-table correction
  96.1s P0100 -> L110 R150: drifting left, slight; original-table correction
  96.1s P0100 -> L110 R150: drifting left, slight; original-table correction
  96.1s P0100 -> L110 R150: drifting left, slight; original-table correction
  96.1s P0110 -> L150 R150: centred or unresolved; original-table forward
  96.2s P0110 -> L150 R150: centred or unresolved; original-table forward
  96.2s P0110 -> L150 R150: centred or unresolved; original-table forward
  96.2s P0110 -> L150 R150: centred or unresolved; original-table forward
  96.2s P0110 -> L150 R150: centred or unresolved; original-table forward
  96.2s P0110 -> L150 R150: centred or unresolved; original-table forward
  96.2s P0110 -> L150 R150: centred or unresolved; original-table forward
  96.2s P0110 -> L150 R150: centred or unresolved; original-table forward
  96.2s P0110 -> L150 R150: centred or unresolved; original-table forward
  96.2s P0110 -> L150 R150: centred or unresolved; original-table forward
  96.2s P0110 -> L150 R150: centred or unresolved; original-table forward
  96.3s P0110 -> L150 R150: centred or unresolved; original-table forward
  96.3s P0110 -> L150 R150: centred or unresolved; original-table forward
  96.3s P0110 -> L150 R150: centred or unresolved; original-table forward
  96.3s P0110 -> L150 R150: centred or unresolved; original-table forward
  96.3s P0110 -> L150 R150: centred or unresolved; original-table forward
  96.3s P0110 -> L150 R150: centred or unresolved; original-table forward
  96.3s P0110 -> L150 R150: centred or unresolved; original-table forward
  96.3s P0110 -> L150 R150: centred or unresolved; original-table forward
  96.3s P0110 -> L150 R150: centred or unresolved; original-table forward
  96.3s P0100 -> L110 R150: drifting left, slight; original-table correction
  96.4s P0100 -> L110 R150: drifting left, slight; original-table correction
  96.4s P0100 -> L110 R150: drifting left, slight; original-table correction
  96.4s P0100 -> L110 R150: drifting left, slight; original-table correction
  96.4s P0100 -> L110 R150: drifting left, slight; original-table correction
  96.4s P0110 -> L150 R150: centred or unresolved; original-table forward
  96.4s P0110 -> L150 R150: centred or unresolved; original-table forward
  96.4s P0110 -> L150 R150: centred or unresolved; original-table forward
  96.4s P0110 -> L150 R150: centred or unresolved; original-table forward
  96.4s P0110 -> L150 R150: centred or unresolved; original-table forward
  96.4s P0110 -> L150 R150: centred or unresolved; original-table forward
  96.5s P0110 -> L150 R150: centred or unresolved; original-table forward
  96.5s P0110 -> L150 R150: centred or unresolved; original-table forward
  96.5s P0110 -> L150 R150: centred or unresolved; original-table forward
  96.5s P0110 -> L150 R150: centred or unresolved; original-table forward
  96.5s P0110 -> L150 R150: centred or unresolved; original-table forward
  96.5s P0110 -> L150 R150: centred or unresolved; original-table forward
  96.5s P0110 -> L150 R150: centred or unresolved; original-table forward
  96.5s P0110 -> L150 R150: centred or unresolved; original-table forward
  96.5s P0110 -> L150 R150: centred or unresolved; original-table forward
  96.5s P0110 -> L150 R150: centred or unresolved; original-table forward
  96.6s P0110 -> L150 R150: centred or unresolved; original-table forward
  96.6s P0110 -> L150 R150: centred or unresolved; original-table forward
  96.6s P0110 -> L150 R150: centred or unresolved; original-table forward
  96.6s P0110 -> L150 R150: centred or unresolved; original-table forward
  96.6s P0110 -> L150 R150: centred or unresolved; original-table forward
  96.6s P0110 -> L150 R150: centred or unresolved; original-table forward
  96.6s P0110 -> L150 R150: centred or unresolved; original-table forward
  96.6s P0100 -> L110 R150: drifting left, slight; original-table correction
  96.6s P0100 -> L110 R150: drifting left, slight; original-table correction
  96.6s P0100 -> L110 R150: drifting left, slight; original-table correction
  96.7s P0100 -> L110 R150: drifting left, slight; original-table correction
  96.7s P0100 -> L110 R150: drifting left, slight; original-table correction
  96.7s P0100 -> L110 R150: drifting left, slight; original-table correction
  96.7s P0100 -> L110 R150: drifting left, slight; original-table correction
  96.7s P0100 -> L110 R150: drifting left, slight; original-table correction
  96.7s P0100 -> L110 R150: drifting left, slight; original-table correction
  96.7s P0100 -> L110 R150: drifting left, slight; original-table correction
  96.7s P0100 -> L110 R150: drifting left, slight; original-table correction
  96.7s P0100 -> L110 R150: drifting left, slight; original-table correction
  96.7s P0100 -> L110 R150: drifting left, slight; original-table correction
  96.8s P0100 -> L110 R150: drifting left, slight; original-table correction
  96.8s P0100 -> L110 R150: drifting left, slight; original-table correction
  96.8s P0100 -> L110 R150: drifting left, slight; original-table correction
  96.8s P0100 -> L110 R150: drifting left, slight; original-table correction
  96.8s P0100 -> L110 R150: drifting left, slight; original-table correction
  96.8s P0100 -> L110 R150: drifting left, slight; original-table correction
  96.8s P0100 -> L110 R150: drifting left, slight; original-table correction
  96.8s P0100 -> L110 R150: drifting left, slight; original-table correction
  96.8s P0100 -> L110 R150: drifting left, slight; original-table correction
  96.8s P0100 -> L110 R150: drifting left, slight; original-table correction
  96.9s P0100 -> L110 R150: drifting left, slight; original-table correction
  96.9s P0100 -> L110 R150: drifting left, slight; original-table correction
  96.9s P0100 -> L110 R150: drifting left, slight; original-table correction
  96.9s P0100 -> L110 R150: drifting left, slight; original-table correction
  96.9s P0100 -> L110 R150: drifting left, slight; original-table correction
  96.9s P0100 -> L110 R150: drifting left, slight; original-table correction
  96.9s P0100 -> L110 R150: drifting left, slight; original-table correction
  96.9s P0100 -> L110 R150: drifting left, slight; original-table correction
  96.9s P0100 -> L110 R150: drifting left, slight; original-table correction
  96.9s P0100 -> L110 R150: drifting left, slight; original-table correction
  97.0s P0100 -> L110 R150: drifting left, slight; original-table correction
  97.0s P0100 -> L110 R150: drifting left, slight; original-table correction
  97.0s P0100 -> L110 R150: drifting left, slight; original-table correction
  97.0s P0100 -> L110 R150: drifting left, slight; original-table correction
  97.0s P0100 -> L110 R150: drifting left, slight; original-table correction
  97.0s P0100 -> L110 R150: drifting left, slight; original-table correction
  97.0s P0100 -> L110 R150: drifting left, slight; original-table correction
  97.0s P0100 -> L110 R150: drifting left, slight; original-table correction
  97.0s P0100 -> L110 R150: drifting left, slight; original-table correction
  97.0s P0100 -> L110 R150: drifting left, slight; original-table correction
  97.1s P0100 -> L110 R150: drifting left, slight; original-table correction
  97.1s P0100 -> L110 R150: drifting left, slight; original-table correction
  97.1s P0100 -> L110 R150: drifting left, slight; original-table correction
  97.1s P0100 -> L110 R150: drifting left, slight; original-table correction
  97.1s P0100 -> L110 R150: drifting left, slight; original-table correction
  97.1s P0100 -> L110 R150: drifting left, slight; original-table correction
  97.1s P0100 -> L110 R150: drifting left, slight; original-table correction
  97.1s P0100 -> L110 R150: drifting left, slight; original-table correction
  97.1s P0100 -> L110 R150: drifting left, slight; original-table correction
  97.2s P0100 -> L110 R150: drifting left, slight; original-table correction
  97.2s P0100 -> L110 R150: drifting left, slight; original-table correction
  97.2s P0100 -> L110 R150: drifting left, slight; original-table correction
  97.2s P0100 -> L110 R150: drifting left, slight; original-table correction
  97.2s P0100 -> L110 R150: drifting left, slight; original-table correction
  97.2s P0100 -> L110 R150: drifting left, slight; original-table correction
  97.2s P0100 -> L110 R150: drifting left, slight; original-table correction
  97.2s P0100 -> L110 R150: drifting left, slight; original-table correction
  97.2s P0100 -> L110 R150: drifting left, slight; original-table correction
  97.2s P0100 -> L110 R150: drifting left, slight; original-table correction
  97.3s P0100 -> L110 R150: drifting left, slight; original-table correction
  97.3s P0100 -> L110 R150: drifting left, slight; original-table correction
  97.3s P0100 -> L110 R150: drifting left, slight; original-table correction
  97.3s P0100 -> L110 R150: drifting left, slight; original-table correction
  97.3s P0100 -> L110 R150: drifting left, slight; original-table correction
  97.3s P0100 -> L110 R150: drifting left, slight; original-table correction
  97.3s P0100 -> L110 R150: drifting left, slight; original-table correction
  97.3s P0100 -> L110 R150: drifting left, slight; original-table correction
  97.3s P0100 -> L110 R150: drifting left, slight; original-table correction
  97.3s P0000 -> L60 R150: blind band; original-table correction
  97.4s P0000 -> L60 R150: blind band; original-table correction
  97.4s P0000 -> L60 R150: blind band; original-table correction
  97.4s P0000 -> L60 R150: blind band; original-table correction
  97.4s P1000 -> L-150 R150: far left, outer sensor only; hard left; original-table correction
  97.4s P1000 -> L-150 R150: far left, outer sensor only; hard left; original-table correction
  97.4s P1000 -> L-150 R150: far left, outer sensor only; hard left; original-table correction
  97.4s P1000 -> L-150 R150: far left, outer sensor only; hard left; original-table correction
  97.4s P1000 -> L-150 R150: far left, outer sensor only; hard left; original-table correction
  97.4s P1000 -> L-150 R150: far left, outer sensor only; hard left; original-table correction
  97.4s P1000 -> L-150 R150: far left, outer sensor only; hard left; original-table correction
  97.5s P1000 -> L-150 R150: far left, outer sensor only; hard left; original-table correction
  97.5s P1000 -> L-150 R150: far left, outer sensor only; hard left; original-table correction
  97.5s P1000 -> L-150 R150: far left, outer sensor only; hard left; original-table correction
  97.5s P1000 -> L-150 R150: far left, outer sensor only; hard left; original-table correction
  97.5s P1000 -> L-150 R150: far left, outer sensor only; hard left; original-table correction
  97.5s P1000 -> L-150 R150: far left, outer sensor only; hard left; original-table correction
  97.5s P1000 -> L-150 R150: far left, outer sensor only; hard left; original-table correction
  97.5s P1100 -> L60 R150: left pair, needs >2.8cm of black; original-table junction correction
  97.5s P1100 -> L60 R150: left pair, needs >2.8cm of black; original-table junction correction
  97.5s P1100 -> L60 R150: left pair, needs >2.8cm of black; original-table junction correction
  97.6s P1100 -> L60 R150: left pair, needs >2.8cm of black; original-table junction correction
  97.6s P1100 -> L60 R150: left pair, needs >2.8cm of black; original-table junction correction
  97.6s P1100 -> L60 R150: left pair, needs >2.8cm of black; original-table junction correction
  97.6s P1100 -> L60 R150: left pair, needs >2.8cm of black; original-table junction correction
  97.6s P1100 -> L60 R150: left pair, needs >2.8cm of black; original-table junction correction
  97.6s P1100 -> L60 R150: left pair, needs >2.8cm of black; original-table junction correction
  97.6s P1100 -> L60 R150: left pair, needs >2.8cm of black; original-table junction correction
  97.6s P1100 -> L60 R150: left pair, needs >2.8cm of black; original-table junction correction
  97.6s P1100 -> L60 R150: left pair, needs >2.8cm of black; original-table junction correction
  97.6s P1100 -> L60 R150: left pair, needs >2.8cm of black; original-table junction correction
  97.7s P1100 -> L60 R150: left pair, needs >2.8cm of black; original-table junction correction
  97.7s P1100 -> L60 R150: left pair, needs >2.8cm of black; original-table junction correction
  97.7s P1100 -> L60 R150: left pair, needs >2.8cm of black; original-table junction correction
  97.7s P1100 -> L60 R150: left pair, needs >2.8cm of black; original-table junction correction
  97.7s P1100 -> L60 R150: left pair, needs >2.8cm of black; original-table junction correction
  97.7s P1100 -> L60 R150: left pair, needs >2.8cm of black; original-table junction correction
  97.7s P1100 -> L60 R150: left pair, needs >2.8cm of black; original-table junction correction
  97.7s P1100 -> L60 R150: left pair, needs >2.8cm of black; original-table junction correction
  97.7s P1100 -> L60 R150: left pair, needs >2.8cm of black; original-table junction correction
  97.7s P1100 -> L60 R150: left pair, needs >2.8cm of black; original-table junction correction
  97.8s P1100 -> L60 R150: left pair, needs >2.8cm of black; original-table junction correction
  97.8s P1100 -> L60 R150: left pair, needs >2.8cm of black; original-table junction correction
  97.8s P1100 -> L60 R150: left pair, needs >2.8cm of black; original-table junction correction
  97.8s P1100 -> L60 R150: left pair, needs >2.8cm of black; original-table junction correction
  97.8s P1100 -> L60 R150: left pair, needs >2.8cm of black; original-table junction correction
  97.8s P1100 -> L60 R150: left pair, needs >2.8cm of black; original-table junction correction
  97.8s P1100 -> L60 R150: left pair, needs >2.8cm of black; original-table junction correction
  97.8s P1100 -> L60 R150: left pair, needs >2.8cm of black; original-table junction correction
  97.8s P1100 -> L60 R150: left pair, needs >2.8cm of black; original-table junction correction
  97.8s P1100 -> L60 R150: left pair, needs >2.8cm of black; original-table junction correction
  97.9s P1100 -> L60 R150: left pair, needs >2.8cm of black; original-table junction correction
  97.9s P1100 -> L60 R150: left pair, needs >2.8cm of black; original-table junction correction
  97.9s P1100 -> L60 R150: left pair, needs >2.8cm of black; original-table junction correction
  97.9s P1100 -> L60 R150: left pair, needs >2.8cm of black; original-table junction correction
  97.9s P1100 -> L60 R150: left pair, needs >2.8cm of black; original-table junction correction
  97.9s P1100 -> L60 R150: left pair, needs >2.8cm of black; original-table junction correction
  97.9s P1100 -> L60 R150: left pair, needs >2.8cm of black; original-table junction correction
  97.9s P1100 -> L60 R150: left pair, needs >2.8cm of black; original-table junction correction
  97.9s P1100 -> L60 R150: left pair, needs >2.8cm of black; original-table junction correction
  97.9s P1100 -> L60 R150: left pair, needs >2.8cm of black; original-table junction correction
  98.0s P1100 -> L60 R150: left pair, needs >2.8cm of black; original-table junction correction
  98.0s P1100 -> L60 R150: left pair, needs >2.8cm of black; original-table junction correction
  98.0s P1100 -> L60 R150: left pair, needs >2.8cm of black; original-table junction correction
  98.0s P1100 -> L60 R150: left pair, needs >2.8cm of black; original-table junction correction
  98.0s P1100 -> L60 R150: left pair, needs >2.8cm of black; original-table junction correction
  98.0s P1100 -> L60 R150: left pair, needs >2.8cm of black; original-table junction correction
  98.0s P1100 -> L60 R150: left pair, needs >2.8cm of black; original-table junction correction
  98.0s P1100 -> L60 R150: left pair, needs >2.8cm of black; original-table junction correction
  98.0s P1100 -> L60 R150: left pair, needs >2.8cm of black; original-table junction correction
  98.0s P1100 -> L60 R150: left pair, needs >2.8cm of black; original-table junction correction
  98.1s P1100 -> L60 R150: left pair, needs >2.8cm of black; original-table junction correction
  98.1s P1100 -> L60 R150: left pair, needs >2.8cm of black; original-table junction correction
  98.1s P1100 -> L60 R150: left pair, needs >2.8cm of black; original-table junction correction
  98.1s P1100 -> L60 R150: left pair, needs >2.8cm of black; original-table junction correction
  98.1s P1100 -> L60 R150: left pair, needs >2.8cm of black; original-table junction correction
  98.1s P1100 -> L60 R150: left pair, needs >2.8cm of black; original-table junction correction
  98.1s P1100 -> L60 R150: left pair, needs >2.8cm of black; original-table junction correction
  98.1s P1100 -> L60 R150: left pair, needs >2.8cm of black; original-table junction correction
  98.1s P1100 -> L60 R150: left pair, needs >2.8cm of black; original-table junction correction
  98.1s P1100 -> L60 R150: left pair, needs >2.8cm of black; original-table junction correction
  98.2s P1100 -> L60 R150: left pair, needs >2.8cm of black; original-table junction correction
  98.2s P1100 -> L60 R150: left pair, needs >2.8cm of black; original-table junction correction
  98.2s P1100 -> L60 R150: left pair, needs >2.8cm of black; original-table junction correction
  98.2s P1100 -> L60 R150: left pair, needs >2.8cm of black; original-table junction correction
  98.2s P1100 -> L60 R150: left pair, needs >2.8cm of black; original-table junction correction
  98.2s P1000 -> L-150 R150: far left, outer sensor only; hard left; original-table correction
  98.2s P1100 -> L60 R150: left pair, needs >2.8cm of black; original-table junction correction
  98.2s P1100 -> L60 R150: left pair, needs >2.8cm of black; original-table junction correction
  98.2s P1100 -> L60 R150: left pair, needs >2.8cm of black; original-table junction correction
  98.2s P1100 -> L60 R150: left pair, needs >2.8cm of black; original-table junction correction
  98.3s P1100 -> L60 R150: left pair, needs >2.8cm of black; original-table junction correction
  98.3s P1100 -> L60 R150: left pair, needs >2.8cm of black; original-table junction correction
  98.3s P1100 -> L60 R150: left pair, needs >2.8cm of black; original-table junction correction
  98.3s P1100 -> L60 R150: left pair, needs >2.8cm of black; original-table junction correction
  98.3s P1100 -> L60 R150: left pair, needs >2.8cm of black; original-table junction correction
  98.3s P1100 -> L60 R150: left pair, needs >2.8cm of black; original-table junction correction
  98.3s P1100 -> L60 R150: left pair, needs >2.8cm of black; original-table junction correction
  98.3s P1100 -> L60 R150: left pair, needs >2.8cm of black; original-table junction correction
  98.3s P1100 -> L60 R150: left pair, needs >2.8cm of black; original-table junction correction
  98.3s P1100 -> L60 R150: left pair, needs >2.8cm of black; original-table junction correction
  98.4s P1100 -> L60 R150: left pair, needs >2.8cm of black; original-table junction correction
  98.4s P1100 -> L60 R150: left pair, needs >2.8cm of black; original-table junction correction
  98.4s P1000 -> L-150 R150: far left, outer sensor only; hard left; original-table correction
  98.4s P1000 -> L-150 R150: far left, outer sensor only; hard left; original-table correction
  98.4s P1000 -> L-150 R150: far left, outer sensor only; hard left; original-table correction
  98.4s P1000 -> L-150 R150: far left, outer sensor only; hard left; original-table correction
  98.4s P1000 -> L-150 R150: far left, outer sensor only; hard left; original-table correction
  98.4s P1000 -> L-150 R150: far left, outer sensor only; hard left; original-table correction
  98.4s P1000 -> L-150 R150: far left, outer sensor only; hard left; original-table correction
  98.4s P1000 -> L-150 R150: far left, outer sensor only; hard left; original-table correction
  98.5s P1000 -> L-150 R150: far left, outer sensor only; hard left; original-table correction
  98.5s P1100 -> L60 R150: left pair, needs >2.8cm of black; original-table junction correction
  98.5s P1100 -> L60 R150: left pair, needs >2.8cm of black; original-table junction correction
  98.5s P1100 -> L60 R150: left pair, needs >2.8cm of black; original-table junction correction
  98.5s P1100 -> L60 R150: left pair, needs >2.8cm of black; original-table junction correction
  98.5s P1100 -> L60 R150: left pair, needs >2.8cm of black; original-table junction correction
  98.5s P1100 -> L60 R150: left pair, needs >2.8cm of black; original-table junction correction
  98.5s P1100 -> L60 R150: left pair, needs >2.8cm of black; original-table junction correction
  98.5s P1100 -> L60 R150: left pair, needs >2.8cm of black; original-table junction correction
  98.5s P1100 -> L60 R150: left pair, needs >2.8cm of black; original-table junction correction
  98.6s P1100 -> L60 R150: left pair, needs >2.8cm of black; original-table junction correction
  98.6s P1100 -> L60 R150: left pair, needs >2.8cm of black; original-table junction correction
  98.6s P1100 -> L60 R150: left pair, needs >2.8cm of black; original-table junction correction
  98.6s P1100 -> L60 R150: left pair, needs >2.8cm of black; original-table junction correction
  98.6s P1100 -> L60 R150: left pair, needs >2.8cm of black; original-table junction correction
  98.6s P1100 -> L60 R150: left pair, needs >2.8cm of black; original-table junction correction
  98.6s P1100 -> L60 R150: left pair, needs >2.8cm of black; original-table junction correction
  98.6s P1100 -> L60 R150: left pair, needs >2.8cm of black; original-table junction correction
  98.6s P1100 -> L60 R150: left pair, needs >2.8cm of black; original-table junction correction
  98.6s P1000 -> L-150 R150: far left, outer sensor only; hard left; original-table correction
  98.7s P1000 -> L-150 R150: far left, outer sensor only; hard left; original-table correction
  98.7s P1000 -> L-150 R150: far left, outer sensor only; hard left; original-table correction
  98.7s P1000 -> L-150 R150: far left, outer sensor only; hard left; original-table correction
  98.7s P1000 -> L-150 R150: far left, outer sensor only; hard left; original-table correction
  98.7s P1000 -> L-150 R150: far left, outer sensor only; hard left; original-table correction
  98.7s P1000 -> L-150 R150: far left, outer sensor only; hard left; original-table correction
  98.7s P1000 -> L-150 R150: far left, outer sensor only; hard left; original-table correction
  98.7s P1000 -> L-150 R150: far left, outer sensor only; hard left; original-table correction
  98.7s P1000 -> L-150 R150: far left, outer sensor only; hard left; original-table correction
  98.7s P1100 -> L60 R150: left pair, needs >2.8cm of black; original-table junction correction
  98.8s P1100 -> L60 R150: left pair, needs >2.8cm of black; original-table junction correction
  98.8s P1100 -> L60 R150: left pair, needs >2.8cm of black; original-table junction correction
  98.8s P1100 -> L60 R150: left pair, needs >2.8cm of black; original-table junction correction
  98.8s P1100 -> L60 R150: left pair, needs >2.8cm of black; original-table junction correction
  98.8s P1100 -> L60 R150: left pair, needs >2.8cm of black; original-table junction correction
  98.8s P1100 -> L60 R150: left pair, needs >2.8cm of black; original-table junction correction
  98.8s P1100 -> L60 R150: left pair, needs >2.8cm of black; original-table junction correction
  98.8s P1100 -> L60 R150: left pair, needs >2.8cm of black; original-table junction correction
  98.8s P1100 -> L60 R150: left pair, needs >2.8cm of black; original-table junction correction
  98.9s P1000 -> L-150 R150: far left, outer sensor only; hard left; original-table correction
  98.9s P1000 -> L-150 R150: far left, outer sensor only; hard left; original-table correction
  98.9s P1000 -> L-150 R150: far left, outer sensor only; hard left; original-table correction
  98.9s P1000 -> L-150 R150: far left, outer sensor only; hard left; original-table correction
  98.9s P1000 -> L-150 R150: far left, outer sensor only; hard left; original-table correction
  98.9s P1000 -> L-150 R150: far left, outer sensor only; hard left; original-table correction
  98.9s P1000 -> L-150 R150: far left, outer sensor only; hard left; original-table correction
  98.9s P1000 -> L-150 R150: far left, outer sensor only; hard left; original-table correction
  98.9s P1000 -> L-150 R150: far left, outer sensor only; hard left; original-table correction
  98.9s P1000 -> L-150 R150: far left, outer sensor only; hard left; original-table correction
  99.0s P1000 -> L-150 R150: far left, outer sensor only; hard left; original-table correction
  99.0s P1000 -> L-150 R150: far left, outer sensor only; hard left; original-table correction
  99.0s P1000 -> L-150 R150: far left, outer sensor only; hard left; original-table correction
  99.0s P1000 -> L-150 R150: far left, outer sensor only; hard left; original-table correction
  99.0s P1000 -> L-150 R150: far left, outer sensor only; hard left; original-table correction
  99.0s P1100 -> L60 R150: left pair, needs >2.8cm of black; original-table junction correction
  99.0s P1100 -> L60 R150: left pair, needs >2.8cm of black; original-table junction correction
  99.0s P1100 -> L60 R150: left pair, needs >2.8cm of black; original-table junction correction
  99.0s P1100 -> L60 R150: left pair, needs >2.8cm of black; original-table junction correction
  99.0s P1100 -> L60 R150: left pair, needs >2.8cm of black; original-table junction correction
  99.1s P1100 -> L60 R150: left pair, needs >2.8cm of black; original-table junction correction
  99.1s P1100 -> L60 R150: left pair, needs >2.8cm of black; original-table junction correction
  99.1s P1100 -> L60 R150: left pair, needs >2.8cm of black; original-table junction correction
  99.1s P1100 -> L60 R150: left pair, needs >2.8cm of black; original-table junction correction
  99.1s P1100 -> L60 R150: left pair, needs >2.8cm of black; original-table junction correction
  99.1s P1100 -> L60 R150: left pair, needs >2.8cm of black; original-table junction correction
  99.1s P1100 -> L60 R150: left pair, needs >2.8cm of black; original-table junction correction
  99.1s P1000 -> L-150 R150: far left, outer sensor only; hard left; original-table correction
  99.1s P1000 -> L-150 R150: far left, outer sensor only; hard left; original-table correction
  99.1s P1000 -> L-150 R150: far left, outer sensor only; hard left; original-table correction
  99.2s P1000 -> L-150 R150: far left, outer sensor only; hard left; original-table correction
  99.2s P1000 -> L-150 R150: far left, outer sensor only; hard left; original-table correction
  99.2s P1000 -> L-150 R150: far left, outer sensor only; hard left; original-table correction
  99.2s P1000 -> L-150 R150: far left, outer sensor only; hard left; original-table correction
  99.2s P1000 -> L-150 R150: far left, outer sensor only; hard left; original-table correction
  99.2s P1000 -> L-150 R150: far left, outer sensor only; hard left; original-table correction
  99.2s P1000 -> L-150 R150: far left, outer sensor only; hard left; original-table correction
  99.2s P1100 -> L60 R150: left pair, needs >2.8cm of black; original-table junction correction
  99.2s P1100 -> L60 R150: left pair, needs >2.8cm of black; original-table junction correction
  99.2s P1100 -> L60 R150: left pair, needs >2.8cm of black; original-table junction correction
  99.3s P1100 -> L60 R150: left pair, needs >2.8cm of black; original-table junction correction
  99.3s P1100 -> L60 R150: left pair, needs >2.8cm of black; original-table junction correction
  99.3s P1100 -> L60 R150: left pair, needs >2.8cm of black; original-table junction correction
  99.3s P1100 -> L60 R150: left pair, needs >2.8cm of black; original-table junction correction
  99.3s P1100 -> L60 R150: left pair, needs >2.8cm of black; original-table junction correction
  99.3s P1100 -> L60 R150: left pair, needs >2.8cm of black; original-table junction correction
  99.3s P1000 -> L-150 R150: far left, outer sensor only; hard left; original-table correction
  99.3s P1000 -> L-150 R150: far left, outer sensor only; hard left; original-table correction
  99.3s P1000 -> L-150 R150: far left, outer sensor only; hard left; original-table correction
  99.3s P1000 -> L-150 R150: far left, outer sensor only; hard left; original-table correction
  99.4s P1000 -> L-150 R150: far left, outer sensor only; hard left; original-table correction
  99.4s P1000 -> L-150 R150: far left, outer sensor only; hard left; original-table correction
  99.4s P1000 -> L-150 R150: far left, outer sensor only; hard left; original-table correction
  99.4s P1000 -> L-150 R150: far left, outer sensor only; hard left; original-table correction
  99.4s P1000 -> L-150 R150: far left, outer sensor only; hard left; original-table correction
  99.4s P1100 -> L60 R150: left pair, needs >2.8cm of black; original-table junction correction
  99.4s P1100 -> L60 R150: left pair, needs >2.8cm of black; original-table junction correction
  99.4s P1100 -> L60 R150: left pair, needs >2.8cm of black; original-table junction correction
  99.4s P1100 -> L60 R150: left pair, needs >2.8cm of black; original-table junction correction
  99.4s P1100 -> L60 R150: left pair, needs >2.8cm of black; original-table junction correction
  99.5s P1100 -> L60 R150: left pair, needs >2.8cm of black; original-table junction correction
  99.5s P1000 -> L-150 R150: far left, outer sensor only; hard left; original-table correction
  99.5s P1000 -> L-150 R150: far left, outer sensor only; hard left; original-table correction
  99.5s P1000 -> L-150 R150: far left, outer sensor only; hard left; original-table correction
  99.5s P1000 -> L-150 R150: far left, outer sensor only; hard left; original-table correction
  99.5s P1000 -> L-150 R150: far left, outer sensor only; hard left; original-table correction
  99.5s P1000 -> L-150 R150: far left, outer sensor only; hard left; original-table correction
  99.5s P1000 -> L-150 R150: far left, outer sensor only; hard left; original-table correction
  99.5s P1000 -> L-150 R150: far left, outer sensor only; hard left; original-table correction
  99.5s P1000 -> L-150 R150: far left, outer sensor only; hard left; original-table correction
  99.6s P1000 -> L-150 R150: far left, outer sensor only; hard left; original-table correction
  99.6s P1000 -> L-150 R150: far left, outer sensor only; hard left; original-table correction
  99.6s P1000 -> L-150 R150: far left, outer sensor only; hard left; original-table correction
  99.6s P1000 -> L-150 R150: far left, outer sensor only; hard left; original-table correction
  99.6s P1100 -> L60 R150: left pair, needs >2.8cm of black; original-table junction correction
  99.6s P1100 -> L60 R150: left pair, needs >2.8cm of black; original-table junction correction
  99.6s P1100 -> L60 R150: left pair, needs >2.8cm of black; original-table junction correction
  99.6s P1100 -> L60 R150: left pair, needs >2.8cm of black; original-table junction correction
  99.6s P1100 -> L60 R150: left pair, needs >2.8cm of black; original-table junction correction
  99.6s P1000 -> L-150 R150: far left, outer sensor only; hard left; original-table correction
  99.7s P1000 -> L-150 R150: far left, outer sensor only; hard left; original-table correction
  99.7s P1000 -> L-150 R150: far left, outer sensor only; hard left; original-table correction
  99.7s P1000 -> L-150 R150: far left, outer sensor only; hard left; original-table correction
  99.7s P1000 -> L-150 R150: far left, outer sensor only; hard left; original-table correction
  99.7s P1000 -> L-150 R150: far left, outer sensor only; hard left; original-table correction
  99.7s P1000 -> L-150 R150: far left, outer sensor only; hard left; original-table correction
  99.7s P1000 -> L-150 R150: far left, outer sensor only; hard left; original-table correction
  99.7s P1000 -> L-150 R150: far left, outer sensor only; hard left; original-table correction
  99.7s P1100 -> L60 R150: left pair, needs >2.8cm of black; original-table junction correction
  99.7s P1100 -> L60 R150: left pair, needs >2.8cm of black; original-table junction correction
  99.8s P1100 -> L60 R150: left pair, needs >2.8cm of black; original-table junction correction
  99.8s P1100 -> L60 R150: left pair, needs >2.8cm of black; original-table junction correction
  99.8s P1100 -> L60 R150: left pair, needs >2.8cm of black; original-table junction correction
  99.8s P1000 -> L-150 R150: far left, outer sensor only; hard left; original-table correction
  99.8s P1000 -> L-150 R150: far left, outer sensor only; hard left; original-table correction
  99.8s P1000 -> L-150 R150: far left, outer sensor only; hard left; original-table correction
  99.8s P1000 -> L-150 R150: far left, outer sensor only; hard left; original-table correction
  99.8s P1000 -> L-150 R150: far left, outer sensor only; hard left; original-table correction
  99.8s P1000 -> L-150 R150: far left, outer sensor only; hard left; original-table correction
  99.8s P1000 -> L-150 R150: far left, outer sensor only; hard left; original-table correction
  99.9s P1000 -> L-150 R150: far left, outer sensor only; hard left; original-table correction
  99.9s P1000 -> L-150 R150: far left, outer sensor only; hard left; original-table correction
  99.9s P1100 -> L60 R150: left pair, needs >2.8cm of black; original-table junction correction
  99.9s P1100 -> L60 R150: left pair, needs >2.8cm of black; original-table junction correction
  99.9s P1100 -> L60 R150: left pair, needs >2.8cm of black; original-table junction correction
  99.9s P1100 -> L60 R150: left pair, needs >2.8cm of black; original-table junction correction
  99.9s P1100 -> L60 R150: left pair, needs >2.8cm of black; original-table junction correction
  99.9s P1100 -> L60 R150: left pair, needs >2.8cm of black; original-table junction correction
  99.9s P1100 -> L60 R150: left pair, needs >2.8cm of black; original-table junction correction
  99.9s P1100 -> L60 R150: left pair, needs >2.8cm of black; original-table junction correction
 100.0s P1100 -> L60 R150: left pair, needs >2.8cm of black; original-table junction correction
 100.0s P1100 -> L60 R150: left pair, needs >2.8cm of black; original-table junction correction
 100.0s P1100 -> L60 R150: left pair, needs >2.8cm of black; original-table junction correction
 100.0s P0100 -> L110 R150: drifting left, slight; original-table correction
 100.0s P0100 -> L110 R150: drifting left, slight; original-table correction
 100.0s P0100 -> L110 R150: drifting left, slight; original-table correction
 100.0s P0100 -> L110 R150: drifting left, slight; original-table correction
 100.0s P0100 -> L110 R150: drifting left, slight; original-table correction
 100.0s P0100 -> L110 R150: drifting left, slight; original-table correction
 100.0s P0100 -> L110 R150: drifting left, slight; original-table correction
 100.1s P0000 -> L60 R150: blind band; original-table correction
 100.1s P0000 -> L60 R150: blind band; original-table correction
 100.1s P0000 -> L60 R150: blind band; original-table correction
 100.1s P0000 -> L60 R150: blind band; original-table correction
 100.1s P0000 -> L60 R150: blind band; original-table correction
 100.1s P0000 -> L60 R150: blind band; original-table correction
 100.1s P0000 -> L60 R150: blind band; original-table correction
 100.1s P0000 -> L60 R150: blind band; original-table correction
 100.1s P0100 -> L110 R150: drifting left, slight; original-table correction
 100.1s P0100 -> L110 R150: drifting left, slight; original-table correction
 100.2s P0100 -> L110 R150: drifting left, slight; original-table correction
 100.2s P0100 -> L110 R150: drifting left, slight; original-table correction
 100.2s P0100 -> L110 R150: drifting left, slight; original-table correction
 100.2s P0100 -> L110 R150: drifting left, slight; original-table correction
 100.2s P0100 -> L110 R150: drifting left, slight; original-table correction
 100.2s P0100 -> L110 R150: drifting left, slight; original-table correction
 100.2s P0100 -> L110 R150: drifting left, slight; original-table correction
 100.2s P0100 -> L110 R150: drifting left, slight; original-table correction
 100.2s P0100 -> L110 R150: drifting left, slight; original-table correction
 100.2s P0100 -> L110 R150: drifting left, slight; original-table correction
 100.3s P0100 -> L110 R150: drifting left, slight; original-table correction
 100.3s P0100 -> L110 R150: drifting left, slight; original-table correction
 100.3s P0100 -> L110 R150: drifting left, slight; original-table correction
 100.3s P0100 -> L110 R150: drifting left, slight; original-table correction
 100.3s P0100 -> L110 R150: drifting left, slight; original-table correction
 100.3s P0100 -> L110 R150: drifting left, slight; original-table correction
 100.3s P0100 -> L110 R150: drifting left, slight; original-table correction
 100.3s P0100 -> L110 R150: drifting left, slight; original-table correction
 100.3s P0100 -> L110 R150: drifting left, slight; original-table correction
 100.3s P0100 -> L110 R150: drifting left, slight; original-table correction
 100.4s P0100 -> L110 R150: drifting left, slight; original-table correction
 100.4s P0100 -> L110 R150: drifting left, slight; original-table correction
 100.4s P0100 -> L110 R150: drifting left, slight; original-table correction
 100.4s P0100 -> L110 R150: drifting left, slight; original-table correction
 100.4s P0100 -> L110 R150: drifting left, slight; original-table correction
 100.4s P0100 -> L110 R150: drifting left, slight; original-table correction
 100.4s P0100 -> L110 R150: drifting left, slight; original-table correction
 100.4s P0100 -> L110 R150: drifting left, slight; original-table correction
 100.4s P0100 -> L110 R150: drifting left, slight; original-table correction
 100.4s P0100 -> L110 R150: drifting left, slight; original-table correction
 100.5s P0100 -> L110 R150: drifting left, slight; original-table correction
 100.5s P0100 -> L110 R150: drifting left, slight; original-table correction
 100.5s P0100 -> L110 R150: drifting left, slight; original-table correction
 100.5s P0100 -> L110 R150: drifting left, slight; original-table correction
 100.5s P0100 -> L110 R150: drifting left, slight; original-table correction
 100.5s P0100 -> L110 R150: drifting left, slight; original-table correction
 100.5s P0100 -> L110 R150: drifting left, slight; original-table correction
 100.5s P0100 -> L110 R150: drifting left, slight; original-table correction
 100.5s P0100 -> L110 R150: drifting left, slight; original-table correction
 100.5s P0100 -> L110 R150: drifting left, slight; original-table correction
 100.6s P0100 -> L110 R150: drifting left, slight; original-table correction
 100.6s P0100 -> L110 R150: drifting left, slight; original-table correction
 100.6s P0100 -> L110 R150: drifting left, slight; original-table correction
 100.6s P0100 -> L110 R150: drifting left, slight; original-table correction
 100.6s P0100 -> L110 R150: drifting left, slight; original-table correction
 100.6s P0100 -> L110 R150: drifting left, slight; original-table correction
 100.6s P0100 -> L110 R150: drifting left, slight; original-table correction
 100.6s P0100 -> L110 R150: drifting left, slight; original-table correction
 100.6s P0100 -> L110 R150: drifting left, slight; original-table correction
 100.7s P0100 -> L110 R150: drifting left, slight; original-table correction
 100.7s P0100 -> L110 R150: drifting left, slight; original-table correction
 100.7s P0100 -> L110 R150: drifting left, slight; original-table correction
 100.7s P0100 -> L110 R150: drifting left, slight; original-table correction
 100.7s P0100 -> L110 R150: drifting left, slight; original-table correction
 100.7s P0100 -> L110 R150: drifting left, slight; original-table correction
 100.7s P0100 -> L110 R150: drifting left, slight; original-table correction
 100.7s P0100 -> L110 R150: drifting left, slight; original-table correction
 100.7s P0100 -> L110 R150: drifting left, slight; original-table correction
 100.7s P0100 -> L110 R150: drifting left, slight; original-table correction
 100.8s P0100 -> L110 R150: drifting left, slight; original-table correction
 100.8s P0100 -> L110 R150: drifting left, slight; original-table correction
 100.8s P0100 -> L110 R150: drifting left, slight; original-table correction
 100.8s P0100 -> L110 R150: drifting left, slight; original-table correction
 100.8s P0100 -> L110 R150: drifting left, slight; original-table correction
 100.8s P0100 -> L110 R150: drifting left, slight; original-table correction
 100.8s P0100 -> L110 R150: drifting left, slight; original-table correction
 100.8s P0100 -> L110 R150: drifting left, slight; original-table correction
 100.8s P0100 -> L110 R150: drifting left, slight; original-table correction
 100.8s P0100 -> L110 R150: drifting left, slight; original-table correction
 100.9s P0100 -> L110 R150: drifting left, slight; original-table correction
 100.9s P0100 -> L110 R150: drifting left, slight; original-table correction
 100.9s P0100 -> L110 R150: drifting left, slight; original-table correction
 100.9s P0100 -> L110 R150: drifting left, slight; original-table correction
 100.9s P0100 -> L110 R150: drifting left, slight; original-table correction
 100.9s P0100 -> L110 R150: drifting left, slight; original-table correction
 100.9s P0100 -> L110 R150: drifting left, slight; original-table correction
 100.9s P0100 -> L110 R150: drifting left, slight; original-table correction
 100.9s P0100 -> L110 R150: drifting left, slight; original-table correction
 100.9s P0100 -> L110 R150: drifting left, slight; original-table correction
 101.0s P0100 -> L110 R150: drifting left, slight; original-table correction
 101.0s P0100 -> L110 R150: drifting left, slight; original-table correction
 101.0s P0100 -> L110 R150: drifting left, slight; original-table correction
 101.0s P0100 -> L110 R150: drifting left, slight; original-table correction
 101.0s P0100 -> L110 R150: drifting left, slight; original-table correction
 101.0s P0100 -> L110 R150: drifting left, slight; original-table correction
 101.0s P0100 -> L110 R150: drifting left, slight; original-table correction
 101.0s P0100 -> L110 R150: drifting left, slight; original-table correction
 101.0s P0100 -> L110 R150: drifting left, slight; original-table correction
 101.0s P0100 -> L110 R150: drifting left, slight; original-table correction
 101.1s P0100 -> L110 R150: drifting left, slight; original-table correction
 101.1s P0100 -> L110 R150: drifting left, slight; original-table correction
 101.1s P0100 -> L110 R150: drifting left, slight; original-table correction
 101.1s P0100 -> L110 R150: drifting left, slight; original-table correction
 101.1s P0100 -> L110 R150: drifting left, slight; original-table correction
 101.1s P0100 -> L110 R150: drifting left, slight; original-table correction
 101.1s P0100 -> L110 R150: drifting left, slight; original-table correction
 101.1s P0100 -> L110 R150: drifting left, slight; original-table correction
 101.1s P0100 -> L110 R150: drifting left, slight; original-table correction
 101.1s P0100 -> L110 R150: drifting left, slight; original-table correction
 101.2s P0100 -> L110 R150: drifting left, slight; original-table correction
 101.2s P0100 -> L110 R150: drifting left, slight; original-table correction
 101.2s P0100 -> L110 R150: drifting left, slight; original-table correction
 101.2s P0100 -> L110 R150: drifting left, slight; original-table correction
 101.2s P0100 -> L110 R150: drifting left, slight; original-table correction
 101.2s P0100 -> L110 R150: drifting left, slight; original-table correction
 101.2s P0100 -> L110 R150: drifting left, slight; original-table correction
 101.2s P0100 -> L110 R150: drifting left, slight; original-table correction
 101.2s P0100 -> L110 R150: drifting left, slight; original-table correction
 101.2s P0100 -> L110 R150: drifting left, slight; original-table correction
 101.3s P0100 -> L110 R150: drifting left, slight; original-table correction
 101.3s P0100 -> L110 R150: drifting left, slight; original-table correction
 101.3s P0110 -> L150 R150: centred or unresolved; original-table forward
 101.3s P0110 -> L150 R150: centred or unresolved; original-table forward
 101.3s P0110 -> L150 R150: centred or unresolved; original-table forward
 101.3s P0110 -> L150 R150: centred or unresolved; original-table forward
 101.3s P0110 -> L150 R150: centred or unresolved; original-table forward
 101.3s P0110 -> L150 R150: centred or unresolved; original-table forward
 101.3s P0110 -> L150 R150: centred or unresolved; original-table forward
 101.3s P0110 -> L150 R150: centred or unresolved; original-table forward
 101.4s P0110 -> L150 R150: centred or unresolved; original-table forward
 101.4s P0110 -> L150 R150: centred or unresolved; original-table forward
 101.4s P0100 -> L110 R150: drifting left, slight; original-table correction
 101.4s P0100 -> L110 R150: drifting left, slight; original-table correction
 101.4s P0100 -> L110 R150: drifting left, slight; original-table correction
 101.4s P0100 -> L110 R150: drifting left, slight; original-table correction
 101.4s P0100 -> L110 R150: drifting left, slight; original-table correction
 101.4s P0100 -> L110 R150: drifting left, slight; original-table correction
 101.4s P0100 -> L110 R150: drifting left, slight; original-table correction
 101.4s P0100 -> L110 R150: drifting left, slight; original-table correction
 101.5s P0100 -> L110 R150: drifting left, slight; original-table correction
 101.5s P0100 -> L110 R150: drifting left, slight; original-table correction
 101.5s P0100 -> L110 R150: drifting left, slight; original-table correction
 101.5s P0100 -> L110 R150: drifting left, slight; original-table correction
 101.5s P0100 -> L110 R150: drifting left, slight; original-table correction
 101.5s P0100 -> L110 R150: drifting left, slight; original-table correction
 101.5s P0100 -> L110 R150: drifting left, slight; original-table correction
 101.5s P0100 -> L110 R150: drifting left, slight; original-table correction
 101.5s P0100 -> L110 R150: drifting left, slight; original-table correction
 101.5s P0100 -> L110 R150: drifting left, slight; original-table correction
 101.6s P0100 -> L110 R150: drifting left, slight; original-table correction
 101.6s P0100 -> L110 R150: drifting left, slight; original-table correction
 101.6s P0100 -> L110 R150: drifting left, slight; original-table correction
 101.6s P0100 -> L110 R150: drifting left, slight; original-table correction
 101.6s P0100 -> L110 R150: drifting left, slight; original-table correction
 101.6s P0100 -> L110 R150: drifting left, slight; original-table correction
 101.6s P0100 -> L110 R150: drifting left, slight; original-table correction
 101.6s P0100 -> L110 R150: drifting left, slight; original-table correction
 101.6s P0100 -> L110 R150: drifting left, slight; original-table correction
 101.6s P0100 -> L110 R150: drifting left, slight; original-table correction
 101.7s P0100 -> L110 R150: drifting left, slight; original-table correction
 101.7s P0100 -> L110 R150: drifting left, slight; original-table correction
 101.7s P0100 -> L110 R150: drifting left, slight; original-table correction
 101.7s P0100 -> L110 R150: drifting left, slight; original-table correction
 101.7s P0100 -> L110 R150: drifting left, slight; original-table correction
 101.7s P0100 -> L110 R150: drifting left, slight; original-table correction
 101.7s P0100 -> L110 R150: drifting left, slight; original-table correction
 101.7s P0100 -> L110 R150: drifting left, slight; original-table correction
 101.7s P0100 -> L110 R150: drifting left, slight; original-table correction
 101.7s P0100 -> L110 R150: drifting left, slight; original-table correction
 101.8s P0100 -> L110 R150: drifting left, slight; original-table correction
 101.8s P0100 -> L110 R150: drifting left, slight; original-table correction
 101.8s P0100 -> L110 R150: drifting left, slight; original-table correction
 101.8s P0100 -> L110 R150: drifting left, slight; original-table correction
 101.8s P0100 -> L110 R150: drifting left, slight; original-table correction
 101.8s P0100 -> L110 R150: drifting left, slight; original-table correction
 101.8s P0100 -> L110 R150: drifting left, slight; original-table correction
 101.8s P0100 -> L110 R150: drifting left, slight; original-table correction
 101.8s P0100 -> L110 R150: drifting left, slight; original-table correction
 101.8s P0100 -> L110 R150: drifting left, slight; original-table correction
 101.9s P0100 -> L110 R150: drifting left, slight; original-table correction
 101.9s P0100 -> L110 R150: drifting left, slight; original-table correction
 101.9s P0100 -> L110 R150: drifting left, slight; original-table correction
 101.9s P0000 -> L60 R150: blind band; original-table correction
 101.9s P0100 -> L110 R150: drifting left, slight; original-table correction
 101.9s P0100 -> L110 R150: drifting left, slight; original-table correction
 101.9s P0100 -> L110 R150: drifting left, slight; original-table correction
 101.9s P0100 -> L110 R150: drifting left, slight; original-table correction
 101.9s P0100 -> L110 R150: drifting left, slight; original-table correction
 101.9s P0100 -> L110 R150: drifting left, slight; original-table correction
 102.0s P0100 -> L110 R150: drifting left, slight; original-table correction
 102.0s P0100 -> L110 R150: drifting left, slight; original-table correction
 102.0s P0100 -> L110 R150: drifting left, slight; original-table correction
 102.0s P0100 -> L110 R150: drifting left, slight; original-table correction
 102.0s P0100 -> L110 R150: drifting left, slight; original-table correction
 102.0s P0100 -> L110 R150: drifting left, slight; original-table correction
 102.0s P0100 -> L110 R150: drifting left, slight; original-table correction
 102.0s P0100 -> L110 R150: drifting left, slight; original-table correction
 102.0s P0100 -> L110 R150: drifting left, slight; original-table correction
 102.0s P0100 -> L110 R150: drifting left, slight; original-table correction
 102.1s P0100 -> L110 R150: drifting left, slight; original-table correction
 102.1s P0100 -> L110 R150: drifting left, slight; original-table correction
 102.1s P0100 -> L110 R150: drifting left, slight; original-table correction
 102.1s P0100 -> L110 R150: drifting left, slight; original-table correction
 102.1s P0100 -> L110 R150: drifting left, slight; original-table correction
 102.1s P0100 -> L110 R150: drifting left, slight; original-table correction
 102.1s P0100 -> L110 R150: drifting left, slight; original-table correction
 102.1s P0100 -> L110 R150: drifting left, slight; original-table correction
 102.1s P0100 -> L110 R150: drifting left, slight; original-table correction
 102.1s P0100 -> L110 R150: drifting left, slight; original-table correction
 102.2s P0100 -> L110 R150: drifting left, slight; original-table correction
 102.2s P0100 -> L110 R150: drifting left, slight; original-table correction
 102.2s P0100 -> L110 R150: drifting left, slight; original-table correction
 102.2s P0100 -> L110 R150: drifting left, slight; original-table correction
 102.2s P0100 -> L110 R150: drifting left, slight; original-table correction
 102.2s P0100 -> L110 R150: drifting left, slight; original-table correction
 102.2s P0100 -> L110 R150: drifting left, slight; original-table correction
 102.2s P0100 -> L110 R150: drifting left, slight; original-table correction
 102.2s P0100 -> L110 R150: drifting left, slight; original-table correction
 102.2s P0100 -> L110 R150: drifting left, slight; original-table correction
 102.3s P0100 -> L110 R150: drifting left, slight; original-table correction
 102.3s P0100 -> L110 R150: drifting left, slight; original-table correction
 102.3s P0100 -> L110 R150: drifting left, slight; original-table correction
 102.3s P0100 -> L110 R150: drifting left, slight; original-table correction
 102.3s P0100 -> L110 R150: drifting left, slight; original-table correction
 102.3s P0100 -> L110 R150: drifting left, slight; original-table correction
 102.3s P0100 -> L110 R150: drifting left, slight; original-table correction
 102.3s P0100 -> L110 R150: drifting left, slight; original-table correction
 102.3s P0100 -> L110 R150: drifting left, slight; original-table correction
 102.4s P0100 -> L110 R150: drifting left, slight; original-table correction
 102.4s P0100 -> L110 R150: drifting left, slight; original-table correction
 102.4s P0100 -> L110 R150: drifting left, slight; original-table correction
 102.4s P0100 -> L110 R150: drifting left, slight; original-table correction
 102.4s P0100 -> L110 R150: drifting left, slight; original-table correction
 102.4s P0100 -> L110 R150: drifting left, slight; original-table correction
 102.4s P0100 -> L110 R150: drifting left, slight; original-table correction
 102.4s P0100 -> L110 R150: drifting left, slight; original-table correction
 102.4s P0100 -> L110 R150: drifting left, slight; original-table correction
 102.4s P0100 -> L110 R150: drifting left, slight; original-table correction
 102.5s P0100 -> L110 R150: drifting left, slight; original-table correction
 102.5s P0100 -> L110 R150: drifting left, slight; original-table correction
 102.5s P0100 -> L110 R150: drifting left, slight; original-table correction
 102.5s P0100 -> L110 R150: drifting left, slight; original-table correction
 102.5s P0100 -> L110 R150: drifting left, slight; original-table correction
 102.5s P0100 -> L110 R150: drifting left, slight; original-table correction
 102.5s P0100 -> L110 R150: drifting left, slight; original-table correction
 102.5s P0100 -> L110 R150: drifting left, slight; original-table correction
 102.5s P0100 -> L110 R150: drifting left, slight; original-table correction
 102.5s P0100 -> L110 R150: drifting left, slight; original-table correction
 102.6s P0100 -> L110 R150: drifting left, slight; original-table correction
 102.6s P0100 -> L110 R150: drifting left, slight; original-table correction
 102.6s P0100 -> L110 R150: drifting left, slight; original-table correction
 102.6s P0100 -> L110 R150: drifting left, slight; original-table correction
 102.6s P0100 -> L110 R150: drifting left, slight; original-table correction
 102.6s P0100 -> L110 R150: drifting left, slight; original-table correction
 102.6s P0100 -> L110 R150: drifting left, slight; original-table correction
 102.6s P0100 -> L110 R150: drifting left, slight; original-table correction
 102.6s P0100 -> L110 R150: drifting left, slight; original-table correction
 102.6s P0100 -> L110 R150: drifting left, slight; original-table correction
 102.7s P0100 -> L110 R150: drifting left, slight; original-table correction
 102.7s P0100 -> L110 R150: drifting left, slight; original-table correction
 102.7s P0100 -> L110 R150: drifting left, slight; original-table correction
 102.7s P0100 -> L110 R150: drifting left, slight; original-table correction
 102.7s P0100 -> L110 R150: drifting left, slight; original-table correction
 102.7s P0100 -> L110 R150: drifting left, slight; original-table correction
 102.7s P0100 -> L110 R150: drifting left, slight; original-table correction
 102.7s P0100 -> L110 R150: drifting left, slight; original-table correction
 102.7s P0100 -> L110 R150: drifting left, slight; original-table correction
 102.7s P0100 -> L110 R150: drifting left, slight; original-table correction
 102.8s P0100 -> L110 R150: drifting left, slight; original-table correction
 102.8s P0100 -> L110 R150: drifting left, slight; original-table correction
 102.8s P0100 -> L110 R150: drifting left, slight; original-table correction
 102.8s P0100 -> L110 R150: drifting left, slight; original-table correction
 102.8s P0100 -> L110 R150: drifting left, slight; original-table correction
 102.8s P0100 -> L110 R150: drifting left, slight; original-table correction
 102.8s P0100 -> L110 R150: drifting left, slight; original-table correction
 102.8s P0100 -> L110 R150: drifting left, slight; original-table correction
 102.8s P0100 -> L110 R150: drifting left, slight; original-table correction
 102.8s P0110 -> L150 R150: centred or unresolved; original-table forward
 102.9s P0110 -> L150 R150: centred or unresolved; original-table forward
 102.9s P0110 -> L150 R150: centred or unresolved; original-table forward
 102.9s P0110 -> L150 R150: centred or unresolved; original-table forward
 102.9s P0110 -> L150 R150: centred or unresolved; original-table forward
 102.9s P0110 -> L150 R150: centred or unresolved; original-table forward
 102.9s P0110 -> L150 R150: centred or unresolved; original-table forward
 102.9s P0110 -> L150 R150: centred or unresolved; original-table forward
 102.9s P0110 -> L150 R150: centred or unresolved; original-table forward
 102.9s P0110 -> L150 R150: centred or unresolved; original-table forward
 102.9s P0110 -> L150 R150: centred or unresolved; original-table forward
 103.0s P0110 -> L150 R150: centred or unresolved; original-table forward
 103.0s P0110 -> L150 R150: centred or unresolved; original-table forward
 103.0s P0110 -> L150 R150: centred or unresolved; original-table forward
 103.0s P0110 -> L150 R150: centred or unresolved; original-table forward
 103.0s P0110 -> L150 R150: centred or unresolved; original-table forward
 103.0s P0110 -> L150 R150: centred or unresolved; original-table forward
 103.0s P0110 -> L150 R150: centred or unresolved; original-table forward
 103.0s P0110 -> L150 R150: centred or unresolved; original-table forward
 103.0s P0110 -> L150 R150: centred or unresolved; original-table forward
 103.0s P0110 -> L150 R150: centred or unresolved; original-table forward
 103.1s P0110 -> L150 R150: centred or unresolved; original-table forward
 103.1s P0110 -> L150 R150: centred or unresolved; original-table forward
 103.1s P0110 -> L150 R150: centred or unresolved; original-table forward
 103.1s P0110 -> L150 R150: centred or unresolved; original-table forward
 103.1s P0110 -> L150 R150: centred or unresolved; original-table forward
 103.1s P0110 -> L150 R150: centred or unresolved; original-table forward
 103.1s P0110 -> L150 R150: centred or unresolved; original-table forward
 103.1s P0110 -> L150 R150: centred or unresolved; original-table forward
 103.1s P0110 -> L150 R150: centred or unresolved; original-table forward
 103.1s P0110 -> L150 R150: centred or unresolved; original-table forward
 103.2s P0110 -> L150 R150: centred or unresolved; original-table forward
 103.2s P0110 -> L150 R150: centred or unresolved; original-table forward
 103.2s P0110 -> L150 R150: centred or unresolved; original-table forward
 103.2s P0110 -> L150 R150: centred or unresolved; original-table forward
 103.2s P0110 -> L150 R150: centred or unresolved; original-table forward
 103.2s P0110 -> L150 R150: centred or unresolved; original-table forward
 103.2s P0110 -> L150 R150: centred or unresolved; original-table forward
 103.2s P0110 -> L150 R150: centred or unresolved; original-table forward
 103.2s P0110 -> L150 R150: centred or unresolved; original-table forward
 103.2s P0110 -> L150 R150: centred or unresolved; original-table forward
 103.3s P0110 -> L150 R150: centred or unresolved; original-table forward
 103.3s P0110 -> L150 R150: centred or unresolved; original-table forward
 103.3s P0110 -> L150 R150: centred or unresolved; original-table forward
 103.3s P0110 -> L150 R150: centred or unresolved; original-table forward
 103.3s P0110 -> L150 R150: centred or unresolved; original-table forward
 103.3s P0110 -> L150 R150: centred or unresolved; original-table forward
 103.3s P0110 -> L150 R150: centred or unresolved; original-table forward
 103.3s P0110 -> L150 R150: centred or unresolved; original-table forward
 103.3s P0110 -> L150 R150: centred or unresolved; original-table forward
 103.3s P0110 -> L150 R150: centred or unresolved; original-table forward
 103.4s P0110 -> L150 R150: centred or unresolved; original-table forward
 103.4s P0110 -> L150 R150: centred or unresolved; original-table forward
 103.4s P0110 -> L150 R150: centred or unresolved; original-table forward
 103.4s P0110 -> L150 R150: centred or unresolved; original-table forward
 103.4s P0110 -> L150 R150: centred or unresolved; original-table forward
 103.4s P0110 -> L150 R150: centred or unresolved; original-table forward
 103.4s P0110 -> L150 R150: centred or unresolved; original-table forward
 103.4s P0110 -> L150 R150: centred or unresolved; original-table forward
 103.4s P0110 -> L150 R150: centred or unresolved; original-table forward
 103.4s P0110 -> L150 R150: centred or unresolved; original-table forward
 103.5s P0110 -> L150 R150: centred or unresolved; original-table forward
 103.5s P0110 -> L150 R150: centred or unresolved; original-table forward
 103.5s P0110 -> L150 R150: centred or unresolved; original-table forward
 103.5s P0110 -> L150 R150: centred or unresolved; original-table forward
 103.5s P0110 -> L150 R150: centred or unresolved; original-table forward
 103.5s P0110 -> L150 R150: centred or unresolved; original-table forward
 103.5s P0110 -> L150 R150: centred or unresolved; original-table forward
 103.5s P0110 -> L150 R150: centred or unresolved; original-table forward
 103.5s P0110 -> L150 R150: centred or unresolved; original-table forward
 103.5s P0110 -> L150 R150: centred or unresolved; original-table forward
 103.6s P0110 -> L150 R150: centred or unresolved; original-table forward
 103.6s P0110 -> L150 R150: centred or unresolved; original-table forward
 103.6s P0110 -> L150 R150: centred or unresolved; original-table forward
 103.6s P0110 -> L150 R150: centred or unresolved; original-table forward
 103.6s P0110 -> L150 R150: centred or unresolved; original-table forward
 103.6s P0110 -> L150 R150: centred or unresolved; original-table forward
 103.6s P0110 -> L150 R150: centred or unresolved; original-table forward
 103.6s P0110 -> L150 R150: centred or unresolved; original-table forward
 103.6s P0110 -> L150 R150: centred or unresolved; original-table forward
 103.6s P0110 -> L150 R150: centred or unresolved; original-table forward
 103.7s P0110 -> L150 R150: centred or unresolved; original-table forward
 103.7s P0110 -> L150 R150: centred or unresolved; original-table forward
 103.7s P0110 -> L150 R150: centred or unresolved; original-table forward
 103.7s P0110 -> L150 R150: centred or unresolved; original-table forward
 103.7s P0110 -> L150 R150: centred or unresolved; original-table forward
 103.7s P0110 -> L150 R150: centred or unresolved; original-table forward
 103.7s P0110 -> L150 R150: centred or unresolved; original-table forward
 103.7s P0110 -> L150 R150: centred or unresolved; original-table forward
 103.7s P0110 -> L150 R150: centred or unresolved; original-table forward
 103.7s P0110 -> L150 R150: centred or unresolved; original-table forward
 103.8s P0110 -> L150 R150: centred or unresolved; original-table forward
 103.8s P0110 -> L150 R150: centred or unresolved; original-table forward
 103.8s P0110 -> L150 R150: centred or unresolved; original-table forward
 103.8s P0110 -> L150 R150: centred or unresolved; original-table forward
 103.8s P0110 -> L150 R150: centred or unresolved; original-table forward
 103.8s P0110 -> L150 R150: centred or unresolved; original-table forward
 103.8s P0110 -> L150 R150: centred or unresolved; original-table forward
 103.8s P0110 -> L150 R150: centred or unresolved; original-table forward
 103.8s P0110 -> L150 R150: centred or unresolved; original-table forward
 103.8s P0110 -> L150 R150: centred or unresolved; original-table forward
 103.9s P0110 -> L150 R150: centred or unresolved; original-table forward
 103.9s P0110 -> L150 R150: centred or unresolved; original-table forward
 103.9s P0110 -> L150 R150: centred or unresolved; original-table forward
 103.9s P0110 -> L150 R150: centred or unresolved; original-table forward
 103.9s P0110 -> L150 R150: centred or unresolved; original-table forward
 103.9s P0110 -> L150 R150: centred or unresolved; original-table forward
 103.9s P0110 -> L150 R150: centred or unresolved; original-table forward
 103.9s P0110 -> L150 R150: centred or unresolved; original-table forward
 103.9s P0110 -> L150 R150: centred or unresolved; original-table forward
 103.9s P0110 -> L150 R150: centred or unresolved; original-table forward
 104.0s P0110 -> L150 R150: centred or unresolved; original-table forward
 104.0s P0110 -> L150 R150: centred or unresolved; original-table forward
 104.0s P0110 -> L150 R150: centred or unresolved; original-table forward
 104.0s P0110 -> L150 R150: centred or unresolved; original-table forward
 104.0s P0110 -> L150 R150: centred or unresolved; original-table forward
 104.0s P0110 -> L150 R150: centred or unresolved; original-table forward
 104.0s P0110 -> L150 R150: centred or unresolved; original-table forward
 104.0s P0110 -> L150 R150: centred or unresolved; original-table forward
 104.0s P0110 -> L150 R150: centred or unresolved; original-table forward
 104.1s P0110 -> L150 R150: centred or unresolved; original-table forward
 104.1s P0110 -> L150 R150: centred or unresolved; original-table forward
 104.1s P0110 -> L150 R150: centred or unresolved; original-table forward
 104.1s P0110 -> L150 R150: centred or unresolved; original-table forward
 104.1s P0110 -> L150 R150: centred or unresolved; original-table forward
 104.1s P0110 -> L150 R150: centred or unresolved; original-table forward
 104.1s P0110 -> L150 R150: centred or unresolved; original-table forward
 104.1s P0110 -> L150 R150: centred or unresolved; original-table forward
 104.1s P0110 -> L150 R150: centred or unresolved; original-table forward
 104.1s P0110 -> L150 R150: centred or unresolved; original-table forward
 104.2s P0110 -> L150 R150: centred or unresolved; original-table forward
 104.2s P0110 -> L150 R150: centred or unresolved; original-table forward
 104.2s P0110 -> L150 R150: centred or unresolved; original-table forward
 104.2s P0110 -> L150 R150: centred or unresolved; original-table forward
 104.2s P0110 -> L150 R150: centred or unresolved; original-table forward
 104.2s P0110 -> L150 R150: centred or unresolved; original-table forward
 104.2s P0110 -> L150 R150: centred or unresolved; original-table forward
 104.2s P0110 -> L150 R150: centred or unresolved; original-table forward
 104.2s P0110 -> L150 R150: centred or unresolved; original-table forward
 104.2s P0110 -> L150 R150: centred or unresolved; original-table forward
 104.3s P0110 -> L150 R150: centred or unresolved; original-table forward
 104.3s P0110 -> L150 R150: centred or unresolved; original-table forward
 104.3s P0110 -> L150 R150: centred or unresolved; original-table forward
 104.3s P0110 -> L150 R150: centred or unresolved; original-table forward
 104.3s P0110 -> L150 R150: centred or unresolved; original-table forward
 104.3s P0110 -> L150 R150: centred or unresolved; original-table forward
 104.3s P0110 -> L150 R150: centred or unresolved; original-table forward
 104.3s P0110 -> L150 R150: centred or unresolved; original-table forward
 104.3s P0110 -> L150 R150: centred or unresolved; original-table forward
 104.3s P0110 -> L150 R150: centred or unresolved; original-table forward
 104.4s P0110 -> L150 R150: centred or unresolved; original-table forward
 104.4s P0110 -> L150 R150: centred or unresolved; original-table forward
 104.4s P0110 -> L150 R150: centred or unresolved; original-table forward
 104.4s P0110 -> L150 R150: centred or unresolved; original-table forward
 104.4s P0110 -> L150 R150: centred or unresolved; original-table forward
 104.4s P0110 -> L150 R150: centred or unresolved; original-table forward
 104.4s P0110 -> L150 R150: centred or unresolved; original-table forward
 104.4s P0110 -> L150 R150: centred or unresolved; original-table forward
 104.4s P0110 -> L150 R150: centred or unresolved; original-table forward
 104.4s P0110 -> L150 R150: centred or unresolved; original-table forward
 104.5s P0110 -> L150 R150: centred or unresolved; original-table forward
 104.5s P0110 -> L150 R150: centred or unresolved; original-table forward
 104.5s P0110 -> L150 R150: centred or unresolved; original-table forward
 104.5s P0110 -> L150 R150: centred or unresolved; original-table forward
 104.5s P0110 -> L150 R150: centred or unresolved; original-table forward
 104.5s P0110 -> L150 R150: centred or unresolved; original-table forward
 104.5s P0110 -> L150 R150: centred or unresolved; original-table forward
 104.5s P0110 -> L150 R150: centred or unresolved; original-table forward
 104.5s P0110 -> L150 R150: centred or unresolved; original-table forward
 104.5s P0110 -> L150 R150: centred or unresolved; original-table forward
 104.6s P0110 -> L150 R150: centred or unresolved; original-table forward
 104.6s P0110 -> L150 R150: centred or unresolved; original-table forward
 104.6s P0110 -> L150 R150: centred or unresolved; original-table forward
 104.6s P0110 -> L150 R150: centred or unresolved; original-table forward
 104.6s P0110 -> L150 R150: centred or unresolved; original-table forward
 104.6s P0110 -> L150 R150: centred or unresolved; original-table forward
 104.6s P0110 -> L150 R150: centred or unresolved; original-table forward
 104.6s P0110 -> L150 R150: centred or unresolved; original-table forward
 104.6s P0110 -> L150 R150: centred or unresolved; original-table forward
 104.6s P0110 -> L150 R150: centred or unresolved; original-table forward
 104.7s P0110 -> L150 R150: centred or unresolved; original-table forward
 104.7s P0110 -> L150 R150: centred or unresolved; original-table forward
 104.7s P0110 -> L150 R150: centred or unresolved; original-table forward
 104.7s P0110 -> L150 R150: centred or unresolved; original-table forward
 104.7s P0110 -> L150 R150: centred or unresolved; original-table forward
 104.7s P0110 -> L150 R150: centred or unresolved; original-table forward
 104.7s P0110 -> L150 R150: centred or unresolved; original-table forward
 104.7s P0110 -> L150 R150: centred or unresolved; original-table forward
 104.7s P0110 -> L150 R150: centred or unresolved; original-table forward
 104.7s P0110 -> L150 R150: centred or unresolved; original-table forward
 104.8s P0110 -> L150 R150: centred or unresolved; original-table forward
 104.8s P0110 -> L150 R150: centred or unresolved; original-table forward
 104.8s P0110 -> L150 R150: centred or unresolved; original-table forward
 104.8s P0110 -> L150 R150: centred or unresolved; original-table forward
 104.8s P0110 -> L150 R150: centred or unresolved; original-table forward
 104.8s P0110 -> L150 R150: centred or unresolved; original-table forward
 104.8s P0110 -> L150 R150: centred or unresolved; original-table forward
 104.8s P0110 -> L150 R150: centred or unresolved; original-table forward
 104.8s P0110 -> L150 R150: centred or unresolved; original-table forward
 104.8s P0110 -> L150 R150: centred or unresolved; original-table forward
 104.9s P0110 -> L150 R150: centred or unresolved; original-table forward
 104.9s P0110 -> L150 R150: centred or unresolved; original-table forward
 104.9s P0110 -> L150 R150: centred or unresolved; original-table forward
 104.9s P0110 -> L150 R150: centred or unresolved; original-table forward
 104.9s P0110 -> L150 R150: centred or unresolved; original-table forward
 104.9s P0110 -> L150 R150: centred or unresolved; original-table forward
 104.9s P0110 -> L150 R150: centred or unresolved; original-table forward
 104.9s P0110 -> L150 R150: centred or unresolved; original-table forward
 104.9s P0110 -> L150 R150: centred or unresolved; original-table forward
 104.9s P0110 -> L150 R150: centred or unresolved; original-table forward
 105.0s P0110 -> L150 R150: centred or unresolved; original-table forward
 105.0s P0110 -> L150 R150: centred or unresolved; original-table forward
 105.0s P0110 -> L150 R150: centred or unresolved; original-table forward
 105.0s P0110 -> L150 R150: centred or unresolved; original-table forward
 105.0s P0110 -> L150 R150: centred or unresolved; original-table forward
 105.0s P0110 -> L150 R150: centred or unresolved; original-table forward
 105.0s P0110 -> L150 R150: centred or unresolved; original-table forward
 105.0s P0110 -> L150 R150: centred or unresolved; original-table forward
 105.0s P0110 -> L150 R150: centred or unresolved; original-table forward
 105.0s P0110 -> L150 R150: centred or unresolved; original-table forward
 105.1s P0110 -> L150 R150: centred or unresolved; original-table forward
 105.1s P0110 -> L150 R150: centred or unresolved; original-table forward
 105.1s P0110 -> L150 R150: centred or unresolved; original-table forward
 105.1s P0110 -> L150 R150: centred or unresolved; original-table forward
 105.1s P0110 -> L150 R150: centred or unresolved; original-table forward
 105.1s P0110 -> L150 R150: centred or unresolved; original-table forward
 105.1s P0110 -> L150 R150: centred or unresolved; original-table forward
 105.1s P0110 -> L150 R150: centred or unresolved; original-table forward
 105.1s P0110 -> L150 R150: centred or unresolved; original-table forward
 105.1s P0110 -> L150 R150: centred or unresolved; original-table forward
 105.2s P0110 -> L150 R150: centred or unresolved; original-table forward
 105.2s P0110 -> L150 R150: centred or unresolved; original-table forward
 105.2s P0110 -> L150 R150: centred or unresolved; original-table forward
 105.2s P0110 -> L150 R150: centred or unresolved; original-table forward
 105.2s P0110 -> L150 R150: centred or unresolved; original-table forward
 105.2s P0110 -> L150 R150: centred or unresolved; original-table forward
 105.2s P0110 -> L150 R150: centred or unresolved; original-table forward
 105.2s P0110 -> L150 R150: centred or unresolved; original-table forward
 105.2s P0110 -> L150 R150: centred or unresolved; original-table forward
 105.2s P0110 -> L150 R150: centred or unresolved; original-table forward
 105.3s P0110 -> L150 R150: centred or unresolved; original-table forward
 105.3s P0110 -> L150 R150: centred or unresolved; original-table forward
 105.3s P0110 -> L150 R150: centred or unresolved; original-table forward
 105.3s P0110 -> L150 R150: centred or unresolved; original-table forward
 105.3s P0110 -> L150 R150: centred or unresolved; original-table forward
 105.3s P0110 -> L150 R150: centred or unresolved; original-table forward
 105.3s P0110 -> L150 R150: centred or unresolved; original-table forward
 105.3s P0110 -> L150 R150: centred or unresolved; original-table forward
 105.3s P0110 -> L150 R150: centred or unresolved; original-table forward
 105.3s P0110 -> L150 R150: centred or unresolved; original-table forward
 105.4s P0110 -> L150 R150: centred or unresolved; original-table forward
 105.4s P0110 -> L150 R150: centred or unresolved; original-table forward
 105.4s P0110 -> L150 R150: centred or unresolved; original-table forward
 105.4s P0110 -> L150 R150: centred or unresolved; original-table forward
 105.4s P0110 -> L150 R150: centred or unresolved; original-table forward
 105.4s P0110 -> L150 R150: centred or unresolved; original-table forward
 105.4s P0110 -> L150 R150: centred or unresolved; original-table forward
 105.4s P0110 -> L150 R150: centred or unresolved; original-table forward
 105.4s P0110 -> L150 R150: centred or unresolved; original-table forward
 105.4s P0110 -> L150 R150: centred or unresolved; original-table forward
 105.5s P0110 -> L150 R150: centred or unresolved; original-table forward
 105.5s P0110 -> L150 R150: centred or unresolved; original-table forward
 105.5s P0110 -> L150 R150: centred or unresolved; original-table forward
 105.5s P0110 -> L150 R150: centred or unresolved; original-table forward
 105.5s P0110 -> L150 R150: centred or unresolved; original-table forward
 105.5s P0110 -> L150 R150: centred or unresolved; original-table forward
 105.5s P0110 -> L150 R150: centred or unresolved; original-table forward
 105.5s P0110 -> L150 R150: centred or unresolved; original-table forward
 105.5s P0110 -> L150 R150: centred or unresolved; original-table forward
 105.5s P0110 -> L150 R150: centred or unresolved; original-table forward
 105.6s P0110 -> L150 R150: centred or unresolved; original-table forward
 105.6s P0110 -> L150 R150: centred or unresolved; original-table forward
 105.6s P0110 -> L150 R150: centred or unresolved; original-table forward
 105.6s P0110 -> L150 R150: centred or unresolved; original-table forward
 105.6s P0110 -> L150 R150: centred or unresolved; original-table forward
 105.6s P0110 -> L150 R150: centred or unresolved; original-table forward
 105.6s P0110 -> L150 R150: centred or unresolved; original-table forward
 105.6s P0110 -> L150 R150: centred or unresolved; original-table forward
 105.6s P0110 -> L150 R150: centred or unresolved; original-table forward
 105.6s P0110 -> L150 R150: centred or unresolved; original-table forward
 105.7s P0110 -> L150 R150: centred or unresolved; original-table forward
 105.7s P0110 -> L150 R150: centred or unresolved; original-table forward
 105.7s P0110 -> L150 R150: centred or unresolved; original-table forward
 105.7s P0110 -> L150 R150: centred or unresolved; original-table forward
 105.7s P0110 -> L150 R150: centred or unresolved; original-table forward
 105.7s P0110 -> L150 R150: centred or unresolved; original-table forward
 105.7s P0110 -> L150 R150: centred or unresolved; original-table forward
 105.7s P0110 -> L150 R150: centred or unresolved; original-table forward
 105.7s P0110 -> L150 R150: centred or unresolved; original-table forward
 105.7s P0110 -> L150 R150: centred or unresolved; original-table forward
 105.8s P0110 -> L150 R150: centred or unresolved; original-table forward
 105.8s P0110 -> L150 R150: centred or unresolved; original-table forward
 105.8s P0110 -> L150 R150: centred or unresolved; original-table forward
 105.8s P0110 -> L150 R150: centred or unresolved; original-table forward
 105.8s P0110 -> L150 R150: centred or unresolved; original-table forward
 105.8s P0110 -> L150 R150: centred or unresolved; original-table forward
 105.8s P0110 -> L150 R150: centred or unresolved; original-table forward
 105.8s P0110 -> L150 R150: centred or unresolved; original-table forward
 105.8s P0110 -> L150 R150: centred or unresolved; original-table forward
 105.9s P0110 -> L150 R150: centred or unresolved; original-table forward
 105.9s P0110 -> L150 R150: centred or unresolved; original-table forward
 105.9s P0110 -> L150 R150: centred or unresolved; original-table forward
 105.9s P0110 -> L150 R150: centred or unresolved; original-table forward
 105.9s P0110 -> L150 R150: centred or unresolved; original-table forward
 105.9s P0110 -> L150 R150: centred or unresolved; original-table forward
 105.9s P0110 -> L150 R150: centred or unresolved; original-table forward
 105.9s P0110 -> L150 R150: centred or unresolved; original-table forward
 105.9s P0110 -> L150 R150: centred or unresolved; original-table forward
 105.9s P0110 -> L150 R150: centred or unresolved; original-table forward
 106.0s P0110 -> L150 R150: centred or unresolved; original-table forward
 106.0s P0110 -> L150 R150: centred or unresolved; original-table forward
 106.0s P0110 -> L150 R150: centred or unresolved; original-table forward
 106.0s P0110 -> L150 R150: centred or unresolved; original-table forward
 106.0s P0110 -> L150 R150: centred or unresolved; original-table forward
 106.0s P0110 -> L150 R150: centred or unresolved; original-table forward
 106.0s P0110 -> L150 R150: centred or unresolved; original-table forward
 106.0s P0110 -> L150 R150: centred or unresolved; original-table forward
 106.0s P0110 -> L150 R150: centred or unresolved; original-table forward
 106.0s P0110 -> L150 R150: centred or unresolved; original-table forward
 106.1s P0110 -> L150 R150: centred or unresolved; original-table forward
 106.1s P0110 -> L150 R150: centred or unresolved; original-table forward
 106.1s P0110 -> L150 R150: centred or unresolved; original-table forward
 106.1s P0110 -> L150 R150: centred or unresolved; original-table forward
 106.1s P0110 -> L150 R150: centred or unresolved; original-table forward
 106.1s P0110 -> L150 R150: centred or unresolved; original-table forward
 106.1s P0110 -> L150 R150: centred or unresolved; original-table forward
 106.1s P0110 -> L150 R150: centred or unresolved; original-table forward
 106.1s P0110 -> L150 R150: centred or unresolved; original-table forward
 106.1s P0110 -> L150 R150: centred or unresolved; original-table forward
 106.2s P0110 -> L150 R150: centred or unresolved; original-table forward
 106.2s P0110 -> L150 R150: centred or unresolved; original-table forward
 106.2s P0110 -> L150 R150: centred or unresolved; original-table forward
 106.2s P0110 -> L150 R150: centred or unresolved; original-table forward
 106.2s P0110 -> L150 R150: centred or unresolved; original-table forward
 106.2s P0110 -> L150 R150: centred or unresolved; original-table forward
 106.2s P0110 -> L150 R150: centred or unresolved; original-table forward
 106.2s P0110 -> L150 R150: centred or unresolved; original-table forward
 106.2s P0110 -> L150 R150: centred or unresolved; original-table forward
 106.2s P0110 -> L150 R150: centred or unresolved; original-table forward
 106.3s P0110 -> L150 R150: centred or unresolved; original-table forward
 106.3s P0110 -> L150 R150: centred or unresolved; original-table forward
 106.3s P0110 -> L150 R150: centred or unresolved; original-table forward
 106.3s P0110 -> L150 R150: centred or unresolved; original-table forward
 106.3s P0110 -> L150 R150: centred or unresolved; original-table forward
 106.3s P0110 -> L150 R150: centred or unresolved; original-table forward
 106.3s P0110 -> L150 R150: centred or unresolved; original-table forward
 106.3s P0110 -> L150 R150: centred or unresolved; original-table forward
 106.3s P0110 -> L150 R150: centred or unresolved; original-table forward
 106.3s P0110 -> L150 R150: centred or unresolved; original-table forward
 106.4s P0110 -> L150 R150: centred or unresolved; original-table forward
 106.4s P0110 -> L150 R150: centred or unresolved; original-table forward
 106.4s P0110 -> L150 R150: centred or unresolved; original-table forward
 106.4s P0110 -> L150 R150: centred or unresolved; original-table forward
 106.4s P0110 -> L150 R150: centred or unresolved; original-table forward
 106.4s P0110 -> L150 R150: centred or unresolved; original-table forward
 106.4s P0110 -> L150 R150: centred or unresolved; original-table forward
 106.4s P0110 -> L150 R150: centred or unresolved; original-table forward
 106.4s P0110 -> L150 R150: centred or unresolved; original-table forward
 106.4s P0110 -> L150 R150: centred or unresolved; original-table forward
 106.5s P0110 -> L150 R150: centred or unresolved; original-table forward
 106.5s P0110 -> L150 R150: centred or unresolved; original-table forward
 106.5s P0110 -> L150 R150: centred or unresolved; original-table forward
 106.5s P0110 -> L150 R150: centred or unresolved; original-table forward
 106.5s P0110 -> L150 R150: centred or unresolved; original-table forward
 106.5s P0110 -> L150 R150: centred or unresolved; original-table forward
 106.5s P0110 -> L150 R150: centred or unresolved; original-table forward
 106.5s P0110 -> L150 R150: centred or unresolved; original-table forward
 106.5s P0110 -> L150 R150: centred or unresolved; original-table forward
 106.5s P0110 -> L150 R150: centred or unresolved; original-table forward
 106.6s P0110 -> L150 R150: centred or unresolved; original-table forward
 106.6s P0110 -> L150 R150: centred or unresolved; original-table forward
 106.6s P0110 -> L150 R150: centred or unresolved; original-table forward
 106.6s P0110 -> L150 R150: centred or unresolved; original-table forward
 106.6s P0110 -> L150 R150: centred or unresolved; original-table forward
 106.6s P0110 -> L150 R150: centred or unresolved; original-table forward
 106.6s P0100 -> L110 R150: drifting left, slight; original-table correction
 106.6s P0100 -> L110 R150: drifting left, slight; original-table correction
 106.6s P0100 -> L110 R150: drifting left, slight; original-table correction
 106.6s P0100 -> L110 R150: drifting left, slight; original-table correction
 106.7s P0100 -> L110 R150: drifting left, slight; original-table correction
 106.7s P0100 -> L110 R150: drifting left, slight; original-table correction
 106.7s P0100 -> L110 R150: drifting left, slight; original-table correction
 106.7s P0100 -> L110 R150: drifting left, slight; original-table correction
 106.7s P0100 -> L110 R150: drifting left, slight; original-table correction
 106.7s P0000 -> L60 R150: blind band; original-table correction
 106.7s P1000 -> L-150 R150: far left, outer sensor only; hard left; original-table correction
 106.7s P1000 -> L-150 R150: far left, outer sensor only; hard left; original-table correction
 106.7s P1000 -> L-150 R150: far left, outer sensor only; hard left; original-table correction
 106.7s P1000 -> L-150 R150: far left, outer sensor only; hard left; original-table correction
 106.8s P1000 -> L-150 R150: far left, outer sensor only; hard left; original-table correction
 106.8s P1000 -> L-150 R150: far left, outer sensor only; hard left; original-table correction
 106.8s P1000 -> L-150 R150: far left, outer sensor only; hard left; original-table correction
 106.8s P1000 -> L-150 R150: far left, outer sensor only; hard left; original-table correction
 106.8s P1000 -> L-150 R150: far left, outer sensor only; hard left; original-table correction
 106.8s P1000 -> L-150 R150: far left, outer sensor only; hard left; original-table correction
 106.8s P1000 -> L-150 R150: far left, outer sensor only; hard left; original-table correction
 106.8s P1000 -> L-150 R150: far left, outer sensor only; hard left; original-table correction
 106.8s P1000 -> L-150 R150: far left, outer sensor only; hard left; original-table correction
 106.8s P1000 -> L-150 R150: far left, outer sensor only; hard left; original-table correction
 106.9s P1000 -> L-150 R150: far left, outer sensor only; hard left; original-table correction
 106.9s P1000 -> L-150 R150: far left, outer sensor only; hard left; original-table correction
 106.9s P1000 -> L-150 R150: far left, outer sensor only; hard left; original-table correction
 106.9s P1000 -> L-150 R150: far left, outer sensor only; hard left; original-table correction
 106.9s P1000 -> L-150 R150: far left, outer sensor only; hard left; original-table correction
 106.9s P1000 -> L-150 R150: far left, outer sensor only; hard left; original-table correction
 106.9s P1100 -> L60 R150: left pair, needs >2.8cm of black; original-table junction correction
 106.9s P1100 -> L60 R150: left pair, needs >2.8cm of black; original-table junction correction
 106.9s P1100 -> L60 R150: left pair, needs >2.8cm of black; original-table junction correction
 106.9s P1000 -> L-150 R150: far left, outer sensor only; hard left; original-table correction
 107.0s P1000 -> L-150 R150: far left, outer sensor only; hard left; original-table correction
 107.0s P1000 -> L-150 R150: far left, outer sensor only; hard left; original-table correction
 107.0s P1000 -> L-150 R150: far left, outer sensor only; hard left; original-table correction
 107.0s P1000 -> L-150 R150: far left, outer sensor only; hard left; original-table correction
 107.0s P1000 -> L-150 R150: far left, outer sensor only; hard left; original-table correction
 107.0s P1000 -> L-150 R150: far left, outer sensor only; hard left; original-table correction
 107.0s P1000 -> L-150 R150: far left, outer sensor only; hard left; original-table correction
 107.0s P1000 -> L-150 R150: far left, outer sensor only; hard left; original-table correction
 107.0s P1000 -> L-150 R150: far left, outer sensor only; hard left; original-table correction
 107.0s P1000 -> L-150 R150: far left, outer sensor only; hard left; original-table correction
 107.1s P1000 -> L-150 R150: far left, outer sensor only; hard left; original-table correction
 107.1s P1000 -> L-150 R150: far left, outer sensor only; hard left; original-table correction
 107.1s P1000 -> L-150 R150: far left, outer sensor only; hard left; original-table correction
 107.1s P1100 -> L60 R150: left pair, needs >2.8cm of black; original-table junction correction
 107.1s P1100 -> L60 R150: left pair, needs >2.8cm of black; original-table junction correction
 107.1s P1100 -> L60 R150: left pair, needs >2.8cm of black; original-table junction correction
 107.1s P1100 -> L60 R150: left pair, needs >2.8cm of black; original-table junction correction
 107.1s P1100 -> L60 R150: left pair, needs >2.8cm of black; original-table junction correction
 107.1s P1100 -> L60 R150: left pair, needs >2.8cm of black; original-table junction correction
 107.1s P1100 -> L60 R150: left pair, needs >2.8cm of black; original-table junction correction
 107.2s P1100 -> L60 R150: left pair, needs >2.8cm of black; original-table junction correction
 107.2s P1000 -> L-150 R150: far left, outer sensor only; hard left; original-table correction
 107.2s P1000 -> L-150 R150: far left, outer sensor only; hard left; original-table correction
 107.2s P1000 -> L-150 R150: far left, outer sensor only; hard left; original-table correction
 107.2s P1000 -> L-150 R150: far left, outer sensor only; hard left; original-table correction
 107.2s P1000 -> L-150 R150: far left, outer sensor only; hard left; original-table correction
 107.2s P1000 -> L-150 R150: far left, outer sensor only; hard left; original-table correction
 107.2s P1000 -> L-150 R150: far left, outer sensor only; hard left; original-table correction
 107.2s P1000 -> L-150 R150: far left, outer sensor only; hard left; original-table correction
 107.2s P1000 -> L-150 R150: far left, outer sensor only; hard left; original-table correction
 107.3s P1000 -> L-150 R150: far left, outer sensor only; hard left; original-table correction
 107.3s P1000 -> L-150 R150: far left, outer sensor only; hard left; original-table correction
 107.3s P1000 -> L-150 R150: far left, outer sensor only; hard left; original-table correction
 107.3s P1000 -> L-150 R150: far left, outer sensor only; hard left; original-table correction
 107.3s P1000 -> L-150 R150: far left, outer sensor only; hard left; original-table correction
 107.3s P1000 -> L-150 R150: far left, outer sensor only; hard left; original-table correction
 107.3s P1000 -> L-150 R150: far left, outer sensor only; hard left; original-table correction
 107.3s P1000 -> L-150 R150: far left, outer sensor only; hard left; original-table correction
 107.3s P1000 -> L-150 R150: far left, outer sensor only; hard left; original-table correction
 107.3s P1000 -> L-150 R150: far left, outer sensor only; hard left; original-table correction
 107.4s P1000 -> L-150 R150: far left, outer sensor only; hard left; original-table correction
 107.4s P1000 -> L-150 R150: far left, outer sensor only; hard left; original-table correction
 107.4s P1000 -> L-150 R150: far left, outer sensor only; hard left; original-table correction
 107.4s P1000 -> L-150 R150: far left, outer sensor only; hard left; original-table correction
 107.4s P1000 -> L-150 R150: far left, outer sensor only; hard left; original-table correction
 107.4s P1000 -> L-150 R150: far left, outer sensor only; hard left; original-table correction
 107.4s P1000 -> L-150 R150: far left, outer sensor only; hard left; original-table correction
 107.4s P1100 -> L60 R150: left pair, needs >2.8cm of black; original-table junction correction
 107.4s P1100 -> L60 R150: left pair, needs >2.8cm of black; original-table junction correction
 107.4s P1100 -> L60 R150: left pair, needs >2.8cm of black; original-table junction correction
 107.5s P1100 -> L60 R150: left pair, needs >2.8cm of black; original-table junction correction
 107.5s P1100 -> L60 R150: left pair, needs >2.8cm of black; original-table junction correction
 107.5s P1100 -> L60 R150: left pair, needs >2.8cm of black; original-table junction correction
 107.5s P1100 -> L60 R150: left pair, needs >2.8cm of black; original-table junction correction
 107.5s P1100 -> L60 R150: left pair, needs >2.8cm of black; original-table junction correction
 107.5s P1100 -> L60 R150: left pair, needs >2.8cm of black; original-table junction correction
 107.5s P1100 -> L60 R150: left pair, needs >2.8cm of black; original-table junction correction
 107.5s P1000 -> L-150 R150: far left, outer sensor only; hard left; original-table correction
 107.5s P1000 -> L-150 R150: far left, outer sensor only; hard left; original-table correction
 107.6s P1000 -> L-150 R150: far left, outer sensor only; hard left; original-table correction
 107.6s P1000 -> L-150 R150: far left, outer sensor only; hard left; original-table correction
 107.6s P1000 -> L-150 R150: far left, outer sensor only; hard left; original-table correction
 107.6s P1000 -> L-150 R150: far left, outer sensor only; hard left; original-table correction
 107.6s P1000 -> L-150 R150: far left, outer sensor only; hard left; original-table correction
 107.6s P1000 -> L-150 R150: far left, outer sensor only; hard left; original-table correction
 107.6s P1000 -> L-150 R150: far left, outer sensor only; hard left; original-table correction
 107.6s P1000 -> L-150 R150: far left, outer sensor only; hard left; original-table correction
 107.6s P1000 -> L-150 R150: far left, outer sensor only; hard left; original-table correction
 107.6s P1000 -> L-150 R150: far left, outer sensor only; hard left; original-table correction
 107.7s P1000 -> L-150 R150: far left, outer sensor only; hard left; original-table correction
 107.7s P1000 -> L-150 R150: far left, outer sensor only; hard left; original-table correction
 107.7s P1000 -> L-150 R150: far left, outer sensor only; hard left; original-table correction
 107.7s P1100 -> L60 R150: left pair, needs >2.8cm of black; original-table junction correction
 107.7s P1100 -> L60 R150: left pair, needs >2.8cm of black; original-table junction correction
 107.7s P1100 -> L60 R150: left pair, needs >2.8cm of black; original-table junction correction
 107.7s P1100 -> L60 R150: left pair, needs >2.8cm of black; original-table junction correction
 107.7s P1100 -> L60 R150: left pair, needs >2.8cm of black; original-table junction correction
 107.7s P1100 -> L60 R150: left pair, needs >2.8cm of black; original-table junction correction
 107.7s P1100 -> L60 R150: left pair, needs >2.8cm of black; original-table junction correction
 107.8s P1000 -> L-150 R150: far left, outer sensor only; hard left; original-table correction
 107.8s P1000 -> L-150 R150: far left, outer sensor only; hard left; original-table correction
 107.8s P1000 -> L-150 R150: far left, outer sensor only; hard left; original-table correction
 107.8s P1000 -> L-150 R150: far left, outer sensor only; hard left; original-table correction
 107.8s P1000 -> L-150 R150: far left, outer sensor only; hard left; original-table correction
 107.8s P1000 -> L-150 R150: far left, outer sensor only; hard left; original-table correction
 107.8s P1000 -> L-150 R150: far left, outer sensor only; hard left; original-table correction
 107.8s P1000 -> L-150 R150: far left, outer sensor only; hard left; original-table correction
 107.8s P1000 -> L-150 R150: far left, outer sensor only; hard left; original-table correction
 107.8s P1000 -> L-150 R150: far left, outer sensor only; hard left; original-table correction
 107.9s P1000 -> L-150 R150: far left, outer sensor only; hard left; original-table correction
 107.9s P1000 -> L-150 R150: far left, outer sensor only; hard left; original-table correction
 107.9s P1000 -> L-150 R150: far left, outer sensor only; hard left; original-table correction
 107.9s P1000 -> L-150 R150: far left, outer sensor only; hard left; original-table correction
 107.9s P1000 -> L-150 R150: far left, outer sensor only; hard left; original-table correction
 107.9s P1100 -> L60 R150: left pair, needs >2.8cm of black; original-table junction correction
 107.9s P1100 -> L60 R150: left pair, needs >2.8cm of black; original-table junction correction
 107.9s P1100 -> L60 R150: left pair, needs >2.8cm of black; original-table junction correction
 107.9s P1100 -> L60 R150: left pair, needs >2.8cm of black; original-table junction correction
 107.9s P1100 -> L60 R150: left pair, needs >2.8cm of black; original-table junction correction
 108.0s P1100 -> L60 R150: left pair, needs >2.8cm of black; original-table junction correction
 108.0s P1100 -> L60 R150: left pair, needs >2.8cm of black; original-table junction correction
 108.0s P1100 -> L60 R150: left pair, needs >2.8cm of black; original-table junction correction
 108.0s P1100 -> L60 R150: left pair, needs >2.8cm of black; original-table junction correction
 108.0s P1000 -> L-150 R150: far left, outer sensor only; hard left; original-table correction
 108.0s P1000 -> L-150 R150: far left, outer sensor only; hard left; original-table correction
 108.0s P1000 -> L-150 R150: far left, outer sensor only; hard left; original-table correction
 108.0s P1000 -> L-150 R150: far left, outer sensor only; hard left; original-table correction
 108.0s P1000 -> L-150 R150: far left, outer sensor only; hard left; original-table correction
 108.0s P1000 -> L-150 R150: far left, outer sensor only; hard left; original-table correction
 108.1s P1000 -> L-150 R150: far left, outer sensor only; hard left; original-table correction
 108.1s P1000 -> L-150 R150: far left, outer sensor only; hard left; original-table correction
 108.1s P1000 -> L-150 R150: far left, outer sensor only; hard left; original-table correction
 108.1s P1000 -> L-150 R150: far left, outer sensor only; hard left; original-table correction
 108.1s P1000 -> L-150 R150: far left, outer sensor only; hard left; original-table correction
 108.1s P1000 -> L-150 R150: far left, outer sensor only; hard left; original-table correction
 108.1s P1000 -> L-150 R150: far left, outer sensor only; hard left; original-table correction
 108.1s P1100 -> L60 R150: left pair, needs >2.8cm of black; original-table junction correction
 108.1s P1100 -> L60 R150: left pair, needs >2.8cm of black; original-table junction correction
 108.1s P1100 -> L60 R150: left pair, needs >2.8cm of black; original-table junction correction
 108.2s P1100 -> L60 R150: left pair, needs >2.8cm of black; original-table junction correction
 108.2s P1100 -> L60 R150: left pair, needs >2.8cm of black; original-table junction correction
 108.2s P1100 -> L60 R150: left pair, needs >2.8cm of black; original-table junction correction
 108.2s P1100 -> L60 R150: left pair, needs >2.8cm of black; original-table junction correction
 108.2s P1100 -> L60 R150: left pair, needs >2.8cm of black; original-table junction correction
 108.2s P1100 -> L60 R150: left pair, needs >2.8cm of black; original-table junction correction
 108.2s P1100 -> L60 R150: left pair, needs >2.8cm of black; original-table junction correction
 108.2s P1100 -> L60 R150: left pair, needs >2.8cm of black; original-table junction correction
 108.2s P1100 -> L60 R150: left pair, needs >2.8cm of black; original-table junction correction
 108.2s P1100 -> L60 R150: left pair, needs >2.8cm of black; original-table junction correction
 108.3s P1100 -> L60 R150: left pair, needs >2.8cm of black; original-table junction correction
 108.3s P1000 -> L-150 R150: far left, outer sensor only; hard left; original-table correction
 108.3s P1000 -> L-150 R150: far left, outer sensor only; hard left; original-table correction
 108.3s P1000 -> L-150 R150: far left, outer sensor only; hard left; original-table correction
 108.3s P1000 -> L-150 R150: far left, outer sensor only; hard left; original-table correction
 108.3s P1000 -> L-150 R150: far left, outer sensor only; hard left; original-table correction
 108.3s P1000 -> L-150 R150: far left, outer sensor only; hard left; original-table correction
 108.3s P1000 -> L-150 R150: far left, outer sensor only; hard left; original-table correction
 108.3s P1000 -> L-150 R150: far left, outer sensor only; hard left; original-table correction
 108.3s P1000 -> L-150 R150: far left, outer sensor only; hard left; original-table correction
 108.4s P1100 -> L60 R150: left pair, needs >2.8cm of black; original-table junction correction
 108.4s P1100 -> L60 R150: left pair, needs >2.8cm of black; original-table junction correction
 108.4s P1100 -> L60 R150: left pair, needs >2.8cm of black; original-table junction correction
 108.4s P1100 -> L60 R150: left pair, needs >2.8cm of black; original-table junction correction
 108.4s P1100 -> L60 R150: left pair, needs >2.8cm of black; original-table junction correction
 108.4s P1100 -> L60 R150: left pair, needs >2.8cm of black; original-table junction correction
 108.4s P1100 -> L60 R150: left pair, needs >2.8cm of black; original-table junction correction
 108.4s P1100 -> L60 R150: left pair, needs >2.8cm of black; original-table junction correction
 108.4s P1100 -> L60 R150: left pair, needs >2.8cm of black; original-table junction correction
 108.4s P1100 -> L60 R150: left pair, needs >2.8cm of black; original-table junction correction
 108.5s P1100 -> L60 R150: left pair, needs >2.8cm of black; original-table junction correction
 108.5s P1100 -> L60 R150: left pair, needs >2.8cm of black; original-table junction correction
 108.5s P1100 -> L60 R150: left pair, needs >2.8cm of black; original-table junction correction
 108.5s P1100 -> L60 R150: left pair, needs >2.8cm of black; original-table junction correction
 108.5s P1100 -> L60 R150: left pair, needs >2.8cm of black; original-table junction correction
 108.5s P1100 -> L60 R150: left pair, needs >2.8cm of black; original-table junction correction
 108.5s P1100 -> L60 R150: left pair, needs >2.8cm of black; original-table junction correction
 108.5s P1100 -> L60 R150: left pair, needs >2.8cm of black; original-table junction correction
 108.5s P1100 -> L60 R150: left pair, needs >2.8cm of black; original-table junction correction
 108.5s P1100 -> L60 R150: left pair, needs >2.8cm of black; original-table junction correction
 108.6s P1100 -> L60 R150: left pair, needs >2.8cm of black; original-table junction correction
 108.6s P1000 -> L-150 R150: far left, outer sensor only; hard left; original-table correction
 108.6s P1000 -> L-150 R150: far left, outer sensor only; hard left; original-table correction
 108.6s P1000 -> L-150 R150: far left, outer sensor only; hard left; original-table correction
 108.6s P1100 -> L60 R150: left pair, needs >2.8cm of black; original-table junction correction
 108.6s P1100 -> L60 R150: left pair, needs >2.8cm of black; original-table junction correction
 108.6s P1100 -> L60 R150: left pair, needs >2.8cm of black; original-table junction correction
 108.6s P1100 -> L60 R150: left pair, needs >2.8cm of black; original-table junction correction
 108.6s P1100 -> L60 R150: left pair, needs >2.8cm of black; original-table junction correction
 108.6s P1100 -> L60 R150: left pair, needs >2.8cm of black; original-table junction correction
 108.7s P1000 -> L-150 R150: far left, outer sensor only; hard left; original-table correction
 108.7s P1000 -> L-150 R150: far left, outer sensor only; hard left; original-table correction
 108.7s P1000 -> L-150 R150: far left, outer sensor only; hard left; original-table correction
 108.7s P1000 -> L-150 R150: far left, outer sensor only; hard left; original-table correction
 108.7s P1000 -> L-150 R150: far left, outer sensor only; hard left; original-table correction
 108.7s P1100 -> L60 R150: left pair, needs >2.8cm of black; original-table junction correction
 108.7s P1100 -> L60 R150: left pair, needs >2.8cm of black; original-table junction correction
 108.7s P1100 -> L60 R150: left pair, needs >2.8cm of black; original-table junction correction
 108.7s P1100 -> L60 R150: left pair, needs >2.8cm of black; original-table junction correction
 108.7s P1100 -> L60 R150: left pair, needs >2.8cm of black; original-table junction correction
 108.8s P1100 -> L60 R150: left pair, needs >2.8cm of black; original-table junction correction
 108.8s P1100 -> L60 R150: left pair, needs >2.8cm of black; original-table junction correction
 108.8s P1100 -> L60 R150: left pair, needs >2.8cm of black; original-table junction correction
 108.8s P1100 -> L60 R150: left pair, needs >2.8cm of black; original-table junction correction
 108.8s P1100 -> L60 R150: left pair, needs >2.8cm of black; original-table junction correction
 108.8s P1100 -> L60 R150: left pair, needs >2.8cm of black; original-table junction correction
 108.8s P1100 -> L60 R150: left pair, needs >2.8cm of black; original-table junction correction
 108.8s P1100 -> L60 R150: left pair, needs >2.8cm of black; original-table junction correction
 108.8s P1100 -> L60 R150: left pair, needs >2.8cm of black; original-table junction correction
 108.8s P1100 -> L60 R150: left pair, needs >2.8cm of black; original-table junction correction
 108.9s P1100 -> L60 R150: left pair, needs >2.8cm of black; original-table junction correction
 108.9s P1100 -> L60 R150: left pair, needs >2.8cm of black; original-table junction correction
 108.9s P1100 -> L60 R150: left pair, needs >2.8cm of black; original-table junction correction
 108.9s P1100 -> L60 R150: left pair, needs >2.8cm of black; original-table junction correction
 108.9s P1100 -> L60 R150: left pair, needs >2.8cm of black; original-table junction correction
 108.9s P1100 -> L60 R150: left pair, needs >2.8cm of black; original-table junction correction
 108.9s P1100 -> L60 R150: left pair, needs >2.8cm of black; original-table junction correction
 108.9s P1100 -> L60 R150: left pair, needs >2.8cm of black; original-table junction correction
 108.9s P1100 -> L60 R150: left pair, needs >2.8cm of black; original-table junction correction
 108.9s P1100 -> L60 R150: left pair, needs >2.8cm of black; original-table junction correction
 109.0s P1100 -> L60 R150: left pair, needs >2.8cm of black; original-table junction correction
 109.0s P1100 -> L60 R150: left pair, needs >2.8cm of black; original-table junction correction
 109.0s P1100 -> L60 R150: left pair, needs >2.8cm of black; original-table junction correction
 109.0s P1100 -> L60 R150: left pair, needs >2.8cm of black; original-table junction correction
 109.0s P1100 -> L60 R150: left pair, needs >2.8cm of black; original-table junction correction
 109.0s P1100 -> L60 R150: left pair, needs >2.8cm of black; original-table junction correction
 109.0s P1100 -> L60 R150: left pair, needs >2.8cm of black; original-table junction correction
 109.0s P1100 -> L60 R150: left pair, needs >2.8cm of black; original-table junction correction
 109.0s P1100 -> L60 R150: left pair, needs >2.8cm of black; original-table junction correction
 109.0s P1100 -> L60 R150: left pair, needs >2.8cm of black; original-table junction correction
 109.1s P0100 -> L110 R150: drifting left, slight; original-table correction
 109.1s P0100 -> L110 R150: drifting left, slight; original-table correction
 109.1s P0100 -> L110 R150: drifting left, slight; original-table correction
 109.1s P0100 -> L110 R150: drifting left, slight; original-table correction
 109.1s P0100 -> L110 R150: drifting left, slight; original-table correction
 109.1s P0100 -> L110 R150: drifting left, slight; original-table correction
 109.1s P0100 -> L110 R150: drifting left, slight; original-table correction
 109.1s P0100 -> L110 R150: drifting left, slight; original-table correction
 109.1s P0100 -> L110 R150: drifting left, slight; original-table correction
 109.1s P0100 -> L110 R150: drifting left, slight; original-table correction
 109.2s P0100 -> L110 R150: drifting left, slight; original-table correction
 109.2s P0100 -> L110 R150: drifting left, slight; original-table correction
 109.2s P0100 -> L110 R150: drifting left, slight; original-table correction
 109.2s P0100 -> L110 R150: drifting left, slight; original-table correction
 109.2s P0100 -> L110 R150: drifting left, slight; original-table correction
 109.2s P0100 -> L110 R150: drifting left, slight; original-table correction
 109.2s P0100 -> L110 R150: drifting left, slight; original-table correction
 109.2s P0100 -> L110 R150: drifting left, slight; original-table correction
 109.2s P0100 -> L110 R150: drifting left, slight; original-table correction
 109.2s P0100 -> L110 R150: drifting left, slight; original-table correction
 109.3s P0100 -> L110 R150: drifting left, slight; original-table correction
 109.3s P0100 -> L110 R150: drifting left, slight; original-table correction
 109.3s P0100 -> L110 R150: drifting left, slight; original-table correction
 109.3s P0100 -> L110 R150: drifting left, slight; original-table correction
 109.3s P0100 -> L110 R150: drifting left, slight; original-table correction
 109.3s P0100 -> L110 R150: drifting left, slight; original-table correction
 109.3s P0100 -> L110 R150: drifting left, slight; original-table correction
 109.3s P0100 -> L110 R150: drifting left, slight; original-table correction
 109.3s P0100 -> L110 R150: drifting left, slight; original-table correction
 109.4s P1100 -> L60 R150: left pair, needs >2.8cm of black; original-table junction correction
 109.4s P1100 -> L60 R150: left pair, needs >2.8cm of black; original-table junction correction
 109.4s P1100 -> L60 R150: left pair, needs >2.8cm of black; original-table junction correction
 109.4s P1100 -> L60 R150: left pair, needs >2.8cm of black; original-table junction correction
 109.4s P1100 -> L60 R150: left pair, needs >2.8cm of black; original-table junction correction
 109.4s P1100 -> L60 R150: left pair, needs >2.8cm of black; original-table junction correction
 109.4s P1100 -> L60 R150: left pair, needs >2.8cm of black; original-table junction correction
 109.4s P1100 -> L60 R150: left pair, needs >2.8cm of black; original-table junction correction
 109.4s P1100 -> L60 R150: left pair, needs >2.8cm of black; original-table junction correction
 109.4s P1100 -> L60 R150: left pair, needs >2.8cm of black; original-table junction correction
 109.5s P1100 -> L60 R150: left pair, needs >2.8cm of black; original-table junction correction
 109.5s P1100 -> L60 R150: left pair, needs >2.8cm of black; original-table junction correction
 109.5s P1100 -> L60 R150: left pair, needs >2.8cm of black; original-table junction correction
 109.5s P1100 -> L60 R150: left pair, needs >2.8cm of black; original-table junction correction
 109.5s P1100 -> L60 R150: left pair, needs >2.8cm of black; original-table junction correction
 109.5s P1100 -> L60 R150: left pair, needs >2.8cm of black; original-table junction correction
 109.5s P1110 -> L60 R150: branch or curve on the left; original-table junction correction
 109.5s P1110 -> L60 R150: branch or curve on the left; original-table junction correction
 109.5s P1110 -> L60 R150: branch or curve on the left; original-table junction correction
 109.5s P1110 -> L60 R150: branch or curve on the left; original-table junction correction
 109.6s P1110 -> L60 R150: branch or curve on the left; original-table junction correction
 109.6s P1110 -> L60 R150: branch or curve on the left; original-table junction correction
 109.6s P1110 -> L60 R150: branch or curve on the left; original-table junction correction
 109.6s P1110 -> L60 R150: branch or curve on the left; original-table junction correction
 109.6s P1110 -> L60 R150: branch or curve on the left; original-table junction correction
 109.6s P1110 -> L60 R150: branch or curve on the left; original-table junction correction
 109.6s P1110 -> L60 R150: branch or curve on the left; original-table junction correction
 109.6s P1110 -> L60 R150: branch or curve on the left; original-table junction correction
 109.6s P1110 -> L60 R150: branch or curve on the left; original-table junction correction
 109.6s P1110 -> L60 R150: branch or curve on the left; original-table junction correction
 109.7s P1110 -> L60 R150: branch or curve on the left; original-table junction correction
 109.7s P1110 -> L60 R150: branch or curve on the left; original-table junction correction
 109.7s P1110 -> L60 R150: branch or curve on the left; original-table junction correction
 109.7s P1110 -> L60 R150: branch or curve on the left; original-table junction correction
 109.7s P1110 -> L60 R150: branch or curve on the left; original-table junction correction
 109.7s P1110 -> L60 R150: branch or curve on the left; original-table junction correction
 109.7s P1110 -> L60 R150: branch or curve on the left; original-table junction correction
 109.7s P1110 -> L60 R150: branch or curve on the left; original-table junction correction
 109.7s P1110 -> L60 R150: branch or curve on the left; original-table junction correction
 109.7s P1110 -> L60 R150: branch or curve on the left; original-table junction correction
 109.8s P1111 -> L150 R150: centred or unresolved; original-table forward
 109.8s P1111 -> L150 R150: centred or unresolved; original-table forward
 109.8s P1111 -> L150 R150: centred or unresolved; original-table forward
 109.8s P1111 -> L150 R150: centred or unresolved; original-table forward
 109.8s P1111 -> L150 R150: centred or unresolved; original-table forward
 109.8s P0111 -> L150 R60: branch or curve on the right; original-table junction correction
 109.8s P0111 -> L150 R60: branch or curve on the right; original-table junction correction
 109.8s P0111 -> L150 R60: branch or curve on the right; original-table junction correction
 109.8s P0111 -> L150 R60: branch or curve on the right; original-table junction correction
 109.8s P0111 -> L150 R60: branch or curve on the right; original-table junction correction
 109.9s P0111 -> L150 R60: branch or curve on the right; original-table junction correction
 109.9s P0111 -> L150 R60: branch or curve on the right; original-table junction correction
 109.9s P0111 -> L150 R60: branch or curve on the right; original-table junction correction
 109.9s P0111 -> L150 R60: branch or curve on the right; original-table junction correction
 109.9s P0111 -> L150 R60: branch or curve on the right; original-table junction correction
 109.9s P0111 -> L150 R60: branch or curve on the right; original-table junction correction
 109.9s P0111 -> L150 R60: branch or curve on the right; original-table junction correction
 109.9s P0111 -> L150 R60: branch or curve on the right; original-table junction correction
 109.9s P0111 -> L150 R60: branch or curve on the right; original-table junction correction
 109.9s P0111 -> L150 R60: branch or curve on the right; original-table junction correction
 110.0s P0111 -> L150 R60: branch or curve on the right; original-table junction correction
 110.0s P0111 -> L150 R60: branch or curve on the right; original-table junction correction
 110.0s P0011 -> L150 R60: right pair, needs >2.8cm of black; original-table junction correction
 110.0s P0001 -> L150 R20: far right, outer sensor only; original-table correction
 110.0s P0001 -> L150 R20: far right, outer sensor only; original-table correction
 110.0s P0001 -> L150 R20: far right, outer sensor only; original-table correction
 110.0s P0001 -> L150 R20: far right, outer sensor only; original-table correction
 110.0s P0001 -> L150 R20: far right, outer sensor only; original-table correction
 110.0s P0001 -> L150 R20: far right, outer sensor only; original-table correction
 110.0s P0001 -> L150 R20: far right, outer sensor only; original-table correction
 110.1s P0001 -> L150 R20: far right, outer sensor only; original-table correction
 110.1s P0001 -> L150 R20: far right, outer sensor only; original-table correction
 110.1s P0001 -> L150 R20: far right, outer sensor only; original-table correction
 110.1s P0001 -> L150 R20: far right, outer sensor only; original-table correction
 110.1s P0001 -> L150 R20: far right, outer sensor only; original-table correction
 110.1s P0001 -> L150 R20: far right, outer sensor only; original-table correction
 110.1s P0001 -> L150 R20: far right, outer sensor only; original-table correction
 110.1s P0001 -> L150 R20: far right, outer sensor only; original-table correction
 110.1s P0001 -> L150 R20: far right, outer sensor only; original-table correction
 110.1s P0001 -> L150 R20: far right, outer sensor only; original-table correction
 110.2s P0001 -> L150 R20: far right, outer sensor only; original-table correction
 110.2s P0001 -> L150 R20: far right, outer sensor only; original-table correction
 110.2s P0001 -> L150 R20: far right, outer sensor only; original-table correction
 110.2s P0001 -> L150 R20: far right, outer sensor only; original-table correction
 110.2s P0001 -> L150 R20: far right, outer sensor only; original-table correction
 110.2s P0001 -> L150 R20: far right, outer sensor only; original-table correction
 110.2s P0001 -> L150 R20: far right, outer sensor only; original-table correction
 110.2s P0001 -> L150 R20: far right, outer sensor only; original-table correction
 110.2s P0001 -> L150 R20: far right, outer sensor only; original-table correction
 110.2s P0001 -> L150 R20: far right, outer sensor only; original-table correction
 110.3s P0001 -> L150 R20: far right, outer sensor only; original-table correction
 110.3s P0001 -> L150 R20: far right, outer sensor only; original-table correction
 110.3s P0001 -> L150 R20: far right, outer sensor only; original-table correction
 110.3s P0001 -> L150 R20: far right, outer sensor only; original-table correction
 110.3s P0001 -> L150 R20: far right, outer sensor only; original-table correction
 110.3s P0001 -> L150 R20: far right, outer sensor only; original-table correction
 110.3s P0001 -> L150 R20: far right, outer sensor only; original-table correction
 110.3s P0001 -> L150 R20: far right, outer sensor only; original-table correction
 110.3s P0001 -> L150 R20: far right, outer sensor only; original-table correction
 110.3s P0001 -> L150 R20: far right, outer sensor only; original-table correction
 110.4s P0001 -> L150 R20: far right, outer sensor only; original-table correction
 110.4s P0001 -> L150 R20: far right, outer sensor only; original-table correction
 110.4s P0001 -> L150 R20: far right, outer sensor only; original-table correction
 110.4s P0001 -> L150 R20: far right, outer sensor only; original-table correction
 110.4s P0001 -> L150 R20: far right, outer sensor only; original-table correction
 110.4s P0001 -> L150 R20: far right, outer sensor only; original-table correction
 110.4s P0001 -> L150 R20: far right, outer sensor only; original-table correction
 110.4s P0001 -> L150 R20: far right, outer sensor only; original-table correction
 110.4s P0001 -> L150 R20: far right, outer sensor only; original-table correction
 110.4s P0001 -> L150 R20: far right, outer sensor only; original-table correction
 110.5s P0001 -> L150 R20: far right, outer sensor only; original-table correction
 110.5s P0001 -> L150 R20: far right, outer sensor only; original-table correction
 110.5s P0001 -> L150 R20: far right, outer sensor only; original-table correction
 110.5s P0001 -> L150 R20: far right, outer sensor only; original-table correction
 110.5s P0001 -> L150 R20: far right, outer sensor only; original-table correction
 110.5s P0001 -> L150 R20: far right, outer sensor only; original-table correction
 110.5s P0001 -> L150 R20: far right, outer sensor only; original-table correction
 110.5s P0001 -> L150 R20: far right, outer sensor only; original-table correction
 110.5s P0001 -> L150 R20: far right, outer sensor only; original-table correction
 110.5s P0001 -> L150 R20: far right, outer sensor only; original-table correction
 110.6s P0001 -> L150 R20: far right, outer sensor only; original-table correction
 110.6s P0001 -> L150 R20: far right, outer sensor only; original-table correction
 110.6s P0001 -> L150 R20: far right, outer sensor only; original-table correction
 110.6s P0001 -> L150 R20: far right, outer sensor only; original-table correction
 110.6s P0001 -> L150 R20: far right, outer sensor only; original-table correction
 110.6s P0001 -> L150 R20: far right, outer sensor only; original-table correction
 110.6s P0001 -> L150 R20: far right, outer sensor only; original-table correction
 110.6s P0001 -> L150 R20: far right, outer sensor only; original-table correction
 110.6s P0001 -> L150 R20: far right, outer sensor only; original-table correction
 110.6s P0001 -> L150 R20: far right, outer sensor only; original-table correction
 110.7s P0001 -> L150 R20: far right, outer sensor only; original-table correction
 110.7s P0001 -> L150 R20: far right, outer sensor only; original-table correction
 110.7s P0001 -> L150 R20: far right, outer sensor only; original-table correction
 110.7s P0001 -> L150 R20: far right, outer sensor only; original-table correction
 110.7s P0001 -> L150 R20: far right, outer sensor only; original-table correction
 110.7s P0001 -> L150 R20: far right, outer sensor only; original-table correction
 110.7s P0001 -> L150 R20: far right, outer sensor only; original-table correction
 110.7s P0001 -> L150 R20: far right, outer sensor only; original-table correction
 110.7s P0001 -> L150 R20: far right, outer sensor only; original-table correction
 110.7s P0001 -> L150 R20: far right, outer sensor only; original-table correction
 110.8s P0001 -> L150 R20: far right, outer sensor only; original-table correction
 110.8s P0001 -> L150 R20: far right, outer sensor only; original-table correction
 110.8s P0001 -> L150 R20: far right, outer sensor only; original-table correction
 110.8s P0001 -> L150 R20: far right, outer sensor only; original-table correction
 110.8s P0001 -> L150 R20: far right, outer sensor only; original-table correction
 110.8s P0001 -> L150 R20: far right, outer sensor only; original-table correction
 110.8s P0001 -> L150 R20: far right, outer sensor only; original-table correction
 110.8s P0001 -> L150 R20: far right, outer sensor only; original-table correction
 110.8s P0001 -> L150 R20: far right, outer sensor only; original-table correction
 110.8s P0001 -> L150 R20: far right, outer sensor only; original-table correction
 110.9s P0001 -> L150 R20: far right, outer sensor only; original-table correction
 110.9s P0001 -> L150 R20: far right, outer sensor only; original-table correction
 110.9s P0001 -> L150 R20: far right, outer sensor only; original-table correction
 110.9s P0001 -> L150 R20: far right, outer sensor only; original-table correction
 110.9s P0001 -> L150 R20: far right, outer sensor only; original-table correction
 110.9s P0001 -> L150 R20: far right, outer sensor only; original-table correction
 110.9s P0001 -> L150 R20: far right, outer sensor only; original-table correction
 110.9s P0001 -> L150 R20: far right, outer sensor only; original-table correction
 110.9s P0001 -> L150 R20: far right, outer sensor only; original-table correction
 110.9s P0001 -> L150 R20: far right, outer sensor only; original-table correction
 111.0s P0001 -> L150 R20: far right, outer sensor only; original-table correction
 111.0s P0001 -> L150 R20: far right, outer sensor only; original-table correction
 111.0s P0001 -> L150 R20: far right, outer sensor only; original-table correction
 111.0s P0001 -> L150 R20: far right, outer sensor only; original-table correction
 111.0s P0001 -> L150 R20: far right, outer sensor only; original-table correction
 111.0s P0001 -> L150 R20: far right, outer sensor only; original-table correction
 111.0s P0001 -> L150 R20: far right, outer sensor only; original-table correction
 111.0s P0001 -> L150 R20: far right, outer sensor only; original-table correction
 111.0s P0001 -> L150 R20: far right, outer sensor only; original-table correction
 111.1s P0001 -> L150 R20: far right, outer sensor only; original-table correction
 111.1s P0001 -> L150 R20: far right, outer sensor only; original-table correction
 111.1s P0001 -> L150 R20: far right, outer sensor only; original-table correction
 111.1s P0001 -> L150 R20: far right, outer sensor only; original-table correction
 111.1s P0001 -> L150 R20: far right, outer sensor only; original-table correction
 111.1s P0001 -> L150 R20: far right, outer sensor only; original-table correction
 111.1s P0001 -> L150 R20: far right, outer sensor only; original-table correction
 111.1s P0001 -> L150 R20: far right, outer sensor only; original-table correction
 111.1s P0001 -> L150 R20: far right, outer sensor only; original-table correction
 111.1s P0001 -> L150 R20: far right, outer sensor only; original-table correction
 111.2s P0001 -> L150 R20: far right, outer sensor only; original-table correction
 111.2s P0001 -> L150 R20: far right, outer sensor only; original-table correction
 111.2s P0001 -> L150 R20: far right, outer sensor only; original-table correction
 111.2s P0001 -> L150 R20: far right, outer sensor only; original-table correction
 111.2s P0001 -> L150 R20: far right, outer sensor only; original-table correction
 111.2s P0001 -> L150 R20: far right, outer sensor only; original-table correction
 111.2s P0001 -> L150 R20: far right, outer sensor only; original-table correction
 111.2s P0001 -> L150 R20: far right, outer sensor only; original-table correction
 111.2s P0001 -> L150 R20: far right, outer sensor only; original-table correction
 111.2s P0001 -> L150 R20: far right, outer sensor only; original-table correction
 111.3s P0001 -> L150 R20: far right, outer sensor only; original-table correction
 111.3s P0001 -> L150 R20: far right, outer sensor only; original-table correction
 111.3s P0001 -> L150 R20: far right, outer sensor only; original-table correction
 111.3s P0001 -> L150 R20: far right, outer sensor only; original-table correction
 111.3s P0001 -> L150 R20: far right, outer sensor only; original-table correction
 111.3s P0001 -> L150 R20: far right, outer sensor only; original-table correction
 111.3s P0001 -> L150 R20: far right, outer sensor only; original-table correction
 111.3s P0001 -> L150 R20: far right, outer sensor only; original-table correction
 111.3s P0001 -> L150 R20: far right, outer sensor only; original-table correction
 111.3s P0001 -> L150 R20: far right, outer sensor only; original-table correction
 111.4s P0001 -> L150 R20: far right, outer sensor only; original-table correction
 111.4s P0001 -> L150 R20: far right, outer sensor only; original-table correction
 111.4s P0001 -> L150 R20: far right, outer sensor only; original-table correction
 111.4s P0001 -> L150 R20: far right, outer sensor only; original-table correction
 111.4s P0001 -> L150 R20: far right, outer sensor only; original-table correction
 111.4s P0001 -> L150 R20: far right, outer sensor only; original-table correction
 111.4s P0001 -> L150 R20: far right, outer sensor only; original-table correction
 111.4s P0001 -> L150 R20: far right, outer sensor only; original-table correction
 111.4s P0001 -> L150 R20: far right, outer sensor only; original-table correction
 111.4s P0001 -> L150 R20: far right, outer sensor only; original-table correction
 111.5s P0001 -> L150 R20: far right, outer sensor only; original-table correction
 111.5s P0001 -> L150 R20: far right, outer sensor only; original-table correction
 111.5s P0001 -> L150 R20: far right, outer sensor only; original-table correction
 111.5s P0001 -> L150 R20: far right, outer sensor only; original-table correction
 111.5s P0001 -> L150 R20: far right, outer sensor only; original-table correction
 111.5s P0001 -> L150 R20: far right, outer sensor only; original-table correction
 111.5s P0001 -> L150 R20: far right, outer sensor only; original-table correction
 111.5s P0001 -> L150 R20: far right, outer sensor only; original-table correction
 111.5s P0001 -> L150 R20: far right, outer sensor only; original-table correction
 111.5s P0001 -> L150 R20: far right, outer sensor only; original-table correction
 111.6s P0001 -> L150 R20: far right, outer sensor only; original-table correction
 111.6s P0001 -> L150 R20: far right, outer sensor only; original-table correction
 111.6s P0001 -> L150 R20: far right, outer sensor only; original-table correction
 111.6s P0001 -> L150 R20: far right, outer sensor only; original-table correction
 111.6s P0001 -> L150 R20: far right, outer sensor only; original-table correction
 111.6s P0001 -> L150 R20: far right, outer sensor only; original-table correction
 111.6s P0001 -> L150 R20: far right, outer sensor only; original-table correction
 111.6s P0001 -> L150 R20: far right, outer sensor only; original-table correction
 111.6s P0001 -> L150 R20: far right, outer sensor only; original-table correction
 111.6s P0001 -> L150 R20: far right, outer sensor only; original-table correction
 111.7s P0001 -> L150 R20: far right, outer sensor only; original-table correction
 111.7s P0001 -> L150 R20: far right, outer sensor only; original-table correction
 111.7s P0001 -> L150 R20: far right, outer sensor only; original-table correction
 111.7s P0001 -> L150 R20: far right, outer sensor only; original-table correction
 111.7s P0001 -> L150 R20: far right, outer sensor only; original-table correction
 111.7s P0001 -> L150 R20: far right, outer sensor only; original-table correction
 111.7s P0001 -> L150 R20: far right, outer sensor only; original-table correction
 111.7s P0001 -> L150 R20: far right, outer sensor only; original-table correction
 111.7s P0001 -> L150 R20: far right, outer sensor only; original-table correction
 111.7s P0001 -> L150 R20: far right, outer sensor only; original-table correction
 111.8s P0001 -> L150 R20: far right, outer sensor only; original-table correction
 111.8s P0001 -> L150 R20: far right, outer sensor only; original-table correction
 111.8s P0001 -> L150 R20: far right, outer sensor only; original-table correction
 111.8s P0001 -> L150 R20: far right, outer sensor only; original-table correction
 111.8s P0001 -> L150 R20: far right, outer sensor only; original-table correction
 111.8s P0011 -> L150 R60: right pair, needs >2.8cm of black; original-table junction correction
 111.8s P0011 -> L150 R60: right pair, needs >2.8cm of black; original-table junction correction
 111.8s P0011 -> L150 R60: right pair, needs >2.8cm of black; original-table junction correction
 111.8s P0011 -> L150 R60: right pair, needs >2.8cm of black; original-table junction correction
 111.8s P0011 -> L150 R60: right pair, needs >2.8cm of black; original-table junction correction
 111.9s P0011 -> L150 R60: right pair, needs >2.8cm of black; original-table junction correction
 111.9s P0010 -> L150 R110: drifting right, slight; original-table correction
 111.9s P0010 -> L150 R110: drifting right, slight; original-table correction
 111.9s P0010 -> L150 R110: drifting right, slight; original-table correction
 111.9s P0010 -> L150 R110: drifting right, slight; original-table correction
 111.9s P0010 -> L150 R110: drifting right, slight; original-table correction
 111.9s P0010 -> L150 R110: drifting right, slight; original-table correction
 111.9s P0010 -> L150 R110: drifting right, slight; original-table correction
 111.9s P0010 -> L150 R110: drifting right, slight; original-table correction
 111.9s P0010 -> L150 R110: drifting right, slight; original-table correction
 112.0s P0010 -> L150 R110: drifting right, slight; original-table correction
 112.0s P0010 -> L150 R110: drifting right, slight; original-table correction
 112.0s P0010 -> L150 R110: drifting right, slight; original-table correction
 112.0s P0010 -> L150 R110: drifting right, slight; original-table correction
 112.0s P0010 -> L150 R110: drifting right, slight; original-table correction
 112.0s P0010 -> L150 R110: drifting right, slight; original-table correction
 112.0s P0010 -> L150 R110: drifting right, slight; original-table correction
 112.0s P0010 -> L150 R110: drifting right, slight; original-table correction
 112.0s P0010 -> L150 R110: drifting right, slight; original-table correction
 112.0s P0010 -> L150 R110: drifting right, slight; original-table correction
 112.1s P0010 -> L150 R110: drifting right, slight; original-table correction
 112.1s P0010 -> L150 R110: drifting right, slight; original-table correction
 112.1s P0010 -> L150 R110: drifting right, slight; original-table correction
 112.1s P0010 -> L150 R110: drifting right, slight; original-table correction
 112.1s P0010 -> L150 R110: drifting right, slight; original-table correction
 112.1s P0010 -> L150 R110: drifting right, slight; original-table correction
 112.1s P0010 -> L150 R110: drifting right, slight; original-table correction
 112.1s P0010 -> L150 R110: drifting right, slight; original-table correction
 112.1s P0010 -> L150 R110: drifting right, slight; original-table correction
 112.1s P0010 -> L150 R110: drifting right, slight; original-table correction
 112.2s P0010 -> L150 R110: drifting right, slight; original-table correction
 112.2s P0010 -> L150 R110: drifting right, slight; original-table correction
 112.2s P0010 -> L150 R110: drifting right, slight; original-table correction
 112.2s P0010 -> L150 R110: drifting right, slight; original-table correction
 112.2s P0010 -> L150 R110: drifting right, slight; original-table correction
 112.2s P0010 -> L150 R110: drifting right, slight; original-table correction
 112.2s P0010 -> L150 R110: drifting right, slight; original-table correction
 112.2s P0010 -> L150 R110: drifting right, slight; original-table correction
 112.2s P0010 -> L150 R110: drifting right, slight; original-table correction
 112.2s P0010 -> L150 R110: drifting right, slight; original-table correction
 112.3s P0010 -> L150 R110: drifting right, slight; original-table correction
 112.3s P0010 -> L150 R110: drifting right, slight; original-table correction
 112.3s P0010 -> L150 R110: drifting right, slight; original-table correction
 112.3s P0010 -> L150 R110: drifting right, slight; original-table correction
 112.3s P0010 -> L150 R110: drifting right, slight; original-table correction
 112.3s P0010 -> L150 R110: drifting right, slight; original-table correction
 112.3s P0010 -> L150 R110: drifting right, slight; original-table correction
 112.3s P0010 -> L150 R110: drifting right, slight; original-table correction
 112.3s P0010 -> L150 R110: drifting right, slight; original-table correction
 112.3s P0010 -> L150 R110: drifting right, slight; original-table correction
 112.4s P0010 -> L150 R110: drifting right, slight; original-table correction
 112.4s P0010 -> L150 R110: drifting right, slight; original-table correction
 112.4s P0010 -> L150 R110: drifting right, slight; original-table correction
 112.4s P0010 -> L150 R110: drifting right, slight; original-table correction
 112.4s P0010 -> L150 R110: drifting right, slight; original-table correction
 112.4s P0010 -> L150 R110: drifting right, slight; original-table correction
 112.4s P0010 -> L150 R110: drifting right, slight; original-table correction
 112.4s P0010 -> L150 R110: drifting right, slight; original-table correction
 112.4s P0010 -> L150 R110: drifting right, slight; original-table correction
 112.4s P0010 -> L150 R110: drifting right, slight; original-table correction
 112.5s P0010 -> L150 R110: drifting right, slight; original-table correction
 112.5s P0010 -> L150 R110: drifting right, slight; original-table correction
 112.5s P0010 -> L150 R110: drifting right, slight; original-table correction
 112.5s P0010 -> L150 R110: drifting right, slight; original-table correction
 112.5s P0010 -> L150 R110: drifting right, slight; original-table correction
 112.5s P0010 -> L150 R110: drifting right, slight; original-table correction
 112.5s P0010 -> L150 R110: drifting right, slight; original-table correction
 112.5s P0010 -> L150 R110: drifting right, slight; original-table correction
 112.5s P0010 -> L150 R110: drifting right, slight; original-table correction
 112.5s P0010 -> L150 R110: drifting right, slight; original-table correction
 112.6s P0110 -> L150 R150: centred or unresolved; original-table forward
 112.6s P0110 -> L150 R150: centred or unresolved; original-table forward
 112.6s P0110 -> L150 R150: centred or unresolved; original-table forward
 112.6s P0110 -> L150 R150: centred or unresolved; original-table forward
 112.6s P0110 -> L150 R150: centred or unresolved; original-table forward
 112.6s P0110 -> L150 R150: centred or unresolved; original-table forward
 112.6s P0110 -> L150 R150: centred or unresolved; original-table forward
 112.6s P0110 -> L150 R150: centred or unresolved; original-table forward
 112.6s P0110 -> L150 R150: centred or unresolved; original-table forward
 112.6s P0110 -> L150 R150: centred or unresolved; original-table forward
 112.7s P0110 -> L150 R150: centred or unresolved; original-table forward
 112.7s P0110 -> L150 R150: centred or unresolved; original-table forward
 112.7s P0110 -> L150 R150: centred or unresolved; original-table forward
 112.7s P0110 -> L150 R150: centred or unresolved; original-table forward
 112.7s P0110 -> L150 R150: centred or unresolved; original-table forward
 112.7s P0110 -> L150 R150: centred or unresolved; original-table forward
 112.7s P0110 -> L150 R150: centred or unresolved; original-table forward
 112.7s P0110 -> L150 R150: centred or unresolved; original-table forward
 112.7s P0110 -> L150 R150: centred or unresolved; original-table forward
 112.8s P0110 -> L150 R150: centred or unresolved; original-table forward
 112.8s P0110 -> L150 R150: centred or unresolved; original-table forward
 112.8s P0110 -> L150 R150: centred or unresolved; original-table forward
 112.8s P0110 -> L150 R150: centred or unresolved; original-table forward
 112.8s P0110 -> L150 R150: centred or unresolved; original-table forward
 112.8s P0110 -> L150 R150: centred or unresolved; original-table forward
 112.8s P0110 -> L150 R150: centred or unresolved; original-table forward
 112.8s P0110 -> L150 R150: centred or unresolved; original-table forward
 112.8s P0110 -> L150 R150: centred or unresolved; original-table forward
 112.8s P0110 -> L150 R150: centred or unresolved; original-table forward
 112.9s P0110 -> L150 R150: centred or unresolved; original-table forward
 112.9s P0110 -> L150 R150: centred or unresolved; original-table forward
 112.9s P0110 -> L150 R150: centred or unresolved; original-table forward
 112.9s P0110 -> L150 R150: centred or unresolved; original-table forward
 112.9s P0110 -> L150 R150: centred or unresolved; original-table forward
 112.9s P0110 -> L150 R150: centred or unresolved; original-table forward
 112.9s P0110 -> L150 R150: centred or unresolved; original-table forward
 112.9s P0110 -> L150 R150: centred or unresolved; original-table forward
 112.9s P0110 -> L150 R150: centred or unresolved; original-table forward
 112.9s P0110 -> L150 R150: centred or unresolved; original-table forward
 113.0s P0110 -> L150 R150: centred or unresolved; original-table forward
 113.0s P0110 -> L150 R150: centred or unresolved; original-table forward
 113.0s P0110 -> L150 R150: centred or unresolved; original-table forward
 113.0s P0110 -> L150 R150: centred or unresolved; original-table forward
 113.0s P0110 -> L150 R150: centred or unresolved; original-table forward
 113.0s P0110 -> L150 R150: centred or unresolved; original-table forward
 113.0s P0110 -> L150 R150: centred or unresolved; original-table forward
 113.0s P0110 -> L150 R150: centred or unresolved; original-table forward
 113.0s P0110 -> L150 R150: centred or unresolved; original-table forward
 113.0s P0110 -> L150 R150: centred or unresolved; original-table forward
 113.1s P0110 -> L150 R150: centred or unresolved; original-table forward
 113.1s P0110 -> L150 R150: centred or unresolved; original-table forward
 113.1s P0110 -> L150 R150: centred or unresolved; original-table forward
 113.1s P0110 -> L150 R150: centred or unresolved; original-table forward
 113.1s P0110 -> L150 R150: centred or unresolved; original-table forward
 113.1s P0110 -> L150 R150: centred or unresolved; original-table forward
 113.1s P0110 -> L150 R150: centred or unresolved; original-table forward
 113.1s P0110 -> L150 R150: centred or unresolved; original-table forward
 113.1s P0110 -> L150 R150: centred or unresolved; original-table forward
 113.1s P0110 -> L150 R150: centred or unresolved; original-table forward
 113.2s P0110 -> L150 R150: centred or unresolved; original-table forward
 113.2s P0110 -> L150 R150: centred or unresolved; original-table forward
 113.2s P0110 -> L150 R150: centred or unresolved; original-table forward
 113.2s P0110 -> L150 R150: centred or unresolved; original-table forward
 113.2s P0110 -> L150 R150: centred or unresolved; original-table forward
 113.2s P0110 -> L150 R150: centred or unresolved; original-table forward
 113.2s P0110 -> L150 R150: centred or unresolved; original-table forward
 113.2s P0110 -> L150 R150: centred or unresolved; original-table forward
 113.2s P0110 -> L150 R150: centred or unresolved; original-table forward
 113.2s P0110 -> L150 R150: centred or unresolved; original-table forward
 113.3s P0110 -> L150 R150: centred or unresolved; original-table forward
 113.3s P0110 -> L150 R150: centred or unresolved; original-table forward
 113.3s P0110 -> L150 R150: centred or unresolved; original-table forward
 113.3s P0110 -> L150 R150: centred or unresolved; original-table forward
 113.3s P0110 -> L150 R150: centred or unresolved; original-table forward
 113.3s P0110 -> L150 R150: centred or unresolved; original-table forward
 113.3s P0110 -> L150 R150: centred or unresolved; original-table forward
 113.3s P0110 -> L150 R150: centred or unresolved; original-table forward
 113.3s P0110 -> L150 R150: centred or unresolved; original-table forward
 113.3s P0110 -> L150 R150: centred or unresolved; original-table forward
 113.4s P0110 -> L150 R150: centred or unresolved; original-table forward
 113.4s P0110 -> L150 R150: centred or unresolved; original-table forward
 113.4s P0110 -> L150 R150: centred or unresolved; original-table forward
 113.4s P0110 -> L150 R150: centred or unresolved; original-table forward
 113.4s P0110 -> L150 R150: centred or unresolved; original-table forward
 113.4s P0110 -> L150 R150: centred or unresolved; original-table forward
 113.4s P0110 -> L150 R150: centred or unresolved; original-table forward
 113.4s P0110 -> L150 R150: centred or unresolved; original-table forward
 113.4s P0110 -> L150 R150: centred or unresolved; original-table forward
 113.4s P0110 -> L150 R150: centred or unresolved; original-table forward
 113.5s P0110 -> L150 R150: centred or unresolved; original-table forward
 113.5s P0110 -> L150 R150: centred or unresolved; original-table forward
 113.5s P0110 -> L150 R150: centred or unresolved; original-table forward
 113.5s P0110 -> L150 R150: centred or unresolved; original-table forward
 113.5s P0110 -> L150 R150: centred or unresolved; original-table forward
 113.5s P0110 -> L150 R150: centred or unresolved; original-table forward
 113.5s P0110 -> L150 R150: centred or unresolved; original-table forward
 113.5s P0110 -> L150 R150: centred or unresolved; original-table forward
 113.5s P0110 -> L150 R150: centred or unresolved; original-table forward
 113.5s P0110 -> L150 R150: centred or unresolved; original-table forward
 113.6s P0110 -> L150 R150: centred or unresolved; original-table forward
 113.6s P0110 -> L150 R150: centred or unresolved; original-table forward
 113.6s P0110 -> L150 R150: centred or unresolved; original-table forward
 113.6s P0110 -> L150 R150: centred or unresolved; original-table forward
 113.6s P0110 -> L150 R150: centred or unresolved; original-table forward
 113.6s P0100 -> L110 R150: drifting left, slight; original-table correction
 113.6s P0100 -> L110 R150: drifting left, slight; original-table correction
 113.6s P0100 -> L110 R150: drifting left, slight; original-table correction
 113.6s P0100 -> L110 R150: drifting left, slight; original-table correction
 113.6s P0100 -> L110 R150: drifting left, slight; original-table correction
 113.7s P0100 -> L110 R150: drifting left, slight; original-table correction
 113.7s P0100 -> L110 R150: drifting left, slight; original-table correction
 113.7s P0100 -> L110 R150: drifting left, slight; original-table correction
 113.7s P0100 -> L110 R150: drifting left, slight; original-table correction
 113.7s P0100 -> L110 R150: drifting left, slight; original-table correction
 113.7s P0100 -> L110 R150: drifting left, slight; original-table correction
 113.7s P0100 -> L110 R150: drifting left, slight; original-table correction
 113.7s P0100 -> L110 R150: drifting left, slight; original-table correction
 113.7s P0100 -> L110 R150: drifting left, slight; original-table correction
 113.7s P0100 -> L110 R150: drifting left, slight; original-table correction
 113.8s P0100 -> L110 R150: drifting left, slight; original-table correction
 113.8s P0100 -> L110 R150: drifting left, slight; original-table correction
 113.8s P0000 -> L60 R150: blind band; original-table correction
 113.8s P0000 -> L60 R150: blind band; original-table correction
 113.8s P0000 -> L60 R150: blind band; original-table correction
 113.8s P0000 -> L60 R150: blind band; original-table correction
 113.8s P0000 -> L60 R150: blind band; original-table correction
 113.8s P0000 -> L60 R150: blind band; original-table correction
 113.8s P1000 -> L-150 R150: far left, outer sensor only; hard left; original-table correction
 113.8s P1000 -> L-150 R150: far left, outer sensor only; hard left; original-table correction
 113.9s P1000 -> L-150 R150: far left, outer sensor only; hard left; original-table correction
 113.9s P1000 -> L-150 R150: far left, outer sensor only; hard left; original-table correction
 113.9s P1000 -> L-150 R150: far left, outer sensor only; hard left; original-table correction
 113.9s P1000 -> L-150 R150: far left, outer sensor only; hard left; original-table correction
 113.9s P1000 -> L-150 R150: far left, outer sensor only; hard left; original-table correction
 113.9s P1000 -> L-150 R150: far left, outer sensor only; hard left; original-table correction
 113.9s P1000 -> L-150 R150: far left, outer sensor only; hard left; original-table correction
 113.9s P1000 -> L-150 R150: far left, outer sensor only; hard left; original-table correction
 113.9s P1000 -> L-150 R150: far left, outer sensor only; hard left; original-table correction
 113.9s P1000 -> L-150 R150: far left, outer sensor only; hard left; original-table correction
 114.0s P1000 -> L-150 R150: far left, outer sensor only; hard left; original-table correction
 114.0s P1000 -> L-150 R150: far left, outer sensor only; hard left; original-table correction
 114.0s P1000 -> L-150 R150: far left, outer sensor only; hard left; original-table correction
 114.0s P1100 -> L60 R150: left pair, needs >2.8cm of black; original-table junction correction
 114.0s P1100 -> L60 R150: left pair, needs >2.8cm of black; original-table junction correction
 114.0s P1100 -> L60 R150: left pair, needs >2.8cm of black; original-table junction correction
 114.0s P1100 -> L60 R150: left pair, needs >2.8cm of black; original-table junction correction
 114.0s P1100 -> L60 R150: left pair, needs >2.8cm of black; original-table junction correction
 114.0s P1100 -> L60 R150: left pair, needs >2.8cm of black; original-table junction correction
 114.0s P1100 -> L60 R150: left pair, needs >2.8cm of black; original-table junction correction
 114.1s P1100 -> L60 R150: left pair, needs >2.8cm of black; original-table junction correction
 114.1s P1100 -> L60 R150: left pair, needs >2.8cm of black; original-table junction correction
 114.1s P1100 -> L60 R150: left pair, needs >2.8cm of black; original-table junction correction
 114.1s P1100 -> L60 R150: left pair, needs >2.8cm of black; original-table junction correction
 114.1s P1100 -> L60 R150: left pair, needs >2.8cm of black; original-table junction correction
 114.1s P1100 -> L60 R150: left pair, needs >2.8cm of black; original-table junction correction
 114.1s P1100 -> L60 R150: left pair, needs >2.8cm of black; original-table junction correction
 114.1s P1100 -> L60 R150: left pair, needs >2.8cm of black; original-table junction correction
 114.1s P1100 -> L60 R150: left pair, needs >2.8cm of black; original-table junction correction
 114.1s P1100 -> L60 R150: left pair, needs >2.8cm of black; original-table junction correction
 114.2s P1100 -> L60 R150: left pair, needs >2.8cm of black; original-table junction correction
 114.2s P1100 -> L60 R150: left pair, needs >2.8cm of black; original-table junction correction
 114.2s P1100 -> L60 R150: left pair, needs >2.8cm of black; original-table junction correction
 114.2s P1100 -> L60 R150: left pair, needs >2.8cm of black; original-table junction correction
 114.2s P1100 -> L60 R150: left pair, needs >2.8cm of black; original-table junction correction
 114.2s P1100 -> L60 R150: left pair, needs >2.8cm of black; original-table junction correction
 114.2s P1100 -> L60 R150: left pair, needs >2.8cm of black; original-table junction correction
 114.2s P1100 -> L60 R150: left pair, needs >2.8cm of black; original-table junction correction
 114.2s P1100 -> L60 R150: left pair, needs >2.8cm of black; original-table junction correction
 114.2s P1100 -> L60 R150: left pair, needs >2.8cm of black; original-table junction correction
 114.3s P1100 -> L60 R150: left pair, needs >2.8cm of black; original-table junction correction
 114.3s P1100 -> L60 R150: left pair, needs >2.8cm of black; original-table junction correction
 114.3s P1100 -> L60 R150: left pair, needs >2.8cm of black; original-table junction correction
 114.3s P1100 -> L60 R150: left pair, needs >2.8cm of black; original-table junction correction
 114.3s P1100 -> L60 R150: left pair, needs >2.8cm of black; original-table junction correction
 114.3s P1100 -> L60 R150: left pair, needs >2.8cm of black; original-table junction correction
 114.3s P1100 -> L60 R150: left pair, needs >2.8cm of black; original-table junction correction
 114.3s P1100 -> L60 R150: left pair, needs >2.8cm of black; original-table junction correction
 114.3s P1100 -> L60 R150: left pair, needs >2.8cm of black; original-table junction correction
 114.3s P1100 -> L60 R150: left pair, needs >2.8cm of black; original-table junction correction
 114.4s P1100 -> L60 R150: left pair, needs >2.8cm of black; original-table junction correction
 114.4s P1100 -> L60 R150: left pair, needs >2.8cm of black; original-table junction correction
 114.4s P1100 -> L60 R150: left pair, needs >2.8cm of black; original-table junction correction
 114.4s P1100 -> L60 R150: left pair, needs >2.8cm of black; original-table junction correction
 114.4s P1100 -> L60 R150: left pair, needs >2.8cm of black; original-table junction correction
 114.4s P0100 -> L110 R150: drifting left, slight; original-table correction
 114.4s P0100 -> L110 R150: drifting left, slight; original-table correction
 114.4s P0100 -> L110 R150: drifting left, slight; original-table correction
 114.4s P0100 -> L110 R150: drifting left, slight; original-table correction
 114.5s P0100 -> L110 R150: drifting left, slight; original-table correction
 114.5s P0100 -> L110 R150: drifting left, slight; original-table correction
 114.5s P0100 -> L110 R150: drifting left, slight; original-table correction
 114.5s P0100 -> L110 R150: drifting left, slight; original-table correction
 114.5s P0100 -> L110 R150: drifting left, slight; original-table correction
 114.5s P0100 -> L110 R150: drifting left, slight; original-table correction
 114.5s P0100 -> L110 R150: drifting left, slight; original-table correction
 114.5s P0100 -> L110 R150: drifting left, slight; original-table correction
 114.5s P0100 -> L110 R150: drifting left, slight; original-table correction
 114.5s P0100 -> L110 R150: drifting left, slight; original-table correction
 114.6s P0100 -> L110 R150: drifting left, slight; original-table correction
 114.6s P0100 -> L110 R150: drifting left, slight; original-table correction
 114.6s P0100 -> L110 R150: drifting left, slight; original-table correction
 114.6s P0100 -> L110 R150: drifting left, slight; original-table correction
 114.6s P0100 -> L110 R150: drifting left, slight; original-table correction
 114.6s P0100 -> L110 R150: drifting left, slight; original-table correction
 114.6s P0100 -> L110 R150: drifting left, slight; original-table correction
 114.6s P0100 -> L110 R150: drifting left, slight; original-table correction
 114.6s P0100 -> L110 R150: drifting left, slight; original-table correction
 114.6s P0100 -> L110 R150: drifting left, slight; original-table correction
 114.7s P0100 -> L110 R150: drifting left, slight; original-table correction
 114.7s P0100 -> L110 R150: drifting left, slight; original-table correction
 114.7s P0100 -> L110 R150: drifting left, slight; original-table correction
 114.7s P0100 -> L110 R150: drifting left, slight; original-table correction
 114.7s P0100 -> L110 R150: drifting left, slight; original-table correction
 114.7s P0100 -> L110 R150: drifting left, slight; original-table correction
 114.7s P0100 -> L110 R150: drifting left, slight; original-table correction
 114.7s P0100 -> L110 R150: drifting left, slight; original-table correction
 114.7s P0100 -> L110 R150: drifting left, slight; original-table correction
 114.7s P0000 -> L60 R150: blind band; original-table correction
 114.8s P0000 -> L60 R150: blind band; original-table correction
 114.8s P0000 -> L60 R150: blind band; original-table correction
 114.8s P0000 -> L60 R150: blind band; original-table correction
 114.8s P0000 -> L60 R150: blind band; original-table correction
 114.8s P1000 -> L-150 R150: far left, outer sensor only; hard left; original-table correction
 114.8s P1000 -> L-150 R150: far left, outer sensor only; hard left; original-table correction
 114.8s P1000 -> L-150 R150: far left, outer sensor only; hard left; original-table correction
 114.8s P1000 -> L-150 R150: far left, outer sensor only; hard left; original-table correction
 114.8s P1000 -> L-150 R150: far left, outer sensor only; hard left; original-table correction
 114.8s P1000 -> L-150 R150: far left, outer sensor only; hard left; original-table correction
 114.9s P1000 -> L-150 R150: far left, outer sensor only; hard left; original-table correction
 114.9s P1000 -> L-150 R150: far left, outer sensor only; hard left; original-table correction
 114.9s P1000 -> L-150 R150: far left, outer sensor only; hard left; original-table correction
 114.9s P1000 -> L-150 R150: far left, outer sensor only; hard left; original-table correction
 114.9s P1000 -> L-150 R150: far left, outer sensor only; hard left; original-table correction
 114.9s P1000 -> L-150 R150: far left, outer sensor only; hard left; original-table correction
 114.9s P1100 -> L60 R150: left pair, needs >2.8cm of black; original-table junction correction
 114.9s P1100 -> L60 R150: left pair, needs >2.8cm of black; original-table junction correction
 114.9s P1100 -> L60 R150: left pair, needs >2.8cm of black; original-table junction correction
 114.9s P1100 -> L60 R150: left pair, needs >2.8cm of black; original-table junction correction
 115.0s P1100 -> L60 R150: left pair, needs >2.8cm of black; original-table junction correction
 115.0s P1100 -> L60 R150: left pair, needs >2.8cm of black; original-table junction correction
 115.0s P1100 -> L60 R150: left pair, needs >2.8cm of black; original-table junction correction
 115.0s P1100 -> L60 R150: left pair, needs >2.8cm of black; original-table junction correction
 115.0s P1100 -> L60 R150: left pair, needs >2.8cm of black; original-table junction correction
 115.0s P1100 -> L60 R150: left pair, needs >2.8cm of black; original-table junction correction
 115.0s P1100 -> L60 R150: left pair, needs >2.8cm of black; original-table junction correction
 115.0s P1100 -> L60 R150: left pair, needs >2.8cm of black; original-table junction correction
 115.0s P1100 -> L60 R150: left pair, needs >2.8cm of black; original-table junction correction
 115.0s P1100 -> L60 R150: left pair, needs >2.8cm of black; original-table junction correction
 115.1s P1100 -> L60 R150: left pair, needs >2.8cm of black; original-table junction correction
 115.1s P1100 -> L60 R150: left pair, needs >2.8cm of black; original-table junction correction
 115.1s P1100 -> L60 R150: left pair, needs >2.8cm of black; original-table junction correction
 115.1s P1100 -> L60 R150: left pair, needs >2.8cm of black; original-table junction correction
 115.1s P1100 -> L60 R150: left pair, needs >2.8cm of black; original-table junction correction
 115.1s P1100 -> L60 R150: left pair, needs >2.8cm of black; original-table junction correction
 115.1s P1100 -> L60 R150: left pair, needs >2.8cm of black; original-table junction correction
 115.1s P1100 -> L60 R150: left pair, needs >2.8cm of black; original-table junction correction
 115.1s P1100 -> L60 R150: left pair, needs >2.8cm of black; original-table junction correction
 115.1s P1100 -> L60 R150: left pair, needs >2.8cm of black; original-table junction correction
 115.2s P1100 -> L60 R150: left pair, needs >2.8cm of black; original-table junction correction
 115.2s P1100 -> L60 R150: left pair, needs >2.8cm of black; original-table junction correction
 115.2s P1100 -> L60 R150: left pair, needs >2.8cm of black; original-table junction correction
 115.2s P1100 -> L60 R150: left pair, needs >2.8cm of black; original-table junction correction
 115.2s P1100 -> L60 R150: left pair, needs >2.8cm of black; original-table junction correction
 115.2s P1100 -> L60 R150: left pair, needs >2.8cm of black; original-table junction correction
 115.2s P1100 -> L60 R150: left pair, needs >2.8cm of black; original-table junction correction
 115.2s P1100 -> L60 R150: left pair, needs >2.8cm of black; original-table junction correction
 115.2s P1100 -> L60 R150: left pair, needs >2.8cm of black; original-table junction correction
 115.2s P1100 -> L60 R150: left pair, needs >2.8cm of black; original-table junction correction
 115.3s P1100 -> L60 R150: left pair, needs >2.8cm of black; original-table junction correction
 115.3s P1100 -> L60 R150: left pair, needs >2.8cm of black; original-table junction correction
 115.3s P1100 -> L60 R150: left pair, needs >2.8cm of black; original-table junction correction
 115.3s P1100 -> L60 R150: left pair, needs >2.8cm of black; original-table junction correction
 115.3s P1100 -> L60 R150: left pair, needs >2.8cm of black; original-table junction correction
 115.3s P1100 -> L60 R150: left pair, needs >2.8cm of black; original-table junction correction
 115.3s P1100 -> L60 R150: left pair, needs >2.8cm of black; original-table junction correction
 115.3s P1100 -> L60 R150: left pair, needs >2.8cm of black; original-table junction correction
 115.3s P1100 -> L60 R150: left pair, needs >2.8cm of black; original-table junction correction
 115.3s P1100 -> L60 R150: left pair, needs >2.8cm of black; original-table junction correction
 115.4s P0100 -> L110 R150: drifting left, slight; original-table correction
 115.4s P0100 -> L110 R150: drifting left, slight; original-table correction
 115.4s P0100 -> L110 R150: drifting left, slight; original-table correction
 115.4s P0100 -> L110 R150: drifting left, slight; original-table correction
 115.4s P0100 -> L110 R150: drifting left, slight; original-table correction
 115.4s P0100 -> L110 R150: drifting left, slight; original-table correction
 115.4s P0100 -> L110 R150: drifting left, slight; original-table correction
 115.4s P0100 -> L110 R150: drifting left, slight; original-table correction
 115.4s P0100 -> L110 R150: drifting left, slight; original-table correction
 115.4s P0100 -> L110 R150: drifting left, slight; original-table correction
 115.5s P0100 -> L110 R150: drifting left, slight; original-table correction
 115.5s P0100 -> L110 R150: drifting left, slight; original-table correction
 115.5s P0100 -> L110 R150: drifting left, slight; original-table correction
 115.5s P0100 -> L110 R150: drifting left, slight; original-table correction
 115.5s P0100 -> L110 R150: drifting left, slight; original-table correction
 115.5s P0100 -> L110 R150: drifting left, slight; original-table correction
 115.5s P0100 -> L110 R150: drifting left, slight; original-table correction
 115.5s P0100 -> L110 R150: drifting left, slight; original-table correction
 115.5s P0100 -> L110 R150: drifting left, slight; original-table correction
 115.5s P0100 -> L110 R150: drifting left, slight; original-table correction
 115.6s P0100 -> L110 R150: drifting left, slight; original-table correction
 115.6s P0100 -> L110 R150: drifting left, slight; original-table correction
 115.6s P0100 -> L110 R150: drifting left, slight; original-table correction
 115.6s P0100 -> L110 R150: drifting left, slight; original-table correction
 115.6s P0100 -> L110 R150: drifting left, slight; original-table correction
 115.6s P0100 -> L110 R150: drifting left, slight; original-table correction
 115.6s P0100 -> L110 R150: drifting left, slight; original-table correction
 115.6s P0100 -> L110 R150: drifting left, slight; original-table correction
 115.6s P0100 -> L110 R150: drifting left, slight; original-table correction
 115.6s P0100 -> L110 R150: drifting left, slight; original-table correction
 115.7s P0100 -> L110 R150: drifting left, slight; original-table correction
 115.7s P0100 -> L110 R150: drifting left, slight; original-table correction
 115.7s P0100 -> L110 R150: drifting left, slight; original-table correction
 115.7s P0000 -> L60 R150: blind band; original-table correction
 115.7s P0000 -> L60 R150: blind band; original-table correction
 115.7s P0000 -> L60 R150: blind band; original-table correction
 115.7s P0000 -> L60 R150: blind band; original-table correction
 115.7s P0000 -> L60 R150: blind band; original-table correction
 115.7s P0000 -> L60 R150: blind band; original-table correction
 115.7s P1000 -> L-150 R150: far left, outer sensor only; hard left; original-table correction
 115.8s P1000 -> L-150 R150: far left, outer sensor only; hard left; original-table correction
 115.8s P1000 -> L-150 R150: far left, outer sensor only; hard left; original-table correction
 115.8s P1000 -> L-150 R150: far left, outer sensor only; hard left; original-table correction
 115.8s P1000 -> L-150 R150: far left, outer sensor only; hard left; original-table correction
 115.8s P1000 -> L-150 R150: far left, outer sensor only; hard left; original-table correction
 115.8s P1000 -> L-150 R150: far left, outer sensor only; hard left; original-table correction
 115.8s P1000 -> L-150 R150: far left, outer sensor only; hard left; original-table correction
 115.8s P1000 -> L-150 R150: far left, outer sensor only; hard left; original-table correction
 115.8s P1000 -> L-150 R150: far left, outer sensor only; hard left; original-table correction
 115.8s P1000 -> L-150 R150: far left, outer sensor only; hard left; original-table correction
 115.9s P1000 -> L-150 R150: far left, outer sensor only; hard left; original-table correction
 115.9s P1000 -> L-150 R150: far left, outer sensor only; hard left; original-table correction
 115.9s P1000 -> L-150 R150: far left, outer sensor only; hard left; original-table correction
 115.9s P1000 -> L-150 R150: far left, outer sensor only; hard left; original-table correction
 115.9s P1000 -> L-150 R150: far left, outer sensor only; hard left; original-table correction
 115.9s P1100 -> L60 R150: left pair, needs >2.8cm of black; original-table junction correction
 115.9s P1100 -> L60 R150: left pair, needs >2.8cm of black; original-table junction correction
 115.9s P1100 -> L60 R150: left pair, needs >2.8cm of black; original-table junction correction
 115.9s P1100 -> L60 R150: left pair, needs >2.8cm of black; original-table junction correction
 115.9s P1100 -> L60 R150: left pair, needs >2.8cm of black; original-table junction correction
 116.0s P1100 -> L60 R150: left pair, needs >2.8cm of black; original-table junction correction
 116.0s P0100 -> L110 R150: drifting left, slight; original-table correction
 116.0s P0100 -> L110 R150: drifting left, slight; original-table correction
 116.0s P0100 -> L110 R150: drifting left, slight; original-table correction
 116.0s P0000 -> L60 R150: blind band; original-table correction
 116.0s P0000 -> L60 R150: blind band; original-table correction
 116.0s P0000 -> L60 R150: blind band; original-table correction
 116.0s P0000 -> L60 R150: blind band; original-table correction
 116.0s P0000 -> L60 R150: blind band; original-table correction
 116.0s P0000 -> L60 R150: blind band; original-table correction
 116.1s P0000 -> L60 R150: blind band; original-table correction
 116.1s P0000 -> L60 R150: blind band; original-table correction
 116.1s P0000 -> L60 R150: blind band; original-table correction
 116.1s P0000 -> L60 R150: blind band; original-table correction
 116.1s P0000 -> L60 R150: blind band; original-table correction
 116.1s P0000 -> L60 R150: blind band; original-table correction
 116.1s P0000 -> L60 R150: blind band; original-table correction
 116.1s P0000 -> L60 R150: blind band; original-table correction
 116.1s P0000 -> L60 R150: blind band; original-table correction
 116.1s P0000 -> L60 R150: blind band; original-table correction
 116.2s P0000 -> L60 R150: blind band; original-table correction
 116.2s P0000 -> L60 R150: blind band; original-table correction
 116.2s P0000 -> L60 R150: blind band; original-table correction
 116.2s P0000 -> L60 R150: blind band; original-table correction
 116.2s P0000 -> L60 R150: blind band; original-table correction
 116.2s P0100 -> L110 R150: drifting left, slight; original-table correction
 116.2s P0100 -> L110 R150: drifting left, slight; original-table correction
 116.2s P0100 -> L110 R150: drifting left, slight; original-table correction
 116.2s P0100 -> L110 R150: drifting left, slight; original-table correction
 116.3s P0100 -> L110 R150: drifting left, slight; original-table correction
 116.3s P0000 -> L60 R150: blind band; original-table correction
 116.3s P0000 -> L60 R150: blind band; original-table correction
 116.3s P0000 -> L60 R150: blind band; original-table correction
 116.3s P0000 -> L60 R150: blind band; original-table correction
 116.3s P0000 -> L60 R150: blind band; original-table correction
 116.3s P0000 -> L60 R150: blind band; original-table correction
 116.3s P0000 -> L60 R150: blind band; original-table correction
 116.3s P0000 -> L60 R150: blind band; original-table correction
 116.3s P0000 -> L60 R150: blind band; original-table correction
 116.4s P0000 -> L60 R150: blind band; original-table correction
 116.4s P0000 -> L60 R150: blind band; original-table correction
 116.4s P0000 -> L60 R150: blind band; original-table correction
 116.4s P0000 -> L60 R150: blind band; original-table correction
 116.4s P0000 -> L60 R150: blind band; original-table correction
 116.4s P0000 -> L60 R150: blind band; original-table correction
 116.4s P0000 -> L60 R150: blind band; original-table correction
 116.4s P0100 -> L110 R150: drifting left, slight; original-table correction
 116.4s P0100 -> L110 R150: drifting left, slight; original-table correction
 116.4s P0100 -> L110 R150: drifting left, slight; original-table correction
 116.5s P0100 -> L110 R150: drifting left, slight; original-table correction
 116.5s P0100 -> L110 R150: drifting left, slight; original-table correction
 116.5s P0100 -> L110 R150: drifting left, slight; original-table correction
 116.5s P0100 -> L110 R150: drifting left, slight; original-table correction
 116.5s P0000 -> L60 R150: blind band; original-table correction
 116.5s P0000 -> L60 R150: blind band; original-table correction
 116.5s P0000 -> L60 R150: blind band; original-table correction
 116.5s P0000 -> L60 R150: blind band; original-table correction
 116.5s P0000 -> L60 R150: blind band; original-table correction
 116.5s P0000 -> L60 R150: blind band; original-table correction
 116.6s P0000 -> L60 R150: blind band; original-table correction
 116.6s P0000 -> L60 R150: blind band; original-table correction
 116.6s P0000 -> L60 R150: blind band; original-table correction
 116.6s P0000 -> L60 R150: blind band; original-table correction
 116.6s P0000 -> L60 R150: blind band; original-table correction
 116.6s P0000 -> L60 R150: blind band; original-table correction
 116.6s P0000 -> L60 R150: blind band; original-table correction
 116.6s P0000 -> L60 R150: blind band; original-table correction
 116.6s P0000 -> L60 R150: blind band; original-table correction
 116.6s P0000 -> L60 R150: blind band; original-table correction
 116.7s P0000 -> L60 R150: blind band; original-table correction
 116.7s P0000 -> L60 R150: blind band; original-table correction
 116.7s P0000 -> L60 R150: blind band; original-table correction
 116.7s P0000 -> L60 R150: blind band; original-table correction
 116.7s P0000 -> L60 R150: blind band; original-table correction
 116.7s P0000 -> L60 R150: blind band; original-table correction
 116.7s P0000 -> L60 R150: blind band; original-table correction
 116.7s P0000 -> L60 R150: blind band; original-table correction
 116.7s P0000 -> L60 R150: blind band; original-table correction
 116.7s P0000 -> L60 R150: blind band; original-table correction
 116.8s P0000 -> L60 R150: blind band; original-table correction
 116.8s P0000 -> L60 R150: blind band; original-table correction
 116.8s P0000 -> L60 R150: blind band; original-table correction
 116.8s P0000 -> L60 R150: blind band; original-table correction
 116.8s P0000 -> L60 R150: blind band; original-table correction
 116.8s P0100 -> L110 R150: drifting left, slight; original-table correction
 116.8s P0100 -> L110 R150: drifting left, slight; original-table correction
 116.8s P0100 -> L110 R150: drifting left, slight; original-table correction
 116.8s P0100 -> L110 R150: drifting left, slight; original-table correction
 116.8s P0100 -> L110 R150: drifting left, slight; original-table correction
 116.9s P0100 -> L110 R150: drifting left, slight; original-table correction
 116.9s P0100 -> L110 R150: drifting left, slight; original-table correction
 116.9s P0100 -> L110 R150: drifting left, slight; original-table correction
 116.9s P0000 -> L60 R150: blind band; original-table correction
 116.9s P0000 -> L60 R150: blind band; original-table correction
 116.9s P0000 -> L60 R150: blind band; original-table correction
 116.9s P0000 -> L60 R150: blind band; original-table correction
 116.9s P0000 -> L60 R150: blind band; original-table correction
 116.9s P0000 -> L60 R150: blind band; original-table correction
 116.9s P0000 -> L60 R150: blind band; original-table correction
 117.0s P0000 -> L60 R150: blind band; original-table correction
 117.0s P0000 -> L60 R150: blind band; original-table correction
 117.0s P0000 -> L60 R150: blind band; original-table correction
 117.0s P0000 -> L60 R150: blind band; original-table correction
 117.0s P0000 -> L60 R150: blind band; original-table correction
 117.0s P0000 -> L60 R150: blind band; original-table correction
 117.0s P0000 -> L60 R150: blind band; original-table correction
 117.0s P0000 -> L60 R150: blind band; original-table correction
 117.0s P0000 -> L60 R150: blind band; original-table correction
 117.0s P0100 -> L110 R150: drifting left, slight; original-table correction
 117.1s P0100 -> L110 R150: drifting left, slight; original-table correction
 117.1s P0100 -> L110 R150: drifting left, slight; original-table correction
 117.1s P0100 -> L110 R150: drifting left, slight; original-table correction
 117.1s P0100 -> L110 R150: drifting left, slight; original-table correction
 117.1s P0100 -> L110 R150: drifting left, slight; original-table correction
 117.1s P0100 -> L110 R150: drifting left, slight; original-table correction
 117.1s P0100 -> L110 R150: drifting left, slight; original-table correction
 117.1s P0100 -> L110 R150: drifting left, slight; original-table correction
 117.1s P0100 -> L110 R150: drifting left, slight; original-table correction
 117.1s P0100 -> L110 R150: drifting left, slight; original-table correction
 117.2s P0100 -> L110 R150: drifting left, slight; original-table correction
 117.2s P0100 -> L110 R150: drifting left, slight; original-table correction
 117.2s P0100 -> L110 R150: drifting left, slight; original-table correction
 117.2s P0100 -> L110 R150: drifting left, slight; original-table correction
 117.2s P0100 -> L110 R150: drifting left, slight; original-table correction
 117.2s P0100 -> L110 R150: drifting left, slight; original-table correction
 117.2s P0100 -> L110 R150: drifting left, slight; original-table correction
 117.2s P0100 -> L110 R150: drifting left, slight; original-table correction
 117.2s P0100 -> L110 R150: drifting left, slight; original-table correction
 117.2s P0100 -> L110 R150: drifting left, slight; original-table correction
 117.3s P0100 -> L110 R150: drifting left, slight; original-table correction
 117.3s P0100 -> L110 R150: drifting left, slight; original-table correction
 117.3s P0100 -> L110 R150: drifting left, slight; original-table correction
 117.3s P0100 -> L110 R150: drifting left, slight; original-table correction
 117.3s P0100 -> L110 R150: drifting left, slight; original-table correction
 117.3s P0100 -> L110 R150: drifting left, slight; original-table correction
 117.3s P0100 -> L110 R150: drifting left, slight; original-table correction
 117.3s P0100 -> L110 R150: drifting left, slight; original-table correction
 117.3s P0100 -> L110 R150: drifting left, slight; original-table correction
 117.3s P0100 -> L110 R150: drifting left, slight; original-table correction
 117.4s P0100 -> L110 R150: drifting left, slight; original-table correction
 117.4s P0100 -> L110 R150: drifting left, slight; original-table correction
 117.4s P0100 -> L110 R150: drifting left, slight; original-table correction
 117.4s P0100 -> L110 R150: drifting left, slight; original-table correction
 117.4s P0100 -> L110 R150: drifting left, slight; original-table correction
 117.4s P0100 -> L110 R150: drifting left, slight; original-table correction
 117.4s P0100 -> L110 R150: drifting left, slight; original-table correction
 117.4s P0000 -> L60 R150: blind band; original-table correction
 117.4s P0000 -> L60 R150: blind band; original-table correction
 117.4s P0000 -> L60 R150: blind band; original-table correction
 117.5s P0000 -> L60 R150: blind band; original-table correction
 117.5s P0000 -> L60 R150: blind band; original-table correction
 117.5s P0000 -> L60 R150: blind band; original-table correction
 117.5s P0000 -> L60 R150: blind band; original-table correction
 117.5s P0000 -> L60 R150: blind band; original-table correction
 117.5s P0000 -> L60 R150: blind band; original-table correction
 117.5s P0000 -> L60 R150: blind band; original-table correction
 117.5s P0000 -> L60 R150: blind band; original-table correction
 117.5s P0000 -> L60 R150: blind band; original-table correction
 117.5s P0000 -> L60 R150: blind band; original-table correction
 117.6s P0100 -> L110 R150: drifting left, slight; original-table correction
 117.6s P0100 -> L110 R150: drifting left, slight; original-table correction
 117.6s P0100 -> L110 R150: drifting left, slight; original-table correction
 117.6s P0100 -> L110 R150: drifting left, slight; original-table correction
 117.6s P0100 -> L110 R150: drifting left, slight; original-table correction
 117.6s P0100 -> L110 R150: drifting left, slight; original-table correction
 117.6s P0000 -> L60 R150: blind band; original-table correction
 117.6s P0000 -> L60 R150: blind band; original-table correction
 117.6s P0000 -> L60 R150: blind band; original-table correction
 117.6s P0000 -> L60 R150: blind band; original-table correction
 117.7s P0000 -> L60 R150: blind band; original-table correction
 117.7s P0000 -> L60 R150: blind band; original-table correction
 117.7s P0000 -> L60 R150: blind band; original-table correction
 117.7s P0000 -> L60 R150: blind band; original-table correction
 117.7s P0000 -> L60 R150: blind band; original-table correction
 117.7s P0000 -> L60 R150: blind band; original-table correction
 117.7s P0000 -> L60 R150: blind band; original-table correction
 117.7s P0000 -> L60 R150: blind band; original-table correction
 117.7s P0000 -> L60 R150: blind band; original-table correction
 117.7s P0000 -> L60 R150: blind band; original-table correction
 117.8s P0000 -> L60 R150: blind band; original-table correction
 117.8s P0000 -> L60 R150: blind band; original-table correction
 117.8s P0000 -> L60 R150: blind band; original-table correction
 117.8s P0000 -> L60 R150: blind band; original-table correction
 117.8s P0000 -> L60 R150: blind band; original-table correction
 117.8s P0000 -> L60 R150: blind band; original-table correction
 117.8s P0000 -> L60 R150: blind band; original-table correction
 117.8s P0000 -> L60 R150: blind band; original-table correction
 117.8s P0000 -> L60 R150: blind band; original-table correction
 117.8s P0000 -> L60 R150: blind band; original-table correction
 117.9s P0000 -> L60 R150: blind band; original-table correction
 117.9s P0000 -> L60 R150: blind band; original-table correction
 117.9s P0000 -> L60 R150: blind band; original-table correction
 117.9s P0000 -> L60 R150: blind band; original-table correction
 117.9s P0000 -> L60 R150: blind band; original-table correction
 117.9s P0000 -> L60 R150: blind band; original-table correction
 117.9s P0000 -> L60 R150: blind band; original-table correction
 117.9s P0000 -> L60 R150: blind band; original-table correction
 117.9s P0000 -> L60 R150: blind band; original-table correction
 118.0s P0000 -> L60 R150: blind band; original-table correction
 118.0s P0000 -> L60 R150: blind band; original-table correction
 118.0s P0000 -> L60 R150: blind band; original-table correction
 118.0s P1000 -> L-150 R150: far left, outer sensor only; hard left; original-table correction
 118.0s P1000 -> L-150 R150: far left, outer sensor only; hard left; original-table correction
 118.0s P1000 -> L-150 R150: far left, outer sensor only; hard left; original-table correction
 118.0s P1000 -> L-150 R150: far left, outer sensor only; hard left; original-table correction
 118.0s P1000 -> L-150 R150: far left, outer sensor only; hard left; original-table correction
 118.0s P1000 -> L-150 R150: far left, outer sensor only; hard left; original-table correction
 118.0s P1000 -> L-150 R150: far left, outer sensor only; hard left; original-table correction
 118.1s P1000 -> L-150 R150: far left, outer sensor only; hard left; original-table correction
 118.1s P1000 -> L-150 R150: far left, outer sensor only; hard left; original-table correction
 118.1s P1000 -> L-150 R150: far left, outer sensor only; hard left; original-table correction
 118.1s P1000 -> L-150 R150: far left, outer sensor only; hard left; original-table correction
 118.1s P1000 -> L-150 R150: far left, outer sensor only; hard left; original-table correction
 118.1s P1000 -> L-150 R150: far left, outer sensor only; hard left; original-table correction
 118.1s P1000 -> L-150 R150: far left, outer sensor only; hard left; original-table correction
 118.1s P1000 -> L-150 R150: far left, outer sensor only; hard left; original-table correction
 118.1s P1000 -> L-150 R150: far left, outer sensor only; hard left; original-table correction
 118.1s P1000 -> L-150 R150: far left, outer sensor only; hard left; original-table correction
 118.2s P1000 -> L-150 R150: far left, outer sensor only; hard left; original-table correction
 118.2s P0000 -> L150 R150: blind band or line lost; original-table forward
 118.2s P0000 -> L150 R150: blind band or line lost; original-table forward
 118.2s P0000 -> L150 R150: blind band or line lost; original-table forward
 118.2s P0000 -> L150 R150: blind band or line lost; original-table forward
 118.2s P0000 -> L150 R150: blind band or line lost; original-table forward
 118.2s P0000 -> L150 R150: blind band or line lost; original-table forward
 118.2s P0000 -> L150 R150: blind band or line lost; original-table forward
 118.2s P0000 -> L150 R150: blind band or line lost; original-table forward
 118.2s P0000 -> L150 R150: blind band or line lost; original-table forward
 118.3s P0000 -> L150 R150: blind band or line lost; original-table forward
 118.3s P0000 -> L150 R150: blind band or line lost; original-table forward
 118.3s P0000 -> L150 R150: blind band or line lost; original-table forward
 118.3s P0000 -> L150 R150: blind band or line lost; original-table forward
 118.3s P0000 -> L150 R150: blind band or line lost; original-table forward
 118.3s P0000 -> L150 R150: blind band or line lost; original-table forward
 118.3s P0000 -> L150 R150: blind band or line lost; original-table forward
 118.3s P0000 -> L150 R150: blind band or line lost; original-table forward
 118.3s P0000 -> L150 R150: blind band or line lost; original-table forward
 118.3s P0000 -> L150 R150: blind band or line lost; original-table forward
 118.4s P0000 -> L150 R150: blind band or line lost; original-table forward
 118.4s P0000 -> L150 R150: blind band or line lost; original-table forward
 118.4s P0000 -> L150 R150: blind band or line lost; original-table forward
 118.4s P0000 -> L150 R150: blind band or line lost; original-table forward
 118.4s P0000 -> L150 R150: blind band or line lost; original-table forward
 118.4s P0000 -> L150 R150: blind band or line lost; original-table forward
 118.4s P1000 -> L-150 R150: far left, outer sensor only; hard left; original-table correction
 118.4s P1000 -> L-150 R150: far left, outer sensor only; hard left; original-table correction
 118.4s P1000 -> L-150 R150: far left, outer sensor only; hard left; original-table correction
 118.4s P1000 -> L-150 R150: far left, outer sensor only; hard left; original-table correction
 118.5s P1000 -> L-150 R150: far left, outer sensor only; hard left; original-table correction
 118.5s P1000 -> L-150 R150: far left, outer sensor only; hard left; original-table correction
 118.5s P1000 -> L-150 R150: far left, outer sensor only; hard left; original-table correction
 118.5s P1000 -> L-150 R150: far left, outer sensor only; hard left; original-table correction
 118.5s P1000 -> L-150 R150: far left, outer sensor only; hard left; original-table correction
 118.5s P1000 -> L-150 R150: far left, outer sensor only; hard left; original-table correction
 118.5s P1000 -> L-150 R150: far left, outer sensor only; hard left; original-table correction
 118.5s P1000 -> L-150 R150: far left, outer sensor only; hard left; original-table correction
 118.5s P1000 -> L-150 R150: far left, outer sensor only; hard left; original-table correction
 118.5s P1000 -> L-150 R150: far left, outer sensor only; hard left; original-table correction
 118.6s P1000 -> L-150 R150: far left, outer sensor only; hard left; original-table correction
 118.6s P1000 -> L-150 R150: far left, outer sensor only; hard left; original-table correction
 118.6s P1000 -> L-150 R150: far left, outer sensor only; hard left; original-table correction
 118.6s P1000 -> L-150 R150: far left, outer sensor only; hard left; original-table correction
 118.6s P1000 -> L-150 R150: far left, outer sensor only; hard left; original-table correction
 118.6s P1000 -> L-150 R150: far left, outer sensor only; hard left; original-table correction
 118.6s P1000 -> L-150 R150: far left, outer sensor only; hard left; original-table correction
 118.6s P1000 -> L-150 R150: far left, outer sensor only; hard left; original-table correction
 118.6s P1000 -> L-150 R150: far left, outer sensor only; hard left; original-table correction
 118.6s P0000 -> L150 R150: blind band or line lost; original-table forward
 118.7s P0000 -> L150 R150: blind band or line lost; original-table forward
 118.7s P0000 -> L150 R150: blind band or line lost; original-table forward
 118.7s P0000 -> L150 R150: blind band or line lost; original-table forward
 118.7s P0000 -> L150 R150: blind band or line lost; original-table forward
 118.7s P0000 -> L150 R150: blind band or line lost; original-table forward
 118.7s P0000 -> L150 R150: blind band or line lost; original-table forward
 118.7s P0000 -> L150 R150: blind band or line lost; original-table forward
 118.7s P0000 -> L150 R150: blind band or line lost; original-table forward
 118.7s P0000 -> L150 R150: blind band or line lost; original-table forward
 118.7s P0000 -> L150 R150: blind band or line lost; original-table forward
 118.8s P0000 -> L150 R150: blind band or line lost; original-table forward
 118.8s P0000 -> L150 R150: blind band or line lost; original-table forward
 118.8s P0000 -> L150 R150: blind band or line lost; original-table forward
 118.8s P0000 -> L150 R150: blind band or line lost; original-table forward
 118.8s P0000 -> L150 R150: blind band or line lost; original-table forward
 118.8s P0000 -> L150 R150: blind band or line lost; original-table forward
 118.8s P0000 -> L150 R150: blind band or line lost; original-table forward
 118.8s P0000 -> L150 R150: blind band or line lost; original-table forward
 118.8s P0000 -> L150 R150: blind band or line lost; original-table forward
 118.8s P0000 -> L150 R150: blind band or line lost; original-table forward
 118.9s P0000 -> L150 R150: blind band or line lost; original-table forward
 118.9s P0000 -> L150 R150: blind band or line lost; original-table forward
 118.9s P0000 -> L150 R150: blind band or line lost; original-table forward
 118.9s P0000 -> L150 R150: blind band or line lost; original-table forward
 118.9s P0000 -> L150 R150: blind band or line lost; original-table forward
 118.9s P0000 -> L150 R150: blind band or line lost; original-table forward
 118.9s P1000 -> L-150 R150: far left, outer sensor only; hard left; original-table correction
 118.9s P1000 -> L-150 R150: far left, outer sensor only; hard left; original-table correction
 118.9s P1000 -> L-150 R150: far left, outer sensor only; hard left; original-table correction
 118.9s P1000 -> L-150 R150: far left, outer sensor only; hard left; original-table correction
 119.0s P1000 -> L-150 R150: far left, outer sensor only; hard left; original-table correction
 119.0s P1000 -> L-150 R150: far left, outer sensor only; hard left; original-table correction
 119.0s P1000 -> L-150 R150: far left, outer sensor only; hard left; original-table correction
 119.0s P1000 -> L-150 R150: far left, outer sensor only; hard left; original-table correction
 119.0s P1000 -> L-150 R150: far left, outer sensor only; hard left; original-table correction
 119.0s P1000 -> L-150 R150: far left, outer sensor only; hard left; original-table correction
 119.0s P1000 -> L-150 R150: far left, outer sensor only; hard left; original-table correction
 119.0s P1000 -> L-150 R150: far left, outer sensor only; hard left; original-table correction
 119.0s P1000 -> L-150 R150: far left, outer sensor only; hard left; original-table correction
 119.0s P1000 -> L-150 R150: far left, outer sensor only; hard left; original-table correction
 119.1s P1000 -> L-150 R150: far left, outer sensor only; hard left; original-table correction
 119.1s P1000 -> L-150 R150: far left, outer sensor only; hard left; original-table correction
 119.1s P1000 -> L-150 R150: far left, outer sensor only; hard left; original-table correction
 119.1s P1000 -> L-150 R150: far left, outer sensor only; hard left; original-table correction
 119.1s P1000 -> L-150 R150: far left, outer sensor only; hard left; original-table correction
 119.1s P1000 -> L-150 R150: far left, outer sensor only; hard left; original-table correction
 119.1s P1000 -> L-150 R150: far left, outer sensor only; hard left; original-table correction
 119.1s P1000 -> L-150 R150: far left, outer sensor only; hard left; original-table correction
 119.1s P1000 -> L-150 R150: far left, outer sensor only; hard left; original-table correction
 119.1s P1000 -> L-150 R150: far left, outer sensor only; hard left; original-table correction
 119.2s P1000 -> L-150 R150: far left, outer sensor only; hard left; original-table correction
 119.2s P1000 -> L-150 R150: far left, outer sensor only; hard left; original-table correction
 119.2s P1000 -> L-150 R150: far left, outer sensor only; hard left; original-table correction
 119.2s P1000 -> L-150 R150: far left, outer sensor only; hard left; original-table correction
 119.2s P0000 -> L150 R150: blind band or line lost; original-table forward
 119.2s P0000 -> L150 R150: blind band or line lost; original-table forward
 119.2s P0000 -> L150 R150: blind band or line lost; original-table forward
 119.2s P0000 -> L150 R150: blind band or line lost; original-table forward
 119.2s P0000 -> L150 R150: blind band or line lost; original-table forward
 119.2s P0000 -> L150 R150: blind band or line lost; original-table forward
 119.3s P0000 -> L150 R150: blind band or line lost; original-table forward
 119.3s P0000 -> L150 R150: blind band or line lost; original-table forward
 119.3s P0000 -> L150 R150: blind band or line lost; original-table forward
 119.3s P0000 -> L150 R150: blind band or line lost; original-table forward
 119.3s P0000 -> L150 R150: blind band or line lost; original-table forward
 119.3s P0000 -> L150 R150: blind band or line lost; original-table forward
 119.3s P0000 -> L150 R150: blind band or line lost; original-table forward
 119.3s P0000 -> L150 R150: blind band or line lost; original-table forward
 119.3s P0000 -> L150 R150: blind band or line lost; original-table forward
 119.3s P0000 -> L150 R150: blind band or line lost; original-table forward
 119.4s P0000 -> L150 R150: blind band or line lost; original-table forward
 119.4s P0000 -> L150 R150: blind band or line lost; original-table forward
 119.4s P0000 -> L150 R150: blind band or line lost; original-table forward
 119.4s P0000 -> L150 R150: blind band or line lost; original-table forward
 119.4s P0000 -> L150 R150: blind band or line lost; original-table forward
 119.4s P0000 -> L150 R150: blind band or line lost; original-table forward
 119.4s P0000 -> L150 R150: blind band or line lost; original-table forward
 119.4s P0000 -> L150 R150: blind band or line lost; original-table forward
 119.4s P0000 -> L150 R150: blind band or line lost; original-table forward
 119.4s P0000 -> L150 R150: blind band or line lost; original-table forward
 119.5s P1000 -> L-150 R150: far left, outer sensor only; hard left; original-table correction
 119.5s P1000 -> L-150 R150: far left, outer sensor only; hard left; original-table correction
 119.5s P1000 -> L-150 R150: far left, outer sensor only; hard left; original-table correction
 119.5s P1000 -> L-150 R150: far left, outer sensor only; hard left; original-table correction
 119.5s P1000 -> L-150 R150: far left, outer sensor only; hard left; original-table correction
 119.5s P1000 -> L-150 R150: far left, outer sensor only; hard left; original-table correction
 119.5s P1000 -> L-150 R150: far left, outer sensor only; hard left; original-table correction
 119.5s P1000 -> L-150 R150: far left, outer sensor only; hard left; original-table correction
 119.5s P1000 -> L-150 R150: far left, outer sensor only; hard left; original-table correction
 119.5s P1000 -> L-150 R150: far left, outer sensor only; hard left; original-table correction
 119.6s P1000 -> L-150 R150: far left, outer sensor only; hard left; original-table correction
 119.6s P1000 -> L-150 R150: far left, outer sensor only; hard left; original-table correction
 119.6s P1000 -> L-150 R150: far left, outer sensor only; hard left; original-table correction
 119.6s P1000 -> L-150 R150: far left, outer sensor only; hard left; original-table correction
 119.6s P1000 -> L-150 R150: far left, outer sensor only; hard left; original-table correction
 119.6s P1000 -> L-150 R150: far left, outer sensor only; hard left; original-table correction
 119.6s P1000 -> L-150 R150: far left, outer sensor only; hard left; original-table correction
 119.6s P1000 -> L-150 R150: far left, outer sensor only; hard left; original-table correction
 119.6s P1000 -> L-150 R150: far left, outer sensor only; hard left; original-table correction
 119.7s P1000 -> L-150 R150: far left, outer sensor only; hard left; original-table correction
 119.7s P1000 -> L-150 R150: far left, outer sensor only; hard left; original-table correction
 119.7s P0000 -> L150 R150: blind band or line lost; original-table forward
 119.7s P0000 -> L150 R150: blind band or line lost; original-table forward
 119.7s P0000 -> L150 R150: blind band or line lost; original-table forward
 119.7s P0000 -> L150 R150: blind band or line lost; original-table forward
 119.7s P0000 -> L150 R150: blind band or line lost; original-table forward
 119.7s P0000 -> L150 R150: blind band or line lost; original-table forward
 119.7s P0000 -> L150 R150: blind band or line lost; original-table forward
 119.7s P0000 -> L150 R150: blind band or line lost; original-table forward
 119.8s P0000 -> L150 R150: blind band or line lost; original-table forward
 119.8s P0000 -> L150 R150: blind band or line lost; original-table forward
 119.8s P0000 -> L150 R150: blind band or line lost; original-table forward
 119.8s P0000 -> L150 R150: blind band or line lost; original-table forward
 119.8s P0000 -> L150 R150: blind band or line lost; original-table forward
 119.8s P0000 -> L150 R150: blind band or line lost; original-table forward
 119.8s P0000 -> L150 R150: blind band or line lost; original-table forward
 119.8s P0000 -> L150 R150: blind band or line lost; original-table forward
 119.8s P0000 -> L150 R150: blind band or line lost; original-table forward
 119.8s P0000 -> L150 R150: blind band or line lost; original-table forward
 119.9s P0000 -> L150 R150: blind band or line lost; original-table forward
 119.9s P0000 -> L150 R150: blind band or line lost; original-table forward
 119.9s P0000 -> L150 R150: blind band or line lost; original-table forward
 119.9s P0000 -> L150 R150: blind band or line lost; original-table forward
 119.9s P0000 -> L150 R150: blind band or line lost; original-table forward
 119.9s P0000 -> L150 R150: blind band or line lost; original-table forward
 119.9s P0000 -> L150 R150: blind band or line lost; original-table forward
 119.9s P0000 -> L150 R150: blind band or line lost; original-table forward
 119.9s P1000 -> L-150 R150: far left, outer sensor only; hard left; original-table correction
 119.9s P1000 -> L-150 R150: far left, outer sensor only; hard left; original-table correction
 120.0s P1000 -> L-150 R150: far left, outer sensor only; hard left; original-table correction
 120.0s P1000 -> L-150 R150: far left, outer sensor only; hard left; original-table correction
 120.0s P1000 -> L-150 R150: far left, outer sensor only; hard left; original-table correction
 120.0s P1000 -> L-150 R150: far left, outer sensor only; hard left; original-table correction
 120.0s P1000 -> L-150 R150: far left, outer sensor only; hard left; original-table correction
